Gender,Senior Citizen,Partner,Dependents,Tenure Months,Phone Service,Multiple Lines,Online Security,Online Backup,Device Protection,Tech Support,Streaming TV,Streaming Movies,Contract,Paperless Billing,Monthly Charges,Total Charges,Internet Service_DSL,Internet Service_Fiber optic,Internet Service_No,Payment Method_Bank transfer (automatic),Payment Method_Credit card (automatic),Payment Method_Electronic check,Payment Method_Mailed check,Charges Per Month,Num Services,Tenure Group,High Value Customer,Auto Payment,Churn Probability,SHAP Magnitude,Actual Churn,Risk Tier
1,1,1,0,-1.038161792198114,1,1,0,0,0,0,0,0,0,1,0.3325290982832165,-0.7948279053722519,0,1,0,0,0,1,0,0.0484454568921263,2,0,0,0,0.8867,0.1219,0,High
1,1,0,0,-0.5490290431570309,1,0,0,0,1,0,1,1,0,1,1.03263547251346,-0.2245316437623179,0,1,0,0,1,0,0,0.9754286843283424,4,1,1,1,0.4411,0.183,1,Medium
0,0,0,1,-1.2827281667186554,1,0,0,0,0,0,0,0,0,0,-0.6286620758381146,-0.9886399563723248,1,0,0,0,0,0,1,-1.1884075179590283,1,0,0,0,0.4937,0.1925,1,Medium
0,0,0,0,0.1439090179845032,1,0,1,1,1,1,1,1,1,0,0.6983804102325122,0.3162053020793373,1,0,0,1,0,0,0,0.7220182552983289,7,2,0,1,0.1036,0.1659,0,Low
0,0,1,0,1.5297851402675715,1,0,1,1,1,1,0,1,1,0,0.3075846906503099,1.295081897017674,1,0,0,0,1,0,0,0.4715620929279911,6,3,0,1,0.4619,0.1302,0,Medium
0,1,0,0,0.3069532676648642,1,1,0,0,1,1,1,1,1,1,1.2937202724045482,0.8389419481695627,0,1,0,0,1,0,0,1.4106906388539877,6,2,1,1,0.3773,0.1832,0,Medium
0,0,0,0,-1.1604449794583849,1,0,0,0,0,0,0,0,0,0,-1.4767719353569364,-0.9723602735088996,0,0,1,0,1,0,0,-1.398816954498198,1,0,0,1,0.132,0.1916,0,Low
1,0,0,0,-1.2827281667186554,1,1,0,0,0,0,1,1,0,1,0.9461615260527172,-0.9677499026166828,0,1,0,0,0,1,0,-0.4114353864641549,4,0,1,0,0.9585,0.1502,1,High
1,0,0,0,-0.3452237310565796,1,0,0,0,0,0,0,0,2,0,-1.466794172303774,-0.7940337745008653,0,0,1,0,0,0,1,-1.30329566583533,1,1,0,0,0.0091,0.2332,0,Low
1,0,1,1,0.5107585797653155,1,1,1,1,0,1,1,0,2,0,0.2992698881060078,0.4783182957965616,1,0,0,0,1,0,0,0.4626992929489623,6,2,0,1,0.0031,0.237,0,Low
1,1,1,0,-0.9974007297780236,1,0,0,0,1,1,0,1,0,1,-0.015029648068614,-0.7522757261804536,1,0,0,0,1,0,0,0.1787614417689597,4,0,0,1,0.0882,0.1884,0,Low
1,0,0,0,-0.8751175425177529,1,0,0,0,1,0,0,0,0,0,0.2676736384376599,-0.6478254574022446,0,1,0,0,0,1,0,0.2959473526027875,2,0,0,0,0.6755,0.1291,0,High
0,0,0,0,-1.078922854618204,1,0,0,0,0,1,0,0,0,1,-0.5056029981824426,-0.8909618591917736,1,0,0,1,0,0,0,-0.6891364524737295,2,0,0,1,0.6427,0.1516,1,High
1,0,1,1,-1.2827281667186554,1,0,0,0,0,0,0,0,1,0,-1.4967274614632615,-1.0001548540074303,0,0,1,0,1,0,0,-1.6167761836120955,1,0,0,1,0.0258,0.2138,0,Low
1,0,0,0,0.0216258307242325,1,0,0,1,1,0,0,0,0,1,0.4705548205186328,0.1279301079880988,0,1,0,0,1,0,0,0.5450905075688245,3,2,0,1,0.3344,0.1574,0,Medium
0,0,0,1,0.3477143300849545,1,1,0,1,0,0,1,0,0,1,0.7865173172021155,0.5992247209651708,0,1,0,1,0,0,0,0.9061675437514864,4,2,0,1,0.0415,0.2353,0,Low
1,0,0,0,1.4890240778474817,1,0,0,0,0,0,0,0,2,1,-1.5216718690961684,-0.4491162660286212,0,0,1,0,0,0,1,-1.3476096657304748,1,3,0,0,0.0228,0.2073,0,Low
1,0,1,1,-0.4267458558967602,1,0,0,1,1,0,1,1,1,1,1.170661194748876,-0.086727878385872,0,1,0,0,0,0,1,1.0404225508412213,5,1,1,0,0.0313,0.2264,0,Low
1,0,1,0,1.4482630154273912,1,1,1,1,1,1,1,1,2,1,0.9095763948577876,1.8115096145185507,1,0,0,0,1,0,0,1.098523128481523,8,3,1,1,0.0233,0.1783,0,Low
0,0,0,0,-1.2827281667186554,1,0,0,0,0,0,0,0,0,0,-1.5083681850252848,-1.0003092683435333,0,0,1,0,0,0,1,-1.6226847169314482,1,0,0,0,0.6742,0.1649,0,High
1,0,0,0,-0.0191352316958577,1,0,0,0,0,0,0,0,1,0,-1.4983904219721222,-0.7408049469270916,0,0,1,0,0,0,1,-1.3380903620492954,1,2,0,0,0.0263,0.206,0,Low
0,0,0,0,0.3069532676648642,1,1,0,0,1,1,1,1,1,1,1.3668905347944074,0.903707732569314,0,1,0,0,1,0,0,1.52820480153889,6,2,1,1,0.642,0.203,0,High
0,1,1,1,-0.9974007297780236,1,1,0,1,0,0,0,0,0,1,0.5254325173110274,-0.7295106412007045,0,1,0,0,1,0,0,0.3671780042860946,3,0,0,1,0.2536,0.1893,1,Low
1,1,0,0,-0.6713122304173017,1,1,0,0,0,0,0,0,0,1,0.3192254142123333,-0.4524251446593987,0,1,0,1,0,0,0,0.4928984632478759,2,1,0,1,0.805,0.1107,0,High
1,0,1,1,0.9591302663863084,1,0,0,1,1,1,0,0,1,1,0.6983804102325122,1.1060346312459208,0,1,0,0,0,0,1,0.8178677958122714,4,3,0,0,0.0047,0.2436,0,Low
0,0,1,0,-1.2419671042985652,1,0,0,0,0,0,0,0,0,1,-0.660258325506463,-0.969316105168584,1,0,0,0,0,1,0,-0.9606007333128762,1,0,0,0,0.7809,0.1297,0,High
1,0,0,0,-1.201206041878475,1,0,0,0,0,1,0,1,0,0,-0.1397516862331468,-0.92204325913021,1,0,0,0,0,0,1,-0.327074660737842,3,0,0,0,0.2556,0.1677,0,Low
0,0,1,0,0.9998913288063984,1,1,0,1,1,0,1,1,0,1,1.3186646800374546,1.6034914445970068,0,1,0,0,1,0,0,1.4083928758964617,6,3,1,1,0.76,0.1951,1,High
0,0,0,0,-1.1196839170382944,1,0,0,0,0,1,0,1,0,1,0.6834137656527687,-0.8210121649371377,0,1,0,0,1,0,0,0.3872013672016785,3,0,0,1,0.7669,0.1655,1,High
0,0,1,1,-0.8751175425177529,1,0,0,0,0,0,0,0,0,1,-1.516682987569587,-0.929366910499664,0,0,1,0,0,0,1,-1.4496959914148455,1,0,0,0,0.0761,0.1835,1,Low
1,0,0,0,-0.2229405437963089,1,0,0,0,0,0,0,0,1,0,-1.481760816883518,-0.7463859222176698,0,0,1,0,0,0,1,-1.2451950881950289,1,2,0,0,0.0224,0.2107,0,Low
0,0,1,0,1.407501953007301,1,1,0,0,0,0,0,0,2,1,-1.3171277265063348,-0.2442746195926235,0,0,1,0,1,0,0,-1.1060163033391663,2,3,0,1,0.0069,0.2465,0,Low
1,0,1,1,1.6113072651077522,1,1,0,0,0,0,0,1,2,1,0.6534804764932807,1.6959194543500575,0,1,0,0,1,0,0,0.81392877359937,3,3,0,1,0.0057,0.2423,0,Low
0,0,0,0,-0.7935954176775724,1,1,0,0,0,0,0,0,0,1,0.337517979809798,-0.5679711864461482,0,1,0,0,0,0,1,0.4006596930957594,2,1,0,0,0.7453,0.1239,1,High
1,0,0,0,-1.1604449794583849,1,1,0,0,0,0,0,0,0,0,-0.4806585905495361,-0.9177637761010712,1,0,0,0,0,0,1,-0.5863936230872083,2,0,0,0,0.6744,0.1397,1,High
1,0,0,0,-1.038161792198114,1,0,0,0,0,0,0,0,0,1,-1.4934015404455407,-0.9438377397115976,0,0,1,0,0,0,1,-1.337433858347145,1,0,0,0,0.2737,0.1726,0,Low
1,0,1,1,-0.712073292837392,1,0,0,0,0,0,0,0,1,0,-1.5033793034987035,-0.8621525559131377,0,0,1,0,0,0,1,-1.2602946733444855,1,1,0,0,0.0092,0.2116,0,Low
0,0,1,1,-0.0191352316958577,1,0,1,1,0,1,0,0,0,0,-0.1148072786002403,-0.1862589475996584,1,0,0,1,0,0,0,-0.0881073131551348,4,2,0,1,0.033,0.2036,0,Low
0,0,0,1,-0.2637016062163992,1,1,0,0,0,0,0,0,0,1,-0.5105918797090239,-0.4505280542444195,1,0,0,0,0,0,1,-0.4038855938894264,2,2,0,0,0.0539,0.2151,0,Low
1,1,0,0,-0.0191352316958577,1,0,0,0,0,0,0,0,1,0,-1.4983904219721222,-0.7496286232758316,0,0,1,0,1,0,0,-1.3581137249648796,1,2,0,1,0.0078,0.2267,0,Low
1,0,1,0,-1.2419671042985652,1,0,0,0,1,1,0,1,0,0,0.8364061324679285,-0.9250653682796534,0,1,0,0,1,0,0,0.1367452048313411,4,0,1,1,0.4841,0.1803,1,Medium
1,0,1,0,-0.9566396673579334,0,0,0,0,0,1,1,0,0,0,-0.8049358897773209,-0.8637849360376545,1,0,0,0,0,0,1,-0.8631099335435575,2,0,0,0,0.4359,0.1778,1,Medium
1,0,1,1,-0.9158786049378432,1,0,0,0,1,0,1,0,0,0,-0.1547183308128906,-0.7603052716578069,1,0,0,0,0,0,1,-0.2610960386717375,3,0,0,0,0.0969,0.1859,0,Low
0,0,1,0,1.6113072651077522,1,1,1,1,1,1,1,1,2,1,1.6861789524956108,2.658384011279737,0,1,0,0,1,0,0,1.7950735564629852,8,3,1,1,0.0141,0.2515,0,Low
0,0,1,1,-0.4267458558967602,1,0,0,0,0,0,0,0,0,0,-1.5233348296050289,-0.8085928404762862,0,0,1,1,0,0,0,-1.294761117707376,1,1,0,1,0.0331,0.1988,0,Low
0,0,0,0,-0.8751175425177529,1,0,0,0,0,0,0,0,1,0,-1.4917385799366805,-0.9154034426777832,0,0,1,0,0,0,1,-1.3630375027310069,1,0,0,0,0.0344,0.2042,0,Low
0,0,0,0,0.8368470791260375,1,1,1,0,1,0,1,1,1,1,1.400149744971616,1.5435566229981903,0,1,0,0,1,0,0,1.5741600606894108,6,3,1,1,0.4602,0.2037,1,Medium
0,0,0,0,-1.038161792198114,1,0,1,1,1,0,0,0,0,0,-0.1148072786002403,-0.8152767753104567,1,0,0,0,0,1,0,-0.141940616731459,4,0,0,0,0.2565,0.1603,0,Low
1,0,0,0,-0.5490290431570309,1,0,0,1,0,1,0,1,1,1,0.0165666015997338,-0.4654400672737901,1,0,0,1,0,0,0,0.0789728790421152,4,1,0,1,0.079,0.1642,0,Low
1,1,0,0,-0.6305511679972114,1,0,0,0,0,0,0,0,0,1,-0.6585953649976026,-0.6689361030666049,1,0,0,0,0,1,0,-0.5374840972770113,1,1,0,0,0.5251,0.1259,1,Medium
0,0,0,0,-1.1196839170382944,1,1,1,0,0,0,0,0,0,1,-0.3675772759470265,-0.8836382078223194,1,0,0,0,0,1,0,-0.3894425124421199,3,0,0,0,0.5257,0.1444,0,Medium
0,0,0,0,-0.9974007297780236,1,1,0,0,0,0,1,1,0,0,1.0243206699691578,-0.6656272244358274,0,1,0,1,0,0,0,0.8953352326660061,4,0,1,1,0.9258,0.1477,1,High
0,1,0,0,1.6113072651077522,1,1,1,1,1,1,1,1,2,1,1.7460455308145864,2.7130246270693097,0,1,0,0,1,0,0,1.85087637114576,8,3,1,1,0.0115,0.2498,0,Low
0,0,0,0,-1.038161792198114,1,0,0,0,0,0,0,0,0,1,0.1678960079060338,-0.7895116403721362,0,1,0,0,0,0,1,0.0976832345533984,1,0,0,0,0.7604,0.1455,0,High
0,0,0,0,-0.3044626686364894,1,0,0,0,0,0,0,0,0,0,-1.5233348296050289,-0.8053942577998681,0,0,1,0,0,0,1,-1.3604114879224054,1,2,0,0,0.12,0.1928,0,Low
0,0,0,0,-1.1604449794583849,1,1,0,1,0,0,0,1,0,1,0.8014839617818594,-0.8522038608299334,0,1,0,0,0,1,0,0.3891708783081295,4,0,0,0,0.8604,0.1358,1,High
1,1,1,0,-0.1414184189561284,1,1,0,1,1,0,0,1,0,1,1.03263547251346,0.2022254628444889,0,1,0,0,0,1,0,1.0611024174589558,5,2,1,0,0.7894,0.1649,1,High
0,0,1,0,1.2852187657470302,1,0,0,0,0,0,0,0,2,0,-1.510031145534145,-0.4681754069418994,0,0,1,0,1,0,0,-1.323647280601989,1,3,0,1,0.0093,0.2346,0,Low
1,0,0,0,-0.5897901055771212,1,1,0,0,0,0,0,0,0,0,0.3092476511591708,-0.39699039799844,0,1,0,0,0,0,1,0.4535082411188581,2,1,0,0,0.3865,0.1539,0,Medium
1,0,1,0,1.4890240778474817,1,0,0,0,0,0,0,0,2,0,-1.4950645009544017,-0.4073802768990813,0,0,1,0,0,0,1,-1.30329566583533,1,3,0,0,0.0077,0.2469,0,Low
0,0,1,1,1.6113072651077522,1,1,0,0,0,0,0,0,2,0,-1.3670165417721478,-0.2680544273524777,0,0,1,1,0,0,0,-1.187751014256878,2,3,0,1,0.0019,0.2564,0,Low
0,0,0,0,-0.2229405437963089,1,0,0,1,0,1,0,0,0,1,-0.289418132030586,-0.3738944251556133,1,0,0,0,0,0,1,-0.2551875053523849,3,2,0,0,0.3209,0.1697,0,Medium
0,0,1,0,-0.0191352316958577,1,1,0,0,1,0,0,1,0,1,0.8713283031539976,0.2945652358340525,0,1,0,1,0,0,0,0.9961085509460766,4,2,1,1,0.5491,0.1618,1,Medium
0,0,0,0,-1.2419671042985652,1,0,0,1,0,0,0,0,0,1,-0.5255585242887678,-0.9687205070150444,1,0,0,0,1,0,0,-0.9458294000144946,2,0,0,1,0.7829,0.1377,1,High
0,1,1,0,0.9591302663863084,1,1,1,1,1,1,0,0,1,0,1.0243206699691578,1.4051352002773327,0,1,0,0,0,1,0,1.208487498591697,6,3,1,0,0.2462,0.1657,0,Low
0,1,0,1,-0.1006573565360382,1,1,0,0,0,1,1,1,0,1,1.2122352074703868,0.3033889121827924,0,1,0,0,0,1,0,1.2068462393363213,5,2,1,0,0.1999,0.2251,0,Low
1,0,1,1,1.6113072651077522,1,1,1,1,1,1,0,1,2,1,1.3319683641083384,2.402607693120639,0,1,0,0,1,0,0,1.5344415867093182,7,3,1,1,0.0067,0.2733,0,Low
1,0,0,1,-1.2827281667186554,1,0,0,1,0,0,0,0,0,1,-0.4972881956381404,-0.9868972802934484,1,0,0,0,0,1,0,-1.1237419032972245,2,0,0,0,0.597,0.1876,0,Medium
0,0,1,0,1.040652391226489,1,1,1,1,0,1,1,1,2,1,1.4716570468526144,1.8118625615725,0,1,0,0,1,0,0,1.614535038371654,7,3,1,1,0.4922,0.2048,0,Medium
0,0,1,0,1.4482630154273912,1,1,1,1,1,1,1,1,2,0,1.6645604658804254,2.451534978474402,0,1,0,1,0,0,0,1.788508519441482,8,3,1,1,0.6296,0.21,0,High
1,0,1,1,0.8776081415461278,1,0,0,1,0,1,0,0,2,1,0.5021510701869811,0.9155535180674976,0,1,0,1,0,0,0,0.6606351591472761,3,3,0,1,0.0044,0.2272,0,Low
0,0,1,0,-0.1821794813762187,1,0,0,0,0,0,0,1,0,1,0.5387362013819106,-0.026351872969619,0,1,0,0,0,1,0,0.578243944527414,2,2,0,0,0.678,0.1349,1,High
1,0,1,0,1.081413453646579,1,1,1,1,1,1,1,1,2,0,1.6263123741766352,1.8858049693749408,0,1,0,0,0,1,0,1.6467037197770182,8,3,1,0,0.2535,0.1877,0,Low
0,0,1,1,1.4482630154273912,1,1,1,1,1,1,0,1,1,1,0.4522622549211681,1.3440753599440525,1,0,0,0,0,1,0,0.5943282852300965,7,3,0,0,0.0189,0.2017,0,Low
0,0,1,0,-0.4675069183168504,0,0,1,0,0,0,0,0,0,0,-1.2090352934304065,-0.7312533172795808,1,0,0,0,0,1,0,-1.0036017258037204,1,1,0,0,0.4957,0.1568,0,Medium
0,0,1,1,0.103147955564413,0,0,0,0,0,1,1,0,1,0,-0.7966210872330187,-0.3984904229777258,1,0,0,0,0,0,1,-0.6812584080479259,2,2,0,0,0.011,0.236,0,Low
0,1,1,1,1.5297851402675715,1,1,0,1,1,1,1,1,1,1,1.4317459946399644,2.2893116888028184,0,1,0,0,0,1,0,1.5134334682405088,7,3,1,0,0.0069,0.2483,0,Low
1,0,1,0,-1.078922854618204,1,1,0,0,0,0,0,0,0,1,0.3541475848984023,-0.81567384074615,0,1,0,0,0,1,0,0.1111415604474795,2,0,0,0,0.8894,0.1168,1,High
0,0,1,0,0.9591302663863084,1,1,1,1,1,0,1,1,1,0,1.4949384939766606,1.6865663574203928,0,1,0,1,0,0,0,1.5758013199447864,7,3,1,1,0.4888,0.1748,0,Medium
1,0,0,0,-1.201206041878475,1,0,0,1,1,1,1,1,0,1,1.4334089551488247,-0.8683511885481275,0,1,0,0,0,1,0,0.6717957220838313,6,0,1,0,0.7891,0.1751,0,High
1,0,0,0,-1.2827281667186554,1,0,0,0,0,0,0,0,0,1,-0.6319879968558355,-0.9886840747540684,1,0,0,0,0,0,1,-1.1903770290654792,1,0,0,0,0.7823,0.1622,1,High
0,1,0,0,-0.5082679807369407,1,1,0,0,0,0,0,1,0,1,0.6967174497236519,-0.2467673081611426,0,1,0,0,1,0,0,0.7574694552144446,3,1,0,1,0.7882,0.1408,1,High
1,0,0,1,0.7960860167059473,1,1,0,0,0,0,0,0,2,0,-1.3054870029443115,-0.4201525484138824,0,0,1,0,1,0,0,-1.116192110722496,2,3,0,1,0.0041,0.2433,0,Low
1,1,1,0,0.5515196421854057,1,0,0,0,0,0,0,1,0,1,0.5171177147667252,0.5816435458403062,0,1,0,0,0,1,0,0.5752896778677375,2,2,0,0,0.5432,0.1464,1,Medium
1,0,0,0,-0.9566396673579334,0,0,0,0,0,0,1,1,0,1,-0.6469546414355796,-0.8241445700409404,1,0,0,0,0,1,0,-0.568011519427,2,0,0,0,0.8877,0.1337,1,High
1,0,1,0,1.4482630154273912,1,1,1,1,0,1,1,1,0,1,1.4250941526045229,2.2209502562909558,0,1,0,0,0,1,0,1.5400218681775957,7,3,1,0,0.4168,0.1867,0,Medium
0,1,0,0,-1.2419671042985652,1,0,0,0,0,0,0,0,0,0,-0.6951804961925321,-0.9713676099196664,1,0,0,0,0,1,0,-1.011479770229524,1,0,0,0,0.6284,0.136,0,High
0,1,1,0,0.8368470791260375,1,0,0,1,1,1,1,0,1,1,0.9694429731767632,1.1402925546699034,0,1,0,0,0,1,0,1.0184296768191865,5,3,1,0,0.2331,0.1721,0,Low
0,0,1,1,1.407501953007301,1,1,0,1,1,1,1,1,1,1,1.5797494799285428,2.2507522231588246,0,1,0,0,1,0,0,1.6237260902017585,7,3,1,1,0.0063,0.2536,0,Low
1,0,0,0,-1.2827281667186554,1,0,0,0,0,0,1,1,0,1,0.8214394878881845,-0.9694043419320716,0,1,0,0,0,1,0,-0.4728184826152073,3,0,0,0,0.9392,0.1473,1,High
0,0,0,1,-0.9158786049378432,0,0,1,1,0,1,0,0,1,0,-0.8182395738482043,-0.8273872710991023,1,0,0,0,0,0,1,-0.7150683487086661,3,0,0,0,0.0149,0.2178,0,Low
0,1,0,0,-0.9974007297780236,1,0,0,0,0,0,0,0,0,0,-1.5033793034987035,-0.936425851578656,0,0,1,0,0,1,0,-1.343342391666498,1,0,0,0,0.2611,0.1515,1,Low
1,1,0,0,0.9998913288063984,1,1,1,0,0,1,0,1,2,0,0.9611281706324613,1.472989271399143,0,1,0,0,0,1,0,1.2409844318481362,5,3,1,0,0.0783,0.1929,0,Low
1,1,1,0,1.6113072651077522,1,1,1,1,1,1,1,1,2,1,1.6662234263892857,2.607206688457046,0,1,0,1,0,0,0,1.742881512142037,8,3,1,1,0.0165,0.2394,0,Low
1,0,0,0,1.4482630154273912,1,1,1,1,1,0,0,1,1,1,0.4007104791464947,1.2071539622024805,1,0,0,0,1,0,0,0.4469432040973551,6,3,0,1,0.1088,0.153,0,Low
1,0,1,1,0.7145638918657667,0,0,1,0,0,0,1,0,0,1,-0.8448469419899711,-0.1171254434072811,1,0,0,0,1,0,0,-0.6418681859189082,2,3,0,1,0.0222,0.2404,0,Low
1,0,0,0,1.570546202687662,1,1,1,1,1,1,0,1,2,0,0.5237695568021665,1.509453113910311,1,0,0,1,0,0,0,0.6596504035940507,7,3,0,1,0.008,0.2167,0,Low
0,0,0,0,-1.2827281667186554,1,0,0,0,1,1,1,1,1,0,0.3075846906503099,-0.9762206319114732,1,0,0,0,1,0,0,-0.7265571634962963,5,0,0,1,0.1329,0.1817,0,Low
0,0,0,0,-0.0191352316958577,1,1,0,0,0,0,1,0,1,0,0.6385138319135366,0.2183948497535549,0,1,0,0,0,1,0,0.8244328328337744,3,2,0,0,0.4316,0.1318,1,Medium
0,0,0,0,-1.2827281667186554,1,0,0,0,0,0,0,0,0,0,-1.5083681850252848,-1.0003092683435333,0,0,1,0,0,0,1,-1.6226847169314482,1,0,0,0,0.6742,0.1649,1,High
0,0,1,0,0.5515196421854057,1,1,1,0,0,0,0,0,0,0,-0.327666223734376,0.0825543523647035,1,0,0,1,0,0,0,-0.2148125276701416,3,2,0,1,0.2867,0.1552,0,Low
0,0,1,0,1.4482630154273912,1,1,0,1,1,0,0,0,1,0,0.7183359363388377,1.533607927914986,0,1,0,0,1,0,0,0.7988291884499129,4,3,0,1,0.3413,0.1522,0,Medium
0,0,0,0,-0.3044626686364894,1,0,0,0,0,0,0,0,1,0,-1.4950645009544017,-0.7761878890855388,0,0,1,0,1,0,0,-1.276707265898243,1,2,0,1,0.0128,0.2274,0,Low
0,0,0,0,-1.2827281667186554,0,0,0,0,0,1,0,0,0,0,-1.1408539125671289,-0.9954341871608544,1,0,0,0,0,0,1,-1.4411614432868918,1,0,0,0,0.5635,0.1924,0,Medium
1,0,1,1,0.3884753925050447,1,0,0,0,0,0,0,0,2,0,-1.4684571328126343,-0.6432371457008998,0,0,1,0,0,0,1,-1.3098607028568328,1,2,0,0,0.0038,0.2439,0,Low
0,0,0,0,-1.2827281667186554,1,0,0,0,0,0,0,0,0,0,-1.5150200270607266,-1.0003975051070206,0,0,1,0,0,1,0,-1.6259672354421997,1,0,0,0,0.4501,0.1595,1,Medium
1,1,0,0,0.7145638918657667,1,1,1,1,0,0,1,0,0,1,0.1828626524857773,0.5152012629342946,1,0,0,1,0,0,0,0.2808477674533305,5,3,0,1,0.0405,0.2048,0,Low
1,0,1,0,1.6113072651077522,1,1,0,1,1,1,1,1,2,1,1.4483755997285688,2.3968061259213425,0,1,0,0,0,1,0,1.5285330533899657,7,3,1,0,0.1805,0.2368,0,Low
0,0,0,0,-1.2827281667186554,0,0,0,0,0,0,0,0,0,0,-1.318790687015195,-0.9977945205841424,1,0,0,0,0,0,1,-1.5291329393750313,0,0,0,0,0.5824,0.1861,1,Medium
0,1,1,0,0.918369203966218,1,0,0,0,1,1,1,0,2,0,0.7964950802552779,1.1111082451464462,0,1,0,0,1,0,0,0.8739988623461219,4,3,0,1,0.031,0.2127,0,Low
0,0,0,1,-0.4675069183168504,1,0,0,0,0,0,0,0,0,0,-1.466794172303774,-0.8094090305385446,0,0,1,0,0,0,1,-1.268172717770289,1,1,0,0,0.033,0.2184,0,Low
0,1,0,0,0.3884753925050447,1,1,0,0,1,0,0,0,0,0,-0.3060477371191903,0.0595245570944924,1,0,0,0,0,1,0,-0.0940158464744874,3,2,0,0,0.4274,0.1529,0,Medium
1,0,0,0,1.6113072651077522,1,0,0,0,0,0,0,0,2,1,-1.4983904219721222,-0.3609236209229655,0,0,1,0,1,0,0,-1.2822875473665205,1,3,0,1,0.0019,0.2661,0,Low
1,0,1,1,-0.5897901055771212,1,0,1,0,1,0,1,0,0,1,0.7665617910957905,-0.3469160347193409,0,1,0,0,0,0,1,0.649474596210721,4,1,0,0,0.0685,0.2008,0,Low
0,1,1,0,-1.2827281667186554,1,0,0,1,0,0,0,0,0,1,0.3840808740578904,-0.975205909131368,0,1,0,0,0,0,1,-0.6888082006226542,2,0,0,0,0.9217,0.1687,1,High
1,0,1,0,-1.201206041878475,1,0,0,0,0,0,0,0,0,1,-1.4734460143392158,-0.9863458005216522,0,0,1,0,1,0,0,-1.5228961542046036,1,0,0,1,0.0701,0.1904,1,Low
1,1,0,0,-1.201206041878475,1,1,0,0,1,0,1,0,0,0,0.8713283031539976,-0.881366111162519,0,1,0,0,0,1,0,0.4298741078414476,4,0,1,0,0.7952,0.1443,1,High
0,0,0,0,1.5297851402675715,1,1,1,1,1,0,1,1,2,0,0.6601323185287225,1.6342419566723654,1,0,0,0,0,0,1,0.8270588476423756,7,3,0,0,0.0115,0.2212,0,Low
1,0,1,0,1.3667408905872107,1,0,1,1,1,1,1,1,2,1,0.700043370741373,1.4596434609216735,1,0,0,1,0,0,0,0.798500936598838,7,3,0,1,0.0126,0.2031,0,Low
1,0,1,0,1.6113072651077522,1,1,0,0,0,0,0,0,2,0,-1.3121388449797535,-0.2540909595305967,0,0,1,0,0,0,1,-1.1733079328095717,2,3,0,0,0.0041,0.2599,0,Low
1,0,0,0,-0.3452237310565796,1,1,0,1,1,0,0,0,0,1,0.6651212000553035,-0.1050149476186354,0,1,0,1,0,0,0,0.7472936478311151,4,1,0,1,0.5293,0.1586,0,Medium
1,0,0,0,0.3884753925050447,1,1,1,1,1,0,0,1,1,1,1.135739024062807,0.8874942272785044,0,1,0,0,0,1,0,1.3384752316174549,6,2,1,0,0.1816,0.1936,0,Low
1,0,1,1,1.6113072651077522,1,1,1,1,1,1,1,1,2,1,0.8630135006096954,1.8136052376513765,1,0,0,0,1,0,0,0.9340689510928738,8,3,1,1,0.0024,0.235,0,Low
1,0,0,1,-0.4675069183168504,1,1,0,0,0,0,0,0,0,0,-1.3354202921037994,-0.8028133324678616,0,0,1,0,0,0,1,-1.245851591897179,2,1,0,0,0.0331,0.2056,0,Low
0,0,0,0,-0.1006573565360382,1,0,0,0,0,1,1,1,1,1,0.982746657247647,0.1549746759969866,0,1,0,1,0,0,0,0.8506929809197862,4,2,1,1,0.2881,0.1586,0,Low
1,0,1,0,0.918369203966218,1,0,1,0,0,0,0,1,1,0,-0.1796627384457972,0.3839049588650443,1,0,0,0,1,0,0,-0.0920463353680365,3,3,0,1,0.2163,0.1673,0,Low
1,1,1,0,0.8776081415461278,1,1,0,0,0,0,0,0,0,0,0.3042587696325893,0.7201532053246515,0,1,0,1,0,0,0,0.3963924190317827,2,3,0,1,0.2674,0.1762,0,Low
1,0,1,1,-0.6713122304173017,1,1,1,1,0,1,1,1,0,0,0.6667841605641643,-0.3920270800522738,1,0,0,0,0,1,0,0.7571412033633693,7,1,0,0,0.0563,0.1717,0,Low
1,0,1,0,-0.0191352316958577,1,1,0,0,1,0,0,0,0,1,0.4672288995009121,0.0710835731113416,0,1,0,0,0,1,0,0.4922419595457257,3,2,0,0,0.7782,0.1345,1,High
0,1,1,0,1.2036966409068497,1,1,1,0,1,0,1,1,1,1,1.3303054035994777,1.7762369683144623,0,1,0,0,0,1,0,1.3463532760432588,6,3,1,0,0.2996,0.1973,0,Low
1,0,0,0,-1.2827281667186554,1,0,0,0,0,0,0,0,0,0,-1.485086737901239,-1.0000004396713271,0,0,1,0,0,0,1,-1.611195902143818,1,0,0,0,0.5943,0.1783,1,Medium
0,0,1,0,-0.3859847934766699,0,0,1,0,0,1,0,0,2,0,-1.0061541113494334,-0.6500313764894295,1,0,0,0,0,0,1,-0.8302847484360427,2,1,0,0,0.0437,0.2069,0,Low
1,0,0,0,-1.201206041878475,1,0,0,0,0,0,1,1,0,0,0.8596875795919747,-0.9040650185696524,0,1,0,0,0,0,1,0.0074139755077329,3,0,1,0,0.7287,0.1588,0,High
0,1,0,0,1.3259798281671205,1,1,0,1,1,0,1,0,0,1,1.017668827933716,1.736706898272108,0,1,0,1,0,0,0,1.1523564320578468,5,3,1,1,0.3567,0.1904,0,Medium
1,0,0,0,-1.201206041878475,1,0,0,0,1,1,1,0,0,1,0.831417250941347,-0.9010649686110808,0,1,0,0,0,0,1,0.063216790190508,4,0,0,0,0.771,0.1682,0,High
1,0,1,0,-1.2827281667186554,1,0,0,0,0,0,0,0,1,0,-1.531649632149331,-1.000618097015739,0,0,1,0,0,0,1,-1.6341735317190784,1,0,0,0,0.0926,0.1958,0,Low
1,0,0,1,-1.1604449794583849,1,0,1,0,0,0,0,0,0,0,-0.5155807612356051,-0.9120063272835184,1,0,0,0,0,1,0,-0.5007198899565949,2,0,0,0,0.4552,0.1547,1,Medium
1,0,0,0,-1.2827281667186554,1,0,1,0,0,1,0,0,0,1,-0.362588394420445,-0.9851104858328288,1,0,0,0,0,1,0,-1.0571067775289695,3,0,0,0,0.5196,0.1579,1,Medium
1,0,0,0,-1.2827281667186554,1,0,0,0,0,0,0,0,0,1,-1.4967274614632615,-1.0001548540074303,0,0,1,0,0,1,0,-1.6167761836120955,1,0,0,0,0.5855,0.1579,1,Medium
0,0,1,1,0.9998913288063984,1,0,0,0,0,0,0,0,2,0,-1.5000533824809827,-0.4477044778128228,0,0,1,1,0,0,0,-1.222873962321919,1,3,0,1,0.0056,0.2333,0,Low
1,0,1,1,1.081413453646579,1,0,0,0,0,0,0,0,2,0,-1.4967274614632615,-0.4846756817140432,0,0,1,0,0,0,1,-1.292791606600925,1,3,0,0,0.0052,0.249,0,Low
0,0,0,0,1.24445770332694,1,1,0,1,0,0,1,1,1,0,1.1656723132222948,1.698632734827295,0,1,0,1,0,0,0,1.2048767282298702,5,3,1,1,0.261,0.1877,1,Low
0,0,1,0,1.4482630154273912,0,0,0,1,1,1,1,1,2,0,-0.1513924097951699,0.8039119530650654,1,0,0,0,1,0,0,0.012009501422785,5,3,0,1,0.0143,0.228,0,Low
1,0,0,0,-1.2419671042985652,1,0,0,0,0,0,0,0,0,1,0.1645700868883126,-0.944212745956419,0,1,0,0,0,1,0,-0.3382352236743969,1,0,0,0,0.8149,0.1157,0,High
1,0,1,1,0.8368470791260375,1,1,0,0,1,1,1,1,1,1,0.4622400179743306,0.7304327882709334,1,0,0,0,0,0,1,0.4538364929699334,6,3,0,0,0.0055,0.233,0,Low
0,1,0,0,-0.9566396673579334,1,1,0,0,1,0,1,0,0,1,0.8397320534856492,-0.6485534107010157,0,1,0,0,0,1,0,0.7384308478520862,4,0,1,0,0.9003,0.134,0,High
0,1,1,0,1.3667408905872107,1,1,0,0,1,1,1,1,1,1,1.3668905347944074,2.068455069793857,0,1,0,0,1,0,0,1.4746997498136412,6,3,1,1,0.2619,0.2157,1,Low
0,0,0,0,-1.2827281667186554,1,0,0,0,0,0,0,0,0,1,-0.675224970086207,-0.9892576137167364,1,0,0,0,1,0,0,-1.2113851475342887,1,0,0,1,0.688,0.164,0,High
1,0,0,1,1.1629355784867594,1,0,0,0,0,0,0,0,2,0,-1.5000533824809827,-0.5129335052208828,0,0,1,0,0,0,1,-1.3476096657304748,1,3,0,0,0.0143,0.2317,0,Low
0,0,1,1,-0.8751175425177529,1,0,1,0,0,0,0,0,0,0,-0.4607030644432108,-0.7522757261804536,1,0,0,1,0,0,0,-0.351365297717403,2,0,0,1,0.0552,0.1933,0,Low
1,0,1,0,-0.712073292837392,1,1,0,0,1,0,1,1,0,1,1.2055833654349448,-0.3453498321674396,0,1,0,0,0,1,0,1.1428371283766674,5,1,1,0,0.927,0.1447,1,High
0,0,1,0,1.570546202687662,1,1,1,1,1,1,1,1,2,0,0.7682247516046508,1.7993770595390333,1,0,0,1,0,0,0,0.95934434362566,8,3,0,1,0.0114,0.2173,0,Low
0,0,1,1,-0.712073292837392,1,0,0,0,0,0,0,0,0,0,-0.6170213522760918,-0.726797360723467,1,0,0,0,0,1,0,-0.6307076229823533,1,1,0,0,0.0939,0.17,0,Low
1,0,0,0,-1.201206041878475,1,1,0,0,0,0,0,0,0,0,-0.4806585905495361,-0.9483598738403268,1,0,0,1,0,0,0,-0.8164981706908865,2,0,0,1,0.7825,0.1314,0,High
0,0,0,0,0.0623868931443227,1,0,1,1,0,0,0,0,1,0,-0.327666223734376,-0.1772146793422,1,0,0,0,0,0,1,-0.1747658018389737,3,2,0,0,0.1408,0.1558,0,Low
0,0,0,0,-0.8343564800976626,1,1,0,0,0,1,0,0,0,1,0.4888473861160975,-0.5861479597245525,0,1,0,0,1,0,0,0.4768141225451934,3,0,0,1,0.7885,0.1295,0,High
0,0,1,1,0.5107585797653155,1,1,0,0,0,0,0,0,2,1,-1.33708325261266,-0.5064922214863027,0,0,1,1,0,0,0,-1.1299786884676524,2,2,0,1,0.0046,0.2292,0,Low
1,0,1,0,1.570546202687662,1,1,1,0,1,1,1,1,2,1,1.4533644812551498,2.3511436008166133,0,1,0,0,1,0,0,1.529517808943191,7,3,1,1,0.3831,0.2502,0,Medium
1,0,1,0,0.3884753925050447,1,1,1,0,0,1,1,1,1,0,0.5187806752755855,0.480480096502003,1,0,0,0,1,0,0,0.6343750110612645,6,2,0,1,0.1401,0.1586,0,Low
0,0,1,0,1.4482630154273912,1,1,1,1,1,0,1,1,2,1,1.5281977041538697,2.3236137306085447,0,1,0,1,0,0,0,1.65064274198992,7,3,1,1,0.6286,0.2052,0,High
0,0,1,0,0.918369203966218,1,1,1,0,0,0,1,0,0,1,0.8297542904324867,1.179182908176975,0,1,0,1,0,0,0,0.9642681213917872,4,3,0,1,0.3137,0.1716,0,Medium
0,0,1,1,1.570546202687662,1,0,0,0,0,0,0,0,2,0,-1.4950645009544017,-0.3959536160274631,0,0,1,1,0,0,0,-1.3092041991546826,1,3,0,1,0.0023,0.2533,0,Low
0,0,1,0,-0.8751175425177529,1,0,0,0,0,0,0,0,1,0,-1.4717830538303551,-0.905719457885041,0,0,1,0,0,0,1,-1.3029674139842546,1,0,0,0,0.0411,0.2086,0,Low
1,0,0,0,0.592280704605496,1,0,0,0,0,0,0,0,2,0,-1.4767719353569364,-0.5928760129404667,0,0,1,1,0,0,0,-1.2977153843670526,1,2,0,1,0.0321,0.1929,0,Low
0,0,0,0,-0.8751175425177529,1,1,0,0,0,0,0,0,0,1,0.387406795075611,-0.6392223729622232,0,1,0,0,0,1,0,0.3494524043280364,2,0,0,0,0.8217,0.1093,1,High
0,0,0,1,-1.201206041878475,0,0,0,1,0,0,0,0,0,0,-1.1707872017266163,-0.969183750023353,1,0,0,0,0,0,1,-1.2038353549595604,1,0,0,0,0.0834,0.2145,0,Low
0,0,0,0,-0.9974007297780236,1,0,0,0,0,0,1,0,0,1,0.5071399517135622,-0.7092161855986027,0,1,0,1,0,0,0,0.5349147001854948,2,0,0,1,0.8163,0.1185,1,High
1,0,0,1,-0.6305511679972114,1,0,1,0,0,0,0,0,0,1,-0.4839845115672569,-0.6353178961779058,1,0,0,0,0,0,1,-0.3986335642722241,2,1,0,0,0.0639,0.1975,0,Low
1,0,1,0,1.3667408905872107,1,1,0,1,0,1,1,1,1,1,1.3036980354577106,2.0308441493573537,0,1,0,0,0,1,0,1.4330117647270977,6,3,1,0,0.4259,0.1751,1,Medium
1,0,0,0,-1.1604449794583849,1,0,0,0,0,0,0,1,0,1,-0.3176884606812135,-0.9036900123248308,1,0,0,0,0,0,1,-0.3769689421012643,2,0,0,0,0.4103,0.1636,0,Medium
1,0,1,0,0.1846700804045935,1,1,0,0,1,1,1,0,2,0,0.979420736229926,0.5180027801750194,0,1,0,0,0,0,1,1.0469875878627244,5,2,1,0,0.0855,0.2059,0,Low
0,0,0,0,-1.078922854618204,1,1,0,0,0,0,0,0,0,1,0.2992698881060078,-0.8318652868460878,0,1,0,0,0,0,1,-0.0608624095158976,2,0,0,0,0.8333,0.1335,0,High
1,0,0,0,-0.1006573565360382,1,1,1,1,0,0,0,1,0,1,0.979420736229926,0.1733279228023656,0,1,0,0,1,0,0,0.894678728963856,5,2,1,1,0.4899,0.162,0,Medium
1,0,0,0,-0.3859847934766699,1,0,0,0,0,0,1,1,1,1,0.0015999570199903,-0.3428130252171768,1,0,0,1,0,0,0,0.1223021233840344,3,1,0,1,0.1503,0.1497,0,Low
0,0,1,0,1.3259798281671205,1,0,1,0,1,1,0,0,2,0,-0.1979553040432621,0.6927777494526858,1,0,0,0,1,0,0,-0.0244264540465563,4,3,0,1,0.1627,0.2025,0,Low
1,1,1,0,0.3069532676648642,1,0,1,1,1,1,1,0,1,1,1.1074686954121795,0.807353186841074,0,1,0,0,1,0,0,1.3532465649158367,6,2,1,1,0.0941,0.1767,0,Low
1,0,1,1,1.570546202687662,1,1,0,1,0,1,0,0,2,1,0.6634582395464431,1.7054269656158243,0,1,0,0,0,1,0,0.8621817957074166,4,3,0,0,0.0045,0.2432,0,Low
1,0,1,1,1.3259798281671205,1,1,0,0,0,0,0,0,2,0,-1.3337573315949391,-0.2522379874973614,0,0,1,0,1,0,0,-1.089603710785409,2,3,0,1,0.0021,0.256,0,Low
0,0,1,1,-1.2827281667186554,1,0,0,0,0,0,0,0,0,1,-1.4867496984100992,-1.000022498862199,0,0,1,0,1,0,0,-1.6121806576970434,1,0,0,1,0.3417,0.2029,1,Medium
1,1,0,0,1.3259798281671205,1,1,1,0,1,1,1,1,2,1,1.5132310595741254,2.18797176593754,0,1,0,0,0,1,0,1.6611468012243251,7,3,1,0,0.2127,0.2191,0,Low
0,0,0,0,-1.201206041878475,1,0,0,0,0,0,0,0,0,0,-1.5000533824809827,-0.9829486851273874,0,0,1,0,0,1,0,-1.459871798798175,1,0,0,0,0.3155,0.1418,1,Medium
0,0,1,1,-1.2827281667186554,1,0,0,0,1,0,0,0,0,0,-0.4789956300406754,-0.9866546291938584,1,0,0,0,0,0,1,-1.1148791033181955,2,0,0,0,0.7172,0.1937,1,High
1,0,1,1,0.1846700804045935,0,0,1,0,1,1,0,0,1,1,-0.8199025343570646,-0.3359526168560315,1,0,0,0,0,1,0,-0.6251273415140757,3,2,0,0,0.0184,0.211,0,Low
1,0,0,1,1.570546202687662,1,1,1,1,0,0,0,0,1,1,0.6850767261616291,1.6509628233532274,0,1,0,0,1,0,0,0.8060507291735661,4,3,0,1,0.0053,0.2398,0,Low
1,0,1,0,0.1439090179845032,0,0,1,0,1,0,0,0,1,0,-0.9812097037165268,-0.4274541405924646,1,0,0,0,0,0,1,-0.7734971782000424,2,2,0,0,0.0708,0.1983,0,Low
1,0,0,0,-0.8343564800976626,1,0,0,0,0,0,1,0,0,1,0.5520398854527943,-0.6065527112810135,0,1,0,0,0,1,0,0.3599564635624414,2,0,0,0,0.8541,0.1151,0,High
1,0,0,0,-1.201206041878475,1,0,0,0,0,0,1,0,0,0,-0.3226773422077947,-0.9386979482384564,1,0,0,0,0,0,1,-0.6366161563017059,2,0,0,0,0.6042,0.1382,1,High
0,0,0,0,-0.7528343552574821,1,0,0,1,0,0,0,1,0,1,0.7133470548122562,-0.4878963235813332,0,1,0,0,0,1,0,0.6415965517849177,3,1,0,0,0.7165,0.1295,1,High
1,1,0,0,-1.2827281667186554,1,0,0,0,0,0,0,0,0,1,0.1545923238351501,-0.9782500774716834,0,1,0,1,0,0,0,-0.80205508924358,1,0,0,1,0.936,0.1552,1,High
0,0,1,1,-0.7528343552574821,1,0,1,1,0,1,0,0,0,0,-0.1796627384457972,-0.6644139689378757,1,0,0,1,0,0,0,-0.2338511350325001,4,1,0,1,0.0367,0.1949,0,Low
1,0,1,0,0.1439090179845032,1,1,0,0,0,0,1,1,0,1,1.002702183353972,0.5088702751540737,0,1,0,1,0,0,0,1.1093554395670024,4,2,1,1,0.7164,0.1595,0,High
1,0,1,1,0.103147955564413,1,0,0,0,0,0,0,0,2,0,-1.475108974848076,-0.6738994210127711,0,0,1,1,0,0,0,-1.2504471178122314,1,2,0,1,0.0045,0.2345,0,Low
1,0,0,0,0.6330417670255862,1,0,0,0,0,0,0,0,1,0,-1.4934015404455407,-0.5657432081680913,0,0,1,1,0,0,0,-1.269813977025665,1,2,0,1,0.1136,0.1569,0,Low
0,0,1,1,1.1629355784867594,1,0,0,0,0,0,0,0,1,0,-1.5216718690961684,-0.5042863023991176,0,0,1,0,1,0,0,-1.3371056064960702,1,3,0,1,0.0059,0.2321,0,Low
1,0,1,0,-0.9158786049378432,1,0,0,0,0,0,0,0,0,1,0.181199691976917,-0.6832304587515635,0,1,0,0,0,1,0,0.2601679008355964,1,0,0,0,0.7744,0.1253,1,High
1,0,0,0,-0.8751175425177529,1,0,0,0,0,0,0,0,0,0,-0.6536064834710211,-0.7918499146045522,1,0,0,0,1,0,0,-0.5968976823216131,1,0,0,1,0.5102,0.1445,0,Medium
1,1,1,0,-1.201206041878475,1,1,0,0,0,0,1,1,0,1,0.9893984992830884,-0.8855794166190422,0,1,0,0,0,1,0,0.3514219154344873,4,0,1,0,0.8984,0.1359,1,High
0,0,0,0,1.1221745160666692,0,0,1,0,1,0,0,1,1,1,-0.6785508911039276,0.2148874384049309,1,0,0,0,0,1,0,-0.4501691048910223,3,3,0,0,0.1328,0.1897,0,Low
0,0,0,0,0.9998913288063984,1,1,1,1,0,1,0,0,0,1,0.7549210675337671,1.1462044178235595,0,1,0,1,0,0,0,0.8218068180251733,5,3,0,1,0.0745,0.1917,0,Low
0,0,0,0,0.6330417670255862,1,1,1,1,1,0,1,1,1,1,0.6185583058072116,0.7063441518388734,1,0,0,0,1,0,0,0.6616199147005016,7,2,0,1,0.0521,0.1727,0,Low
1,0,0,0,-0.7935954176775724,1,0,0,0,0,0,0,0,1,0,-1.510031145534145,-0.8897044853120781,0,0,1,0,0,0,1,-1.3092041991546826,1,1,0,0,0.0275,0.1982,0,Low
0,0,1,1,1.1629355784867594,1,1,0,0,0,0,0,0,2,1,-1.3520498971924038,-0.3713134998236068,0,0,1,0,0,0,1,-1.1775752068735488,2,3,0,0,0.0023,0.2607,0,Low
1,0,1,0,0.755324954285857,0,0,0,1,0,0,0,0,0,1,-1.1574835176557332,-0.3341437632045398,1,0,0,0,1,0,0,-0.9773415777177088,1,3,0,1,0.4678,0.1813,0,Medium
0,0,0,0,0.266192205244774,1,0,1,0,1,1,1,0,1,1,1.0209947489514366,0.6203133074386591,0,1,0,0,0,1,0,1.0876908173960425,5,2,1,0,0.2288,0.1557,1,Low
1,0,1,0,1.5297851402675715,0,0,1,0,1,1,0,0,2,1,-0.8548247050431339,0.1790853716199185,1,0,0,0,1,0,0,-0.6976710006016833,3,3,0,1,0.0091,0.2338,0,Low
1,0,1,1,0.8368470791260375,1,0,0,0,0,0,0,0,2,1,-1.5116941060430058,-0.5190439010923853,0,0,1,0,0,0,1,-1.2678444659192143,1,3,0,0,0.01,0.2375,0,Low
1,0,0,0,-0.8751175425177529,1,0,0,0,0,0,0,0,1,0,-1.5083681850252848,-0.9088518629888436,0,0,1,0,0,0,1,-1.3223342731976886,1,0,0,0,0.0392,0.1951,0,Low
1,0,1,0,-0.3859847934766699,1,1,0,1,1,0,0,0,0,0,0.6451656739489785,-0.1406184816858012,0,1,0,0,0,1,0,0.7489349070864907,4,1,0,0,0.7039,0.1429,0,High
1,1,0,0,-1.2827281667186554,1,0,0,0,0,0,0,0,0,0,0.1412886397642664,-0.9784265509986582,0,1,0,0,0,1,0,-0.8086201262650832,1,0,0,0,0.9297,0.1493,1,High
1,0,0,0,-1.078922854618204,1,1,0,0,0,1,0,1,0,1,0.7682247516046508,-0.7784599857453394,0,1,0,1,0,0,0,0.5066850409930321,4,0,0,1,0.7582,0.1669,0,High
0,1,0,0,0.8368470791260375,1,0,1,1,0,1,0,1,1,1,1.0609058011640873,1.2881332518930413,0,1,0,0,0,0,1,1.2222740763368531,5,3,1,0,0.147,0.1939,0,Low
0,0,0,0,0.3884753925050447,1,1,1,0,1,0,1,1,0,1,1.3419461271615007,0.9326273318023092,0,1,0,0,0,1,0,1.4165991721733402,6,2,1,0,0.6903,0.1816,1,High
0,0,0,0,-0.9566396673579334,1,0,0,0,0,0,1,0,0,1,0.4256548867794013,-0.6938409295609234,0,1,0,1,0,0,0,0.4013161967979096,2,0,0,1,0.7546,0.1298,1,High
1,0,0,0,1.5297851402675715,1,1,1,1,1,1,1,1,2,1,1.6662234263892857,2.3931663594274872,0,1,0,1,0,0,0,1.6224130827974574,8,3,1,1,0.4071,0.1993,0,Medium
0,1,1,0,1.5297851402675715,1,1,0,0,0,0,0,0,2,1,0.3591364664249838,1.3785097568950098,0,1,0,0,1,0,0,0.5592053371650555,2,3,0,1,0.081,0.1914,0,Low
0,0,1,1,1.6113072651077522,1,1,1,1,1,1,0,1,2,1,0.4871844256072372,1.4889380663994902,1,0,0,1,0,0,0,0.6031910852091253,7,3,0,1,0.0026,0.2409,0,Low
1,0,0,0,-1.2827281667186554,1,1,0,0,0,0,0,1,0,1,0.7233248178654187,-0.9707058341935108,0,1,0,0,0,1,0,-0.5213997565743292,3,0,0,0,0.9509,0.1496,1,High
1,0,1,1,0.0216258307242325,1,0,0,1,1,1,1,1,2,0,0.5736583720679795,0.1395332423866917,1,0,0,0,1,0,0,0.5703659001016107,6,2,0,1,0.0022,0.2363,0,Low
1,0,1,1,0.8776081415461278,1,1,0,0,0,0,0,0,2,1,-1.3570387787189853,-0.4658591919003552,0,0,1,1,0,0,0,-1.2081026290235373,2,3,0,1,0.0057,0.2221,0,Low
1,0,1,1,1.6113072651077522,1,1,0,0,0,0,0,0,2,0,-1.3337573315949391,-0.1887075177864338,0,0,1,0,1,0,0,-1.1066728070413168,2,3,0,1,0.0013,0.2624,0,Low
0,0,1,0,0.0216258307242325,0,0,1,0,1,1,1,1,2,0,-0.1763368174280765,-0.1193534216853379,1,0,0,1,0,0,0,0.0038032051459063,5,2,0,1,0.0243,0.2215,0,Low
1,0,1,0,0.8776081415461278,1,1,0,1,0,1,1,0,1,1,0.1945033760478006,0.6543506389539234,1,0,0,0,0,1,0,0.3074361673904175,5,3,0,0,0.1022,0.1688,0,Low
0,0,1,0,0.103147955564413,1,0,0,0,0,0,0,0,0,1,0.181199691976917,0.0572304012438201,0,1,0,0,0,1,0,0.2608244045377466,1,2,0,0,0.811,0.1339,1,High
0,0,1,0,0.6330417670255862,1,0,0,0,1,1,1,1,0,1,1.170661194748876,1.123770220706888,0,1,0,0,1,0,0,1.295474239126611,5,2,1,1,0.6261,0.1762,0,High
1,0,1,0,-0.7528343552574821,1,1,0,0,0,1,1,0,0,1,0.0581406143212447,-0.5767728036040163,1,0,0,0,1,0,0,0.2007543157909946,4,1,0,1,0.339,0.1487,0,Medium
0,0,1,1,0.103147955564413,1,1,0,0,0,0,0,0,2,0,-1.3487239761746832,-0.6464357283773181,0,0,1,1,0,0,0,-1.1936595475762308,2,2,0,1,0.0052,0.2323,0,Low
1,0,0,0,-1.2419671042985652,1,0,0,0,0,0,0,0,0,1,-0.660258325506463,-0.9663601735917564,1,0,0,0,0,0,1,-0.8874005705231184,1,0,0,0,0.6176,0.1502,1,High
1,0,1,0,1.081413453646579,1,1,0,0,0,0,0,1,1,0,0.6884026471793497,1.2343529445474712,0,1,0,0,0,1,0,0.8388759142810809,3,3,0,0,0.4262,0.1322,1,Medium
1,0,0,0,-1.2827281667186554,1,0,0,0,0,0,0,0,0,0,-1.5000533824809827,-1.000198972389174,0,0,1,0,0,0,1,-1.6184174428674711,1,0,0,0,0.7543,0.1651,0,High
1,1,1,0,0.8368470791260375,1,1,0,1,1,0,1,1,0,1,1.2970461934222688,1.4112014777670914,0,1,0,0,0,1,0,1.391652031491629,6,3,1,0,0.834,0.1712,1,High
1,0,1,0,-0.3044626686364894,1,0,0,0,0,0,1,1,1,1,0.8497098165388122,-0.0477492881153133,0,1,0,0,0,1,0,0.8076919884289422,3,2,1,0,0.3861,0.1359,1,Medium
0,0,1,1,1.570546202687662,1,1,0,0,0,0,0,0,2,0,-1.3620276602455663,-0.2750030724771104,0,0,1,0,1,0,0,-1.184468495746127,2,3,0,1,0.0019,0.2605,0,Low
1,0,1,0,0.3069532676648642,1,0,0,1,1,0,0,0,1,0,0.5304213988376084,0.3732062512921972,0,1,0,0,0,1,0,0.5654421223354833,3,2,0,0,0.4241,0.1415,0,Medium
0,1,0,0,1.6113072651077522,1,1,1,1,1,1,0,1,2,1,1.41511638955136,2.4097107525813746,0,1,0,1,0,0,0,1.5416631274329715,7,3,1,1,0.0232,0.2582,0,Low
1,0,0,1,-0.4267458558967602,1,1,0,1,0,0,1,0,0,1,0.8064728433084405,-0.148868619071873,0,1,0,0,1,0,0,0.8395324179832315,4,1,0,1,0.0833,0.2043,0,Low
1,0,1,0,0.3069532676648642,1,0,0,1,1,0,0,0,0,1,0.5038140306958415,0.389088868719929,0,1,0,0,0,1,0,0.5943282852300965,3,2,0,0,0.8062,0.1339,0,High
0,0,0,0,-0.6713122304173017,1,0,0,0,0,0,0,0,1,0,-1.4884126589189597,-0.878255765249588,0,0,1,0,0,0,1,-1.3709155471568102,1,1,0,0,0.0286,0.2009,0,Low
0,0,1,0,-0.9158786049378432,1,0,0,0,1,1,0,0,0,0,-0.3210143816989341,-0.7758128828407174,1,0,0,0,1,0,0,-0.3661366310157845,3,0,0,1,0.4029,0.1598,1,Medium
0,0,0,0,-0.0598962941159479,1,0,0,0,0,0,0,0,1,0,-1.460142330268332,-0.7074735095197265,0,0,1,0,0,0,1,-1.2419125696842774,1,2,0,0,0.2535,0.1341,0,Low
0,0,0,1,-0.9566396673579334,1,1,0,0,0,0,1,1,0,0,0.982746657247647,-0.6307075252856891,0,1,0,0,0,1,0,0.8710445956864454,4,0,1,0,0.6425,0.2097,1,High
0,0,0,0,-1.1196839170382944,1,0,0,0,0,0,0,0,0,0,-1.4734460143392158,-0.9665145879278592,0,0,1,0,1,0,0,-1.4168708063073308,1,0,0,1,0.1732,0.1921,0,Low
0,0,0,0,-0.2229405437963089,1,0,0,0,1,1,0,1,0,1,0.8097987643261616,0.0426933944592709,0,1,0,0,0,1,0,0.8516777364730116,4,2,0,0,0.5507,0.1548,0,Medium
0,0,0,0,-1.2827281667186554,0,0,0,0,0,0,0,0,0,1,-1.322116608032916,-0.997838638965886,1,0,0,0,0,0,1,-1.5307741986304069,0,0,0,0,0.6756,0.1841,1,High
0,0,1,0,1.6113072651077522,1,1,1,1,1,0,1,1,2,1,0.5919509376654447,1.6026090769621326,1,0,0,0,1,0,0,0.7190639886386524,7,3,0,1,0.0053,0.2345,0,Low
1,0,1,1,1.1629355784867594,1,0,0,1,0,1,1,1,1,1,1.117446458465342,1.7022504421302782,0,1,0,1,0,0,0,1.3109020761271428,5,3,1,1,0.0091,0.2432,0,Low
0,0,0,0,-0.5490290431570309,1,0,0,0,0,0,0,0,1,0,-1.4834237773923784,-0.8396521812238508,0,0,1,0,1,0,0,-1.3131432213675844,1,1,0,1,0.0156,0.2175,0,Low
0,0,0,0,0.9591302663863084,1,0,0,1,0,0,0,0,0,1,0.2992698881060078,0.7967868344134578,0,1,0,0,0,1,0,0.4141180189898404,2,3,0,0,0.4522,0.1616,1,Medium
0,0,0,0,1.4482630154273912,1,1,1,1,0,1,1,1,2,0,1.5099051385564046,2.2026190686764484,0,1,0,0,1,0,0,1.5203267571130867,7,3,1,1,0.6741,0.2202,0,High
1,0,0,0,-0.8343564800976626,1,1,1,1,0,1,0,0,0,1,0.0797591009364305,-0.6417150615307422,1,0,0,0,0,1,0,0.1587380788533758,5,0,0,0,0.2389,0.1601,0,Low
1,0,1,1,-0.1006573565360382,1,1,1,1,1,1,0,0,0,0,0.0913998244984534,-0.1264564811460735,1,0,0,0,0,1,0,0.1751506714071331,6,2,0,0,0.118,0.1723,0,Low
0,0,1,1,0.4699975173452252,1,0,1,0,0,1,0,0,0,0,-0.2860922110128651,0.0585539526961311,1,0,0,1,0,0,0,-0.1777200684986499,3,2,0,1,0.0533,0.1938,0,Low
0,0,0,0,1.6113072651077522,1,1,0,1,1,1,1,1,2,1,1.4367348761665455,2.435233236420105,0,1,0,0,1,0,0,1.567595023667908,7,3,1,1,0.0599,0.2398,0,Low
0,0,0,0,-0.8751175425177529,1,1,0,0,0,0,0,1,0,1,-0.1962923435344015,-0.7434961682134574,1,0,0,0,0,0,1,-0.2972037422900035,3,0,0,0,0.4292,0.161,0,Medium
0,0,0,0,-1.1604449794583849,1,0,0,0,0,0,0,0,0,0,0.1845256129946381,-0.8849397000837586,0,1,0,0,0,1,0,-0.0979548686873891,1,0,0,0,0.7924,0.1196,1,High
0,0,0,0,0.4699975173452252,1,0,0,1,1,0,1,0,0,1,0.7748765936400926,0.7439991906571211,0,1,0,0,1,0,0,0.9554053214127584,4,2,0,1,0.339,0.1636,0,Medium
0,0,0,1,0.6738028294456765,1,0,0,0,0,0,0,0,1,0,-1.510031145534145,-0.6024497017788495,0,0,1,0,1,0,0,-1.3377621101982204,1,3,0,1,0.007,0.2331,0,Low
1,0,1,0,1.4890240778474817,1,1,0,0,1,0,1,1,0,1,1.1507056686425507,2.0827273662879446,0,1,0,0,1,0,0,1.3433990093835824,5,3,1,1,0.5272,0.1964,1,Medium
0,0,0,0,-1.2827281667186554,1,0,0,0,0,0,0,0,0,0,-1.4784348958657971,-0.99991220290784,0,0,1,0,0,0,1,-1.6079133836330668,1,0,0,0,0.6174,0.1755,0,High
0,1,0,0,-0.8751175425177529,1,1,1,0,0,0,0,0,0,1,-0.3077106976280507,-0.7526727916161469,1,0,0,0,0,1,0,-0.3539913125260041,3,0,0,0,0.3956,0.142,0,Medium
0,0,1,0,1.570546202687662,1,1,0,0,1,1,1,1,2,1,0.5187806752755855,1.4891807174990808,1,0,0,1,0,0,0,0.6386422851252412,6,3,0,1,0.0148,0.2195,0,Low
0,0,0,0,1.407501953007301,1,1,0,0,0,0,0,0,2,1,-1.2888573978557074,-0.2326273668122869,0,0,1,0,0,0,1,-1.0932144811472355,2,3,0,0,0.0052,0.2537,0,Low
0,0,0,0,0.429236454925135,1,0,0,1,0,1,0,0,1,0,-0.312699579154632,0.0694511929868248,1,0,0,0,0,1,0,-0.1192912390072739,3,2,0,0,0.5551,0.1366,0,Medium
0,0,0,0,0.3477143300849545,1,1,1,0,0,0,0,0,0,1,0.5470510039262128,0.3987507943217993,0,1,0,0,1,0,0,0.5509990408881769,3,2,0,1,0.6093,0.1468,0,High
0,0,1,0,0.6330417670255862,1,1,1,1,0,0,1,1,1,1,1.2770906673159437,1.2135731867461887,0,1,0,0,1,0,0,1.4320270091738725,6,2,1,1,0.511,0.1837,1,Medium
0,0,1,0,0.7145638918657667,1,1,0,1,1,1,1,1,1,1,0.6418397529312578,0.8283535365510748,1,0,0,0,1,0,0,0.7374460922988607,7,3,0,1,0.051,0.1782,0,Low
0,0,0,0,-1.078922854618204,0,0,1,1,0,1,0,1,0,0,-0.4623660249520711,-0.8732042105399345,1,0,0,0,1,0,0,-0.5003916381055198,4,0,0,1,0.3994,0.174,0,Medium
1,1,0,0,-1.2419671042985652,1,0,0,0,0,0,0,0,0,0,-0.6619212860153233,-0.9713455507287944,1,0,0,0,0,0,1,-1.011151518378449,1,0,0,0,0.4516,0.1552,1,Medium
0,0,1,0,0.7145638918657667,1,1,1,1,0,1,1,1,0,1,1.4899496124500795,1.376039127517363,0,1,0,1,0,0,0,1.536739349666844,7,3,1,1,0.4866,0.1907,0,Medium
0,1,0,0,-1.1196839170382944,1,0,0,0,0,0,0,1,0,0,0.4688918600097724,-0.841968396265395,0,1,0,0,0,1,0,0.1275541530012369,2,0,0,0,0.8212,0.1389,1,High
1,0,1,0,0.6738028294456765,0,0,0,1,0,0,1,1,2,0,-0.5056029981824426,0.054296528857864,1,0,0,0,1,0,0,-0.3605563495475069,3,3,0,1,0.0383,0.2156,0,Low
0,0,0,0,-1.2419671042985652,1,0,0,0,0,0,0,0,0,0,-1.4800978563746574,-0.9889267258536586,0,0,1,0,0,0,1,-1.4470699766062445,1,0,0,0,0.2157,0.1769,0,Low
1,0,0,0,-0.8343564800976626,1,0,0,0,0,0,0,1,0,1,0.5021510701869811,-0.5485811576697921,0,1,0,1,0,0,0,0.6918190849994152,2,0,0,1,0.856,0.1288,0,High
1,0,0,0,-1.2827281667186554,1,0,0,0,0,0,0,1,0,0,-0.3093736581369113,-0.9844045917249294,1,0,0,0,0,0,1,-1.0308466294429577,2,0,0,0,0.7919,0.1629,0,High
1,0,0,0,-0.3859847934766699,1,0,0,0,0,0,0,0,0,0,-1.463468251286053,-0.7998353417001618,0,0,1,0,0,1,0,-1.294432865856301,1,1,0,0,0.1722,0.1648,0,Low
0,0,0,0,-1.038161792198114,0,0,0,0,0,0,0,0,0,0,-1.3237795685417766,-0.9251094866613973,1,0,0,1,0,0,0,-1.163460377277317,0,0,0,1,0.688,0.1527,0,High
1,0,1,1,-0.1414184189561284,0,0,1,1,1,1,0,1,1,1,-0.3160255001723529,-0.2867165028300626,1,0,0,0,1,0,0,-0.1514599204126382,5,2,0,1,0.0099,0.2268,0,Low
1,0,0,0,-1.1604449794583849,1,0,0,0,0,1,1,0,0,1,-0.1181331996179612,-0.8988811087147676,1,0,0,0,0,1,0,-0.3054100385668822,3,0,0,0,0.3982,0.1509,0,Medium
1,0,1,0,0.429236454925135,1,0,1,0,1,1,0,0,1,1,0.6451656739489785,0.5525474730803364,0,1,0,1,0,0,0,0.6977276183187676,4,2,0,1,0.1062,0.1634,0,Low
1,0,0,0,-0.4267458558967602,1,0,0,1,1,0,1,0,0,1,0.8164506063616035,-0.1258829421834054,0,1,0,0,0,1,0,0.9137173363262144,4,1,0,0,0.7225,0.1393,1,High
0,1,1,1,0.1846700804045935,1,1,0,0,0,0,0,0,0,1,0.387406795075611,0.2564690131983678,0,1,0,0,0,1,0,0.5349147001854948,2,2,0,0,0.0822,0.1966,1,Low
1,0,0,0,1.407501953007301,1,0,0,0,0,0,0,0,2,1,-1.4983904219721222,-0.4303880129784207,0,0,1,0,0,0,1,-1.3098607028568328,1,3,0,0,0.0114,0.2296,0,Low
0,0,1,0,1.570546202687662,1,0,1,1,1,1,0,0,2,0,-0.0266703716306373,0.9732824205791284,1,0,0,0,1,0,0,0.105561278979202,5,3,0,1,0.0284,0.2179,0,Low
0,0,1,0,-0.2637016062163992,0,0,1,1,1,0,1,0,1,0,-0.5654695765014182,-0.4836830181248099,1,0,0,1,0,0,0,-0.4954678603393924,4,2,0,1,0.1163,0.1761,0,Low
0,0,1,0,1.6113072651077522,1,1,0,0,0,0,0,0,2,0,-1.3038240424354517,-0.1763984892799416,0,0,1,1,0,0,0,-1.0941992367004612,2,3,0,1,0.0054,0.2458,0,Low
0,0,0,0,0.266192205244774,1,0,0,0,0,0,0,0,2,0,-1.4867496984100992,-0.6444945195805952,0,0,1,0,0,0,1,-1.2648901992595378,1,2,0,0,0.0202,0.2216,0,Low
0,0,1,0,1.24445770332694,1,1,0,0,0,1,0,0,1,1,0.5437250829084921,1.1816094191728783,0,1,0,0,1,0,0,0.6038475889112755,3,3,0,1,0.1713,0.1634,0,Low
1,0,1,0,0.8368470791260375,0,0,0,1,1,1,1,1,1,1,-0.1464035282685885,0.3959272178902025,1,0,0,0,0,1,0,-0.0070291059395734,5,3,0,0,0.255,0.1747,1,Low
1,0,0,0,-0.3044626686364894,1,0,1,0,1,1,1,1,0,1,1.3519238902146633,0.1761294400430907,0,1,0,0,0,1,0,1.4484396017276295,6,2,1,0,0.6628,0.1935,0,High
0,0,1,1,1.6113072651077522,1,1,1,1,1,0,1,1,2,1,0.6235471873337927,1.6202343704687407,1,0,0,0,1,0,0,0.7367895885967101,7,3,0,1,0.0016,0.2538,0,Low
0,0,0,0,-1.201206041878475,1,0,1,1,0,0,0,0,0,1,0.4738807415363535,-0.9001605417853349,0,1,0,0,0,1,0,0.0799576345953405,3,0,0,0,0.5072,0.1413,1,Medium
1,0,0,0,-1.2419671042985652,1,0,0,0,0,0,0,0,0,0,-0.6718990490684861,-0.9758676848575236,1,0,0,0,0,0,1,-1.123085399595074,1,0,0,0,0.4804,0.1521,1,Medium
1,0,1,1,-0.1821794813762187,1,1,0,0,0,0,1,1,1,0,0.9095763948577876,0.1241138679672688,0,1,0,1,0,0,0,0.9642681213917872,4,2,1,1,0.0195,0.2244,0,Low
1,0,1,1,0.266192205244774,1,1,0,0,0,0,0,0,2,0,-1.318790687015195,-0.5730448003466736,0,0,1,0,0,0,1,-1.1319481995741032,2,2,0,0,0.0043,0.234,0,Low
1,0,1,1,1.6113072651077522,1,0,0,0,0,0,0,0,2,0,-1.4800978563746574,-0.4113729904468861,0,0,1,0,0,1,0,-1.3338230879853186,1,3,0,0,0.0039,0.239,0,Low
0,1,1,0,0.266192205244774,1,0,1,1,0,0,1,1,1,0,1.1390649450805277,0.7019764320462472,0,1,0,0,0,0,1,1.2396714244438358,5,2,1,0,0.222,0.1855,0,Low
1,1,0,0,0.7960860167059473,0,0,0,1,0,0,1,1,0,1,-0.5222326032710469,0.1165034471164806,1,0,0,0,0,1,0,-0.3628541125050329,3,3,0,0,0.6774,0.1718,1,High
1,1,1,0,1.570546202687662,1,1,0,0,0,0,0,0,2,0,-1.310475884470893,-0.2193477339074332,0,0,1,0,1,0,0,-1.1266961699569007,2,3,0,1,0.0033,0.2526,0,Low
1,0,0,0,-0.9566396673579334,1,1,0,1,0,0,1,1,0,1,1.1457167871159692,-0.6035747205133138,0,1,0,0,1,0,0,1.073247735948736,5,0,1,1,0.9323,0.1824,0,High
0,0,0,1,-1.2827281667186554,1,0,1,0,0,0,0,0,0,0,-0.4972881956381404,-0.9868972802934484,1,0,0,0,0,0,1,-1.1237419032972245,2,0,0,0,0.2983,0.1968,0,Low
1,0,1,1,0.3477143300849545,1,0,0,0,0,0,0,0,1,0,-1.5083681850252848,-0.6567594297053437,0,0,1,1,0,0,0,-1.319051754686937,1,2,0,1,0.0087,0.2125,0,Low
0,0,0,0,-0.8751175425177529,1,0,1,0,0,0,0,0,0,0,0.3840808740578904,-0.6388914850991454,0,1,0,0,0,1,0,0.3514219154344873,2,0,0,0,0.5037,0.1354,0,Medium
0,0,0,0,-0.4267458558967602,1,1,0,0,0,0,1,0,0,1,0.6418397529312578,-0.2050974966042182,0,1,0,1,0,0,0,0.6576808924875998,3,1,0,1,0.7599,0.1309,0,High
1,0,1,0,-0.5897901055771212,1,1,0,1,0,0,0,0,0,0,-0.2677996454154004,-0.534794163374886,1,0,0,0,1,0,0,-0.0861378020486838,3,1,0,1,0.2725,0.158,0,Low
0,0,1,0,-0.9566396673579334,1,0,0,0,0,0,0,1,0,1,0.4954992281515393,-0.6695978787927604,0,1,0,0,0,1,0,0.5818547148892406,2,0,0,0,0.8305,0.1197,0,High
0,0,1,1,0.7960860167059473,1,0,1,0,1,1,0,0,0,1,0.6385138319135366,0.9000017885028433,0,1,0,1,0,0,0,0.7371178404477854,4,3,0,1,0.0156,0.2359,0,Low
0,0,0,1,-0.2637016062163992,1,0,0,1,1,1,1,1,2,1,1.350260929705803,0.1890340667031229,0,1,0,0,0,1,0,1.358498594533039,6,2,1,0,0.008,0.263,0,Low
1,1,1,0,-1.038161792198114,1,1,0,0,0,0,0,0,0,1,0.3175624537034729,-0.776011415558564,0,1,0,0,0,0,1,0.2234036935151797,2,0,0,0,0.8828,0.1428,1,High
1,0,0,0,0.3477143300849545,1,1,0,0,1,0,0,0,0,1,-0.3043847766103298,-0.0217415020774023,1,0,0,1,0,0,0,-0.1938044092013321,3,2,0,1,0.2687,0.1576,0,Low
1,0,0,0,-0.9158786049378432,1,0,1,1,1,0,1,1,0,1,1.315338759019734,-0.5317941134163144,0,1,0,0,0,1,0,1.284313676190056,6,0,1,0,0.85,0.2017,1,High
1,0,0,1,-0.7935954176775724,1,0,0,0,0,0,0,0,0,0,-0.6935175356836717,-0.7180178027564709,1,0,0,0,0,0,1,-0.3966640531657732,1,1,0,0,0.0453,0.2061,0,Low
1,0,0,0,0.429236454925135,1,0,1,1,1,1,0,0,1,1,0.8580246190831143,0.7038955816520982,0,1,0,0,1,0,0,0.9534358103063076,5,2,1,1,0.0687,0.1664,0,Low
0,0,1,0,1.2852187657470302,1,1,0,1,0,1,1,1,2,1,1.3485979691969427,1.98882139074648,0,1,0,1,0,0,0,1.4884863275587974,6,3,1,1,0.2324,0.2252,0,Low
0,0,0,0,-0.7935954176775724,0,0,0,0,1,0,1,1,0,0,-0.5222326032710469,-0.7224075817399689,1,0,0,0,0,1,0,-0.4199699345921087,3,1,0,0,0.7688,0.1326,0,High
1,0,1,1,0.0623868931443227,1,0,0,0,0,0,0,0,0,0,-1.4651312117949136,-0.7283635632753683,0,0,1,0,0,0,1,-1.3462966583261742,1,2,0,0,0.0177,0.2186,0,Low
0,0,1,0,0.3477143300849545,1,0,0,1,0,1,0,1,1,1,0.054814693303524,0.1949018114750348,1,0,0,1,0,0,0,0.1899220047055148,4,2,0,1,0.1729,0.1606,1,Low
1,1,1,0,-0.1006573565360382,1,1,0,0,0,1,1,1,0,1,1.2188870495058286,0.2783076121614992,0,1,0,0,0,1,0,1.1467761505895693,5,2,1,0,0.6679,0.1834,0,High
0,0,1,0,-0.2637016062163992,1,0,0,1,0,1,1,1,0,1,0.2726625199642409,-0.1444126625157593,1,0,0,0,0,1,0,0.4393934115226266,5,2,0,0,0.2201,0.1621,0,Low
1,0,0,0,0.6738028294456765,0,0,0,0,1,0,0,0,0,1,-1.1524946361291517,-0.3678281476658546,1,0,0,1,0,0,0,-0.9888303925053388,1,3,0,1,0.3956,0.1888,0,Medium
1,1,1,0,-0.0191352316958577,1,1,0,0,0,0,0,1,0,0,0.6800878446350476,0.1651219037980376,0,1,0,0,0,1,0,0.7042926553402706,3,2,0,0,0.7868,0.1356,1,High
1,0,0,0,-0.1006573565360382,1,0,0,0,0,0,1,1,0,1,0.8447209350122307,0.2067034785914745,0,1,0,0,0,1,0,0.974772180626192,3,2,1,0,0.784,0.1405,1,High
0,0,0,1,-0.8751175425177529,0,0,0,0,0,0,0,0,0,0,-1.318790687015195,-0.8672702881954069,1,0,0,0,0,1,0,-1.064656570103698,0,0,0,0,0.2466,0.1935,0,Low
0,0,1,0,1.1629355784867594,1,1,0,0,0,0,0,0,2,1,-1.3553758182101248,-0.3243715416483104,0,0,1,0,0,0,1,-1.1211158884886232,2,3,0,0,0.0088,0.2465,0,Low
0,0,1,0,1.1629355784867594,1,0,1,1,0,1,0,1,1,0,0.9594652101236008,1.5767336460694523,0,1,0,1,0,0,0,1.1602344764836503,5,3,1,1,0.2471,0.1648,0,Low
0,0,0,0,-1.078922854618204,1,0,1,1,1,1,0,1,0,1,1.1074686954121795,-0.7585625955789308,0,1,0,1,0,0,0,0.7180792330854269,6,0,1,1,0.8266,0.21,1,High
0,0,0,0,1.2036966409068497,1,1,1,1,1,0,0,0,1,1,0.9045875133312062,1.5304534636203118,0,1,0,0,0,1,0,1.0561786396928283,5,3,1,0,0.2147,0.1715,0,Low
0,0,1,0,0.0623868931443227,1,0,0,0,0,1,0,0,0,0,-0.4873104325849776,-0.2080313689901743,1,0,0,1,0,0,0,-0.240087920202928,2,2,0,1,0.2217,0.171,0,Low
1,0,1,0,-0.2229405437963089,1,0,1,0,0,0,0,0,1,0,-0.5371992478507907,-0.3816592603425044,1,0,0,0,1,0,0,-0.275867371970119,2,2,0,1,0.079,0.1645,0,Low
0,0,1,0,0.9998913288063984,1,1,1,0,1,1,1,1,2,1,0.6534804764932807,1.1287997162256695,1,0,0,0,0,1,0,0.7994856921520636,7,3,0,0,0.0288,0.203,0,Low
0,0,0,0,-0.8343564800976626,0,0,0,1,1,1,1,1,1,0,-0.1397516862331468,-0.6809804212826349,1,0,0,0,0,1,0,-0.0657861872820248,5,0,0,0,0.1327,0.1776,0,Low
1,0,0,0,-0.0191352316958577,1,1,0,1,0,0,0,0,0,1,0.5154547542578644,0.1364670148555047,0,1,0,1,0,0,0,0.6396270406784667,3,2,0,1,0.5811,0.1409,1,Medium
0,0,0,0,-0.4267458558967602,1,0,0,0,0,0,1,1,0,0,0.811461724835022,-0.1671998066863803,0,1,0,0,0,1,0,0.7801188329386297,3,1,0,0,0.743,0.1241,1,High
1,0,1,1,-0.1414184189561284,1,0,1,0,0,0,0,1,0,1,-0.1547183308128906,-0.1997150540314868,1,0,0,0,0,0,1,0.0642015457437335,3,2,0,0,0.0351,0.2006,0,Low
1,0,0,0,-0.5897901055771212,1,1,0,0,1,1,1,1,1,1,0.5703324510502589,-0.3800268802179875,1,0,0,0,1,0,0,0.5198151150360377,6,1,0,1,0.1169,0.1519,1,Low
1,0,1,1,-0.8751175425177529,1,0,0,0,0,0,0,0,0,1,-1.4767719353569364,-0.8982634513703559,0,0,1,0,0,1,0,-1.256683902982659,1,0,0,0,0.0841,0.178,0,Low
1,0,0,0,1.4890240778474817,0,0,1,1,0,1,1,1,2,1,-0.1597072123394721,0.8337800975055499,1,0,0,1,0,0,0,0.0159485236356869,5,3,0,1,0.0101,0.2354,0,Low
1,1,0,0,-0.5897901055771212,1,1,1,1,0,0,0,0,0,1,-0.2145849091318664,-0.5832140873385964,1,0,0,0,1,0,0,-0.275867371970119,4,1,0,1,0.223,0.1685,0,Low
1,0,1,0,1.6113072651077522,1,1,1,0,1,1,0,0,2,1,0.054814693303524,1.1138877031962997,1,0,0,0,1,0,0,0.2207776787065786,5,3,0,1,0.0152,0.2225,0,Low
1,0,1,1,1.5297851402675715,0,0,0,1,1,1,1,1,1,0,-0.1497294492863094,0.8170151124429441,1,0,0,0,0,1,0,-0.0293502318126834,5,3,0,0,0.0085,0.2292,0,Low
1,0,0,0,0.5107585797653155,1,0,1,0,0,0,0,0,0,1,-0.4640289854609317,0.0051707107862545,1,0,0,1,0,0,0,-0.302455771907206,2,2,0,1,0.1832,0.1609,0,Low
1,0,0,0,-1.2827281667186554,1,0,0,0,0,0,0,0,0,0,-1.5150200270607266,-1.0003975051070206,0,0,1,0,1,0,0,-1.6259672354421997,1,0,0,1,0.1807,0.1914,0,Low
1,1,0,0,-0.5897901055771212,1,1,0,1,0,0,0,0,0,1,0.5221065962933062,-0.386115216898618,0,1,0,0,1,0,0,0.4961809817586272,3,1,0,1,0.7041,0.1303,0,High
0,1,0,0,0.9998913288063984,0,0,0,1,1,0,1,1,0,1,-0.327666223734376,0.3561324375573855,1,0,0,0,0,1,0,-0.1915066462438061,4,3,0,0,0.5097,0.175,0,Medium
0,0,1,1,1.2036966409068497,0,0,1,1,0,1,1,0,2,0,-0.5371992478507907,0.3184112211665222,1,0,0,1,0,0,0,-0.3753276828458887,4,3,0,1,0.0052,0.26,0,Low
0,0,0,0,1.4482630154273912,1,1,1,1,1,1,1,1,2,1,0.7748765936400926,1.7036842895369484,1,0,0,0,0,1,0,0.9823219732009204,8,3,0,0,0.0152,0.1981,0,Low
1,0,1,1,1.3667408905872107,1,0,1,1,1,1,0,0,2,0,0.0331962066883382,0.7986398064466933,1,0,0,0,0,0,1,0.0645297975948086,5,3,0,0,0.0035,0.2532,0,Low
1,0,1,1,-1.2419671042985652,1,1,1,0,0,0,0,0,0,0,-0.2711255664331211,-0.9588159303135836,1,0,0,0,0,0,1,-0.7002970154102844,3,0,0,0,0.1919,0.1785,1,Low
0,0,1,0,0.0216258307242325,1,1,1,0,1,0,1,1,1,1,1.2920573118956875,0.5206719422705134,0,1,0,0,0,0,1,1.4044538536835598,6,2,1,0,0.2193,0.2113,1,Low
1,1,0,0,-1.038161792198114,1,1,0,0,0,0,0,0,0,0,0.2959439670882871,-0.7684009947077758,0,1,0,0,0,0,1,0.2939778414963366,2,0,0,0,0.7094,0.149,1,High
0,0,0,0,-0.712073292837392,1,1,0,0,0,0,0,0,0,1,-0.53387332683307,-0.6912158858471733,1,0,0,0,0,0,1,-0.465268690040479,2,1,0,0,0.439,0.1446,0,Medium
0,1,0,0,-0.5490290431570309,1,0,1,1,0,1,1,1,0,1,1.335294285126059,-0.1233461352331427,0,1,0,0,0,0,1,1.351605305660461,6,1,1,0,0.5566,0.185,0,Medium
1,0,1,0,1.570546202687662,1,1,1,0,1,1,1,1,2,0,0.6102435032629094,1.6938238312172318,1,0,0,0,0,1,0,0.850036477217636,7,3,0,0,0.0192,0.2109,0,Low
0,0,1,1,0.918369203966218,1,0,0,0,0,0,0,0,2,0,-1.5116941060430058,-0.531110278499287,0,0,1,0,1,0,0,-1.3078911917503822,1,3,0,1,0.006,0.2339,0,Low
1,0,1,1,-0.3044626686364894,1,0,0,0,0,1,1,0,0,0,0.700043370741373,-0.0387270790487266,0,1,0,0,0,1,0,0.8336238846638786,3,2,0,0,0.0361,0.1992,0,Low
1,1,1,0,-0.9158786049378432,1,0,0,1,1,1,1,0,0,1,0.9195541579109504,-0.596802548915656,0,1,0,0,0,0,1,0.8447844476004337,5,0,1,0,0.699,0.1818,1,High
1,1,1,0,-0.9974007297780236,1,0,0,0,0,0,1,0,0,1,0.5187806752755855,-0.7515036544999388,0,1,0,0,1,0,0,0.1853264787904628,2,0,0,1,0.7262,0.1424,1,High
1,0,0,0,1.6113072651077522,1,1,1,1,1,1,1,1,2,1,1.774315859465214,2.7619519124230725,0,1,0,0,0,1,0,1.900442400658107,8,3,1,0,0.0202,0.236,0,Low
1,0,0,0,-1.2827281667186554,1,0,0,0,0,0,0,0,0,1,0.1645700868883126,-0.9781177223264522,0,1,0,0,0,1,0,-0.797131311477453,1,0,0,0,0.9538,0.1355,1,High
1,0,0,0,-0.5897901055771212,1,1,1,0,1,0,1,0,0,0,0.1545923238351501,-0.4797564821496206,1,0,0,0,0,0,1,0.1295236641076879,5,1,0,0,0.0951,0.1851,0,Low
0,0,1,0,0.6738028294456765,1,1,0,0,0,0,1,1,0,1,1.022657709460297,1.1014904379263195,0,1,0,0,0,1,0,1.1976551875062171,4,3,1,0,0.8682,0.1493,1,High
0,0,0,0,-1.1604449794583849,1,1,0,1,0,0,0,0,0,0,0.4356326498325638,-0.8741086373656803,0,1,0,1,0,0,0,0.063216790190508,3,0,0,1,0.7597,0.1421,1,High
1,0,1,0,-0.0598962941159479,1,0,0,0,1,0,1,1,1,1,0.9627911311413214,0.2880798337177287,0,1,0,0,0,1,0,1.0729194840976612,4,2,1,0,0.6031,0.1523,0,High
0,0,1,0,0.918369203966218,1,1,1,1,1,1,1,1,1,1,0.84139501399451,1.160366418363287,1,0,0,0,0,1,0,0.939320980710076,8,3,1,0,0.0528,0.1726,0,Low
0,0,0,0,-1.038161792198114,1,0,0,0,0,0,0,0,0,0,-1.5150200270607266,-0.944962758446062,0,0,1,0,0,0,1,-1.34793791758155,1,0,0,0,0.4487,0.153,0,Medium
0,0,1,0,1.6113072651077522,1,1,1,1,0,1,1,1,2,1,0.7166729758299774,1.6641983378763372,1,0,0,1,0,0,0,0.7817600921940054,7,3,0,1,0.0088,0.2258,0,Low
0,0,1,1,0.6330417670255862,0,0,0,0,0,1,0,0,0,1,-1.1757760832531978,-0.3810857213798363,1,0,0,0,1,0,0,-0.9894868962074892,1,2,0,1,0.0494,0.2157,0,Low
1,0,0,0,-1.1604449794583849,1,0,0,0,0,0,0,0,0,1,-0.6669101675419048,-0.931175764151156,1,0,0,0,1,0,0,-0.7859707485408978,1,0,0,1,0.5946,0.1469,0,Medium
0,0,0,0,0.918369203966218,1,1,1,0,1,0,0,0,1,1,0.6451656739489785,1.0160551916796454,0,1,0,0,1,0,0,0.7476218996821898,4,3,0,1,0.1192,0.1741,0,Low
1,0,1,0,-0.5897901055771212,1,0,0,0,1,0,0,0,0,1,-0.5089289192001635,-0.6213985467377685,1,0,0,0,0,0,1,-0.4252219642093111,2,1,0,0,0.1692,0.1713,1,Low
1,0,0,0,-0.5082679807369407,1,0,0,0,0,0,0,0,2,1,-1.501716342989843,-0.8238798597504782,0,0,1,0,0,0,1,-1.2872113251326478,1,1,0,0,0.0086,0.2326,0,Low
1,0,0,0,-0.8751175425177529,1,0,0,0,0,0,0,0,0,0,0.1778737709591963,-0.6735905923405652,0,1,0,0,0,1,0,0.136416952980266,1,0,0,0,0.6624,0.131,0,High
0,0,0,0,-1.2419671042985652,1,0,0,0,0,0,0,0,0,0,-1.5150200270607266,-0.989323791289352,0,0,1,0,0,0,1,-1.4569175321384986,1,0,0,0,0.251,0.1699,0,Low
1,0,0,1,-1.2827281667186554,0,0,0,0,0,0,0,0,0,0,-1.3520498971924038,-0.9982357044015794,1,0,0,0,0,0,1,-1.5455455319287883,0,0,0,0,0.1286,0.2316,0,Low
1,0,1,0,-1.038161792198114,0,0,1,1,0,0,0,0,0,0,-1.0194577954203168,-0.8957045852292213,1,0,0,0,0,0,1,-0.8896983334806444,2,0,0,0,0.5817,0.1843,0,Medium
1,0,1,0,-0.1414184189561284,1,0,0,0,0,0,0,0,0,1,0.196166336556661,-0.1376625501089733,0,1,0,0,0,1,0,0.2181516638979775,1,2,0,0,0.7308,0.1381,1,High
0,0,1,0,0.1846700804045935,1,0,0,0,0,0,0,0,0,0,-1.5083681850252848,-0.6536711429832848,0,0,1,1,0,0,0,-1.2471645993014795,1,2,0,1,0.4239,0.1537,0,Medium
1,0,1,1,-0.0598962941159479,1,1,0,0,0,0,0,0,2,0,-1.3004981214177305,-0.6755538603281599,0,0,1,0,0,0,1,-1.1677276513412942,2,2,0,0,0.0078,0.2162,0,Low
0,0,1,0,-1.1196839170382944,1,0,0,0,0,1,1,0,0,1,0.6950544892147915,-0.801136833961601,0,1,0,0,0,1,0,0.6337185073591138,3,0,0,0,0.795,0.1501,1,High
1,0,0,0,-0.6305511679972114,1,0,1,1,0,0,0,0,1,0,-0.2910810925394463,-0.5911333368615905,1,0,0,0,0,0,1,-0.2157972832233671,3,1,0,0,0.0909,0.1565,0,Low
1,0,1,1,-1.1604449794583849,1,0,0,0,0,0,0,0,2,0,-1.5067052245164243,-0.9785589061438892,0,0,1,0,1,0,0,-1.4910557246503142,1,0,0,1,0.0071,0.2231,0,Low
0,0,1,1,-1.038161792198114,0,0,1,0,0,1,0,0,0,0,-1.0044911508405732,-0.9001164234035913,1,0,0,0,0,0,1,-0.9310580667161128,2,0,0,0,0.1353,0.2016,0,Low
0,0,1,1,0.6330417670255862,1,0,1,0,1,0,1,1,1,1,1.159020471186853,1.186947743363866,0,1,0,1,0,0,0,1.391652031491629,5,2,1,1,0.0173,0.24,0,Low
1,0,1,0,1.1221745160666692,1,0,1,0,0,0,1,0,1,1,-0.1680220148837743,0.5622093986822067,1,0,0,0,0,0,1,-0.026395965153007,3,3,0,0,0.0443,0.19,0,Low
0,0,1,0,1.6113072651077522,1,1,0,0,1,0,1,1,2,1,0.3973845581287735,1.4036792936797906,1,0,0,1,0,0,0,0.5162043446742112,5,3,0,1,0.0271,0.2102,0,Low
0,0,1,1,1.6113072651077522,1,1,0,0,0,0,0,0,2,0,-1.3437350946481017,-0.2548850904019834,0,0,1,1,0,0,0,-1.1742926883627969,2,3,0,1,0.0016,0.2617,0,Low
1,0,0,0,0.5515196421854057,1,1,1,0,0,0,1,0,0,1,0.8081358038173013,0.8641556033360873,0,1,0,0,1,0,0,1.0223686990320884,4,2,0,1,0.2393,0.1751,0,Low
1,0,1,1,1.4482630154273912,1,0,0,1,1,1,1,1,1,0,1.3602386927589656,2.2216561503988546,0,1,0,0,1,0,0,1.540678371879746,6,3,1,1,0.0172,0.2601,0,Low
0,0,0,0,-0.9158786049378432,1,0,0,0,0,0,0,0,0,1,-1.4734460143392158,-0.9262565645867332,0,0,1,0,0,0,1,-1.383717369348741,1,0,0,0,0.1683,0.1879,0,Low
1,0,1,0,1.1629355784867594,1,1,0,0,0,0,0,0,2,0,-1.310475884470893,-0.3301069312749913,0,0,1,1,0,0,0,-1.128009177361201,2,3,0,1,0.0093,0.2278,0,Low
1,0,0,0,0.8368470791260375,1,1,0,1,1,1,0,1,2,1,0.3009328486148686,0.7374034925864381,1,0,0,1,0,0,0,0.4633557966511125,6,3,0,1,0.0212,0.1969,0,Low
0,0,0,1,1.1629355784867594,1,1,0,0,0,0,0,0,2,1,-1.325442529050637,-0.3478645799268305,0,0,1,0,1,0,0,-1.149345547681086,2,3,0,1,0.0036,0.2554,0,Low
1,0,0,0,0.2254311428246837,1,0,0,0,1,1,0,1,1,1,-0.0848739894407525,0.0299873005170855,1,0,0,0,0,0,1,0.0392544050620224,4,2,0,0,0.4108,0.1655,1,Medium
0,1,0,0,0.7960860167059473,1,1,1,1,1,0,1,1,0,0,1.4383978366754058,1.567292312376301,0,1,0,0,1,0,0,1.673948623416256,7,3,1,1,0.2568,0.1803,0,Low
1,0,1,0,-0.7935954176775724,1,0,1,0,0,0,0,1,0,0,0.6385138319135366,-0.525683717544812,0,1,0,0,0,1,0,0.6255122110822351,3,1,0,0,0.5529,0.1269,1,Medium
0,0,0,0,1.2036966409068497,1,1,0,0,0,0,1,1,1,1,0.9694429731767632,1.5310711209647234,0,1,0,1,0,0,0,1.0568351433949787,4,3,1,1,0.5193,0.1613,0,Medium
1,0,0,0,-0.6713122304173017,1,0,0,0,0,0,0,0,0,1,0.1695589684148941,-0.4770652608632549,0,1,0,0,1,0,0,0.3849036042441522,1,1,0,1,0.5838,0.1367,0,Medium
0,0,0,0,1.3667408905872107,0,0,1,1,1,1,1,1,2,1,-0.0782221474053107,0.8160003896628389,1,0,0,1,0,0,0,0.0838966568082424,6,3,0,1,0.0069,0.2381,0,Low
0,0,0,0,0.266192205244774,1,0,0,1,0,0,1,0,1,1,-0.2079330670964246,-0.0274989508949551,1,0,0,0,1,0,0,-0.1173217279008229,3,2,0,1,0.2275,0.1424,0,Low
1,0,0,0,-1.2827281667186554,1,1,0,0,1,1,0,0,0,0,-0.0931887919850547,-0.981536896911589,1,0,0,0,0,0,1,-0.92449302969461,4,0,0,0,0.4588,0.1801,1,Medium
0,0,0,0,-0.712073292837392,0,0,1,1,1,1,0,0,1,0,-0.6303250363469752,-0.7029734345818692,1,0,0,0,0,0,1,-0.5200867491700285,4,1,0,0,0.1138,0.1664,0,Low
0,1,0,0,-1.1604449794583849,1,1,0,0,1,0,1,0,0,1,0.8097987643261616,-0.8561745151868664,0,1,0,0,0,1,0,0.3300855451146026,4,0,0,0,0.8723,0.132,1,High
0,0,0,0,-1.2827281667186554,1,0,0,0,0,0,0,0,0,0,-0.7001693777191135,-0.9895885015798142,1,0,0,0,0,1,0,-1.2238587178751443,1,0,0,0,0.7921,0.1461,0,High
0,0,1,1,-0.8343564800976626,1,0,0,0,1,0,1,0,0,1,-0.2162478696407268,-0.6821936767805866,1,0,0,0,1,0,0,-0.0726794761546029,3,0,0,1,0.0522,0.1938,0,Low
0,0,1,1,-1.201206041878475,0,0,1,0,0,0,0,0,0,0,-1.169124241217756,-0.9684557967245822,1,0,0,0,1,0,0,-1.1903770290654792,1,0,0,1,0.0723,0.2028,1,Low
1,0,0,0,-1.2419671042985652,0,0,0,0,1,0,1,1,0,1,-0.518906682253326,-0.969051394878122,1,0,0,0,0,1,0,-0.9540356962913732,3,0,0,0,0.9191,0.1439,1,High
1,0,0,0,-1.2827281667186554,1,0,0,0,0,0,0,0,0,1,-0.698506417210253,-0.9895664423889424,1,0,0,1,0,0,0,-1.223202214172994,1,0,0,1,0.7384,0.1541,0,High
0,0,1,1,0.0216258307242325,1,0,0,0,0,0,0,0,2,0,-1.4884126589189597,-0.7131647807646638,0,0,1,0,0,0,1,-1.2954176214095263,1,2,0,0,0.0052,0.2379,0,Low
1,0,1,0,1.6113072651077522,1,0,0,0,1,0,1,1,0,1,0.9910614597919492,1.967909277799966,0,1,0,0,0,1,0,1.0913015877578696,4,3,1,0,0.4829,0.175,0,Medium
0,0,1,0,1.6113072651077522,1,1,0,1,0,0,1,1,2,1,1.0925020508324357,2.0218881178633823,0,1,0,0,1,0,0,1.146447898738494,5,3,1,1,0.039,0.2386,0,Low
1,0,1,1,1.5297851402675715,1,1,1,0,1,0,1,0,2,0,0.1362997582376854,1.1346674609975818,1,0,0,0,1,0,0,0.3034971451775161,5,3,0,1,0.0069,0.2248,0,Low
1,0,0,0,-0.8343564800976626,1,0,0,0,1,0,1,1,1,0,1.025983630478018,-0.4865507129381504,0,1,0,0,0,1,0,1.0469875878627244,4,0,1,0,0.5699,0.1494,0,Medium
0,0,0,0,0.1439090179845032,1,0,1,1,1,1,1,0,1,1,0.3824179135490295,0.140967089793362,1,0,0,0,0,0,1,0.3694757672436203,6,2,0,0,0.1888,0.165,0,Low
0,0,0,0,-0.0191352316958577,1,0,0,0,0,0,0,0,0,0,-1.4950645009544017,-0.7435182274043293,0,0,1,1,0,0,0,-1.3443271472197234,1,2,0,1,0.2342,0.1754,0,Low
1,0,0,0,0.266192205244774,1,0,0,0,0,0,0,0,1,0,-1.4950645009544017,-0.6598697756182745,0,0,1,0,0,0,1,-1.2934481103030755,1,2,0,0,0.0444,0.1914,0,Low
0,1,1,0,1.24445770332694,1,1,0,1,1,0,1,1,0,1,1.285405469860246,1.8496940739177223,0,1,0,0,0,1,0,1.3804914685550738,6,3,1,0,0.7074,0.1897,0,High
1,0,0,0,0.3069532676648642,1,0,0,0,0,1,0,0,0,1,-0.4573771434254898,-0.0855587412696639,1,0,0,0,0,1,0,-0.2670045719910902,2,2,0,0,0.3742,0.1436,0,Medium
0,1,0,0,1.2852187657470302,1,0,1,1,0,1,1,0,2,1,0.1778737709591963,0.9680323331516282,1,0,0,0,1,0,0,0.3202379895823483,5,3,0,1,0.0113,0.2225,1,Low
0,0,0,0,-0.1821794813762187,1,0,1,1,0,0,0,0,0,0,-0.292744053048307,-0.3371438131631113,1,0,0,0,0,1,0,-0.2190798017341186,3,2,0,0,0.3594,0.1402,0,Medium
1,0,0,0,1.2852187657470302,1,0,0,0,0,0,0,0,2,0,-1.5067052245164243,-0.461778241589063,0,0,1,0,0,0,1,-1.316425739878336,1,3,0,0,0.0249,0.2097,0,Low
1,0,0,0,0.5107585797653155,1,0,0,0,0,0,0,0,1,0,-1.5299866716404704,-0.6262736279204473,0,0,1,1,0,0,0,-1.3239755324530642,1,2,0,1,0.0594,0.1727,0,Low
0,0,0,0,0.592280704605496,1,1,0,1,1,0,1,1,0,1,1.3801942188652905,1.1304320963501868,0,1,0,0,0,1,0,1.3732699278314209,6,2,1,0,0.7992,0.1692,0,High
0,0,1,0,1.1221745160666692,1,1,0,1,0,0,1,1,0,1,1.1623463922045736,1.631903682439949,0,1,0,0,0,1,0,1.278405142870703,5,3,1,0,0.8678,0.1777,0,High
0,1,0,0,-1.201206041878475,1,0,0,0,1,0,0,0,0,0,0.2992698881060078,-0.9222638510389284,0,1,0,0,0,1,0,-0.3310136829507437,2,0,0,0,0.7574,0.1184,0,High
0,0,0,0,-1.1196839170382944,1,0,1,0,0,1,0,0,0,0,-0.3542735918761429,-0.8729174410586004,1,0,0,0,0,1,0,-0.2561722609056101,3,0,0,0,0.3705,0.1503,1,Medium
1,0,0,1,-1.2827281667186554,1,0,0,0,1,0,0,0,0,1,-0.4989511561470007,-0.9869193394843204,1,0,0,0,0,1,0,-1.12472665885045,2,0,0,0,0.8538,0.1817,0,High
0,0,0,0,1.081413453646579,1,1,0,0,0,0,0,0,2,0,-1.3437350946481017,-0.3501807949683747,0,0,1,0,0,1,0,-1.1260396662547505,2,3,0,0,0.0334,0.2022,0,Low
0,0,0,0,-0.1006573565360382,1,0,1,1,1,1,1,1,1,0,0.6817508051439078,0.1074591788590221,1,0,0,1,0,0,0,0.7367895885967101,7,2,0,1,0.0646,0.176,1,Low
0,1,0,0,-0.1414184189561284,1,1,0,0,0,1,1,1,0,0,1.124098300500784,0.254086620584208,0,1,0,0,0,1,0,1.1894488912293384,5,2,1,0,0.6547,0.1764,1,High
1,1,0,0,-1.201206041878475,0,0,0,0,1,0,0,1,0,1,-0.7883062846887166,-0.9505878521183836,1,0,0,0,0,1,0,-0.8578579039263552,2,0,0,0,0.9274,0.1513,1,High
1,0,0,0,-0.8751175425177529,1,0,0,1,0,0,0,0,0,1,0.3225513352300539,-0.6450459993523915,0,1,0,0,0,1,0,0.3133447007097704,2,0,0,0,0.7962,0.1207,1,High
1,0,0,0,-1.2827281667186554,1,0,0,0,0,0,0,0,0,0,-1.4651312117949136,-0.9997357293808652,0,0,1,0,0,0,1,-1.6013483466115637,1,0,0,0,0.5072,0.1732,0,Medium
0,0,1,0,1.040652391226489,1,1,0,0,0,0,0,0,1,1,-1.3420721341392414,-0.348063112644677,0,0,1,0,1,0,0,-1.1092988218499178,2,3,0,1,0.0588,0.1834,0,Low
1,0,1,1,1.6113072651077522,1,1,1,1,1,1,1,1,2,1,1.6446049397740998,2.5463894992233564,0,1,0,0,1,0,0,1.6808419122888338,8,3,1,1,0.0026,0.2622,0,Low
1,1,1,0,-0.1006573565360382,1,1,0,0,0,0,0,0,0,0,0.4339696893237034,0.0285093347286714,0,1,0,0,0,0,1,0.547060018675275,2,2,0,0,0.609,0.1578,0,High
1,1,0,0,-0.3044626686364894,1,1,0,1,0,0,1,0,0,1,0.8197765273793242,-0.040006512119294,0,1,0,0,0,1,0,0.830013114302052,4,2,0,0,0.7588,0.135,1,High
1,0,0,0,0.8368470791260375,1,0,0,1,0,1,0,0,0,1,0.5237695568021665,0.9093990038142514,0,1,0,0,0,0,1,0.7003536331273688,3,3,0,0,0.1349,0.1884,0,Low
0,0,1,0,1.407501953007301,1,0,0,0,0,0,0,0,1,1,-1.463468251286053,-0.423284953517685,0,0,1,1,0,0,0,-1.3019826584310292,1,3,0,1,0.0613,0.1782,0,Low
0,0,1,0,-0.1414184189561284,1,0,0,0,0,0,0,0,1,0,-1.4917385799366805,-0.7706510321767045,0,0,1,0,0,1,0,-1.3518769397944517,1,2,0,0,0.0304,0.2021,0,Low
1,0,1,1,1.2036966409068497,1,1,0,0,0,0,0,0,1,0,-1.3320943710860789,-0.3576147422921881,0,0,1,1,0,0,0,-1.173636184660647,2,3,0,1,0.0051,0.2279,0,Low
1,0,0,0,-1.078922854618204,1,0,0,0,1,0,1,1,0,0,0.9860725782653676,-0.7550331250394348,0,1,0,0,0,0,1,0.7558281959590686,4,0,1,0,0.8339,0.1724,1,High
1,0,1,0,1.2036966409068497,1,1,0,0,0,0,0,0,2,1,-1.3503869366835437,-0.380401886462809,0,0,1,1,0,0,0,-1.200552836448809,2,3,0,1,0.0073,0.2333,0,Low
1,0,1,0,1.6113072651077522,1,1,1,1,1,1,1,1,2,1,1.6362901372297975,2.727120450036422,0,1,0,0,1,0,0,1.8649912007419915,8,3,1,1,0.0125,0.2422,0,Low
1,0,0,0,0.266192205244774,0,0,0,0,0,1,0,1,0,1,-0.8065988502861812,-0.3495631376239629,1,0,0,0,0,1,0,-0.7163813561129667,2,2,0,0,0.2781,0.1751,0,Low
0,0,1,0,0.6738028294456765,1,1,0,1,0,0,1,1,1,0,1.1839648788197594,1.1713298362265965,0,1,0,0,0,0,1,1.3017110242970389,5,3,1,0,0.2525,0.1918,1,Low
0,0,1,0,0.592280704605496,1,1,0,0,0,0,0,0,1,0,-1.2622500297139403,-0.4570575747424872,0,0,1,0,0,1,0,-1.0873059478278833,2,2,0,0,0.0778,0.167,0,Low
0,0,0,0,0.103147955564413,1,1,0,1,0,1,0,0,0,0,0.6800878446350476,0.2782414345888836,0,1,0,0,1,0,0,0.7174227293832768,4,2,0,1,0.6182,0.1545,1,High
1,0,0,0,-1.3234892291387457,1,0,0,0,0,0,0,0,2,0,-1.4834237773923784,-0.9999783804804556,0,0,1,0,0,0,1,-1.2780202733025436,1,0,0,0,0.0302,0.2344,0,Low
1,0,1,0,-0.3044626686364894,1,0,1,1,1,0,0,0,1,1,-0.1081554365647985,-0.2981652228925527,1,0,0,1,0,0,0,0.0911181975318956,4,2,0,1,0.075,0.1663,0,Low
1,0,1,1,0.9998913288063984,1,0,0,0,0,0,0,0,1,0,-1.5116941060430058,-0.5405516121924389,0,0,1,0,0,0,1,-1.342029384262197,1,3,0,0,0.0266,0.2097,0,Low
1,0,1,0,-0.4675069183168504,1,1,0,0,1,1,1,1,0,1,1.3718794163209884,-0.0162708227411837,0,1,0,0,0,1,0,1.414301409215814,6,1,1,0,0.8831,0.1816,1,High
1,0,0,0,0.5515196421854057,0,0,0,1,0,0,0,0,0,0,-1.149168715111431,-0.4000345663387553,1,0,0,1,0,0,0,-0.9789828369730844,1,2,0,1,0.5299,0.1698,1,Medium
1,0,1,0,-1.2827281667186554,1,0,0,0,0,0,0,0,0,1,0.2044811391009632,-0.977588301745528,0,1,0,0,0,1,0,-0.777436200412944,1,0,0,0,0.9419,0.1318,1,High
0,1,1,0,0.8368470791260375,1,1,0,0,0,0,0,0,2,0,-1.322116608032916,-0.4461382752609215,0,0,1,0,1,0,0,-1.167399399490219,2,3,0,1,0.0179,0.2337,0,Low
0,0,0,0,-1.2827281667186554,1,0,0,0,0,0,0,1,0,1,0.4905103466249578,-0.9737941209155696,0,1,0,0,0,1,0,-0.6362879044506308,2,0,0,0,0.9693,0.1468,1,High
1,1,0,0,-1.1196839170382944,1,0,0,0,0,0,0,0,0,1,0.2194477836807072,-0.8449684462239667,0,1,0,0,0,0,1,0.0901334419786701,1,0,0,0,0.738,0.1457,0,High
1,0,0,0,1.2036966409068497,1,1,0,0,0,0,0,0,2,0,-1.3786572653341709,-0.3781739081847521,0,0,1,1,0,0,0,-1.1979268216402077,2,3,0,1,0.0123,0.2215,0,Low
1,1,0,0,-1.2419671042985652,0,0,0,0,0,0,0,0,0,1,-1.3437350946481017,-0.9879561214552972,1,0,0,0,0,0,1,-1.423107591477759,0,0,0,0,0.674,0.1692,1,High
1,0,1,1,1.6113072651077522,1,1,0,0,0,0,0,0,2,0,-1.3337573315949391,-0.2281934694470451,0,0,1,1,0,0,0,-1.1470477847235598,2,3,0,1,0.0015,0.2611,0,Low
1,0,0,0,-0.0598962941159479,1,1,0,1,1,0,1,1,1,1,1.2837425093513857,0.3439557641961242,0,1,0,0,0,1,0,1.2029072171234192,6,2,1,0,0.4713,0.1779,1,Medium
0,1,1,0,0.9591302663863084,1,1,1,1,1,1,0,0,1,1,0.1196701531490811,0.7619994904085506,1,0,0,0,1,0,0,0.3688192635414702,6,3,0,1,0.0577,0.1926,0,Low
1,1,0,0,-0.5490290431570309,1,0,1,0,0,0,0,1,0,1,0.7466062649894649,-0.2865620884939597,0,1,0,0,0,1,0,0.7443393811714386,3,1,0,0,0.5907,0.1366,0,Medium
1,1,1,0,-0.8343564800976626,1,0,0,0,0,0,0,1,0,1,0.5187806752755855,-0.5896994894549202,0,1,0,0,0,1,0,0.4564625077785346,2,0,0,0,0.7742,0.1312,1,High
0,0,0,0,1.2852187657470302,1,1,0,1,1,1,1,1,2,1,1.518219941100707,2.109926348632935,0,1,0,0,1,0,0,1.627336860563585,7,3,1,1,0.209,0.2244,0,Low
1,0,1,0,1.570546202687662,1,1,0,1,1,0,0,1,0,1,0.9444985655438568,1.933541058421624,0,1,0,1,0,0,0,1.097866624779372,5,3,1,1,0.3505,0.1872,0,Medium
1,0,0,0,-1.201206041878475,0,0,0,0,0,0,0,0,0,0,-1.3337573315949391,-0.9793750962061478,1,0,0,0,0,1,0,-1.3932366730299202,0,0,0,0,0.7092,0.1437,1,High
0,0,0,0,-1.2827281667186554,1,0,0,0,1,0,0,0,0,0,0.3558105454072627,-0.9755809153761894,0,1,0,0,0,1,0,-0.7025947783678105,2,0,0,0,0.9465,0.1367,0,High
1,0,0,0,-0.8751175425177529,1,1,0,0,0,0,0,0,0,0,-1.3869720678784732,-0.900734080748003,0,0,1,0,1,0,0,-1.272111739983191,2,0,0,1,0.1149,0.1834,1,Low
0,0,0,0,-1.1604449794583849,1,1,0,0,0,0,0,0,0,0,-0.4706808274963733,-0.9142563647524468,1,0,0,0,0,1,0,-0.5342015787662601,2,0,0,0,0.7764,0.1177,0,High
1,1,0,0,-1.2419671042985652,1,1,0,0,0,0,1,1,0,1,0.9644540916501818,-0.9221094367028256,0,1,0,0,0,1,0,0.2099453676210988,4,0,1,0,0.9263,0.14,1,High
0,0,0,0,-1.1604449794583849,1,1,0,0,1,1,0,0,0,1,0.7399544229540231,-0.858270138319692,0,1,0,0,0,0,1,0.298901619262464,4,0,0,0,0.8208,0.1639,1,High
0,0,1,0,-1.2827281667186554,0,0,0,0,0,0,0,0,0,1,-1.3320943710860789,-0.997970994111117,1,0,0,0,0,1,0,-1.5356979763965342,0,0,0,0,0.821,0.1554,1,High
0,0,0,0,-0.712073292837392,1,0,0,1,0,0,1,0,0,1,0.6102435032629094,-0.5103746390797482,0,1,0,1,0,0,0,0.3753843005629732,3,1,0,1,0.7709,0.1326,0,High
1,0,1,0,1.3667408905872107,1,1,0,1,1,0,0,1,1,0,1.0126799464071343,1.758810207525701,0,1,0,0,0,1,0,1.1306918098868868,5,3,1,0,0.4249,0.1462,0,Medium
0,0,0,0,-1.2419671042985652,1,0,0,0,0,0,1,1,0,1,0.8497098165388122,-0.9347052346906518,0,1,0,0,0,1,0,-0.1022221427513661,3,0,1,0,0.9345,0.1241,1,High
0,0,0,0,-0.7935954176775724,1,1,1,0,0,0,0,0,0,1,0.5038140306958415,-0.554779790304782,0,1,0,0,1,0,0,0.4705773373747657,3,1,0,1,0.597,0.1324,0,Medium
1,0,0,0,-1.2827281667186554,1,0,0,0,0,0,0,0,0,0,-1.5116941060430058,-1.000353386725277,0,0,1,0,0,0,1,-1.624325976186824,1,0,0,0,0.6982,0.164,1,High
0,0,1,1,-1.201206041878475,1,0,0,0,0,0,0,0,0,0,-1.5150200270607266,-0.984779597969751,0,0,1,0,0,0,1,-1.4936817394589157,1,0,0,0,0.1441,0.1781,0,Low
0,0,0,0,1.3259798281671205,1,1,0,0,0,0,0,0,2,0,-1.275553713784824,-0.2595395796759437,0,0,1,1,0,0,0,-1.0978100070622876,2,3,0,1,0.0082,0.2382,0,Low
1,1,0,0,-0.0191352316958577,1,1,0,0,0,0,1,1,0,1,1.0409502750577622,0.323131888013098,0,1,0,0,1,0,0,1.0604459137568052,4,2,1,1,0.8069,0.1722,1,High
1,1,0,0,-1.1196839170382944,1,0,0,0,0,0,1,1,0,1,0.8829690267160208,-0.8104899308912653,0,1,0,0,0,1,0,0.5178456039295868,3,0,1,0,0.9177,0.1431,1,High
0,0,0,0,1.2036966409068497,1,1,0,1,1,1,1,1,2,0,0.6534804764932807,1.2822434479302571,1,0,0,1,0,0,0,0.7630497366827222,7,3,0,1,0.0106,0.2101,0,Low
1,0,0,0,-1.201206041878475,1,0,0,0,0,1,0,0,0,1,-0.4773326695318151,-0.9437274437572384,1,0,0,0,0,0,1,-0.730167933858123,2,0,0,0,0.5667,0.1565,0,Medium
0,0,1,1,-0.9158786049378432,1,1,0,0,0,0,0,0,2,0,-1.2888573978557074,-0.90940334276064,0,0,1,0,1,0,0,-1.269813977025665,2,0,0,1,0.0077,0.2301,0,Low
1,0,0,0,1.24445770332694,1,1,1,1,1,1,0,0,1,0,0.1313108767111039,0.8049487350360425,1,0,0,1,0,0,0,0.1659596195770289,6,3,0,1,0.0278,0.1934,0,Low
1,0,0,0,-1.2419671042985652,1,1,0,0,0,0,0,0,0,1,0.387406795075611,-0.9372420416409146,0,1,0,0,0,1,0,-0.1652464981577944,2,0,0,0,0.9095,0.1131,1,High
1,0,1,1,0.4699975173452252,0,0,0,0,1,1,1,1,1,1,-0.3509476708584221,0.0133546705997106,1,0,0,0,0,1,0,-0.2525614905437835,4,2,0,0,0.0268,0.2223,0,Low
0,0,1,0,0.5515196421854057,1,0,0,1,0,0,1,1,0,1,0.1412886397642664,0.3887579808568513,1,0,0,0,1,0,0,0.2696872045167758,4,2,0,1,0.408,0.1605,0,Medium
1,1,0,0,-1.2827281667186554,1,0,0,0,0,0,0,0,0,0,-0.6536064834710211,-0.9889708442354024,1,0,0,0,0,1,0,-1.200881088299884,1,0,0,0,0.8146,0.1391,0,High
1,0,0,1,-0.7935954176775724,1,0,0,0,0,0,1,0,0,1,0.4472733733945866,-0.5527503447445717,0,1,0,0,1,0,0,0.4814096484602455,2,1,0,1,0.2023,0.186,0,Low
0,1,0,0,-1.2827281667186554,1,0,0,0,0,0,0,0,0,1,0.166233047397173,-0.9780956631355804,0,1,0,0,0,1,0,-0.7964748077753026,1,0,0,0,0.9498,0.1385,1,High
1,0,1,0,0.6738028294456765,1,1,0,0,0,0,1,0,0,0,0.6534804764932807,0.8682586128382515,0,1,0,0,0,1,0,0.8506929809197862,3,3,0,0,0.7307,0.1425,1,High
0,0,0,0,-1.078922854618204,1,1,0,0,0,0,1,1,0,1,0.9544763285970193,-0.7722613531103495,0,1,0,1,0,0,0,0.5726636630591364,4,0,1,1,0.9611,0.1595,1,High
0,1,0,0,-0.5897901055771212,1,1,0,1,0,1,0,0,0,1,0.6850767261616291,-0.344555701296053,0,1,0,0,0,1,0,0.6589938998919005,4,1,0,0,0.5966,0.1475,1,Medium
1,0,0,1,1.2036966409068497,1,1,0,0,0,0,0,0,2,1,-1.3453980551569622,-0.3855196187450781,0,0,1,0,0,0,1,-1.2064613697681614,2,3,0,0,0.0021,0.2661,0,Low
1,0,1,1,1.1221745160666692,1,0,1,1,0,1,1,1,0,1,0.4722177810274931,1.0485042614521365,1,0,0,0,1,0,0,0.566755129739784,6,3,0,1,0.0234,0.2141,0,Low
0,0,0,0,-0.9974007297780236,1,0,1,0,0,1,0,0,1,0,-0.3526106313672825,-0.8113722985261393,1,0,0,1,0,0,0,-0.3096773126308592,3,0,0,1,0.058,0.1725,0,Low
1,1,1,0,-0.1006573565360382,1,0,0,1,0,0,0,0,0,1,-0.4806585905495361,-0.335004071648542,1,0,0,1,0,0,0,-0.3254334014824662,2,2,0,1,0.0871,0.1898,1,Low
0,0,0,0,-0.1414184189561284,1,1,0,0,0,0,0,0,0,1,0.3109106116680311,-0.1295227086772607,0,1,0,0,0,1,0,0.2381750268135614,2,2,0,0,0.7406,0.1265,0,High
1,0,0,1,0.266192205244774,0,0,0,0,1,1,1,1,1,0,-0.3326551052609572,-0.0419697801068887,1,0,0,1,0,0,0,-0.144238379688985,4,2,0,1,0.019,0.205,0,Low
1,0,0,0,-1.038161792198114,0,0,0,0,1,1,0,0,1,1,-0.9762208221899455,-0.8988149311421522,1,0,0,0,1,0,0,-0.9189127482263324,2,0,0,1,0.1301,0.1895,0,Low
0,0,1,0,-1.201206041878475,1,0,0,0,0,0,0,0,0,1,-0.6236731943115333,-0.9514922789441296,1,0,0,0,0,0,1,-0.8745987483311877,1,0,0,0,0.7444,0.1437,0,High
1,1,0,0,-0.9566396673579334,1,1,0,0,0,0,0,1,0,1,0.6318619898780948,-0.6603109594357116,0,1,0,0,0,1,0,0.6511158554660966,3,0,0,0,0.8588,0.1226,1,High
1,0,0,0,-0.2229405437963089,1,0,0,0,0,0,0,0,2,0,-1.4967274614632615,-0.8015559585881661,0,0,1,0,1,0,0,-1.3915954137745443,1,2,0,1,0.0062,0.2384,0,Low
1,0,1,0,-0.6713122304173017,1,1,0,0,0,0,0,0,0,1,0.3508216638806817,-0.4841683203239906,0,1,0,0,0,1,0,0.3537196783920132,2,1,0,0,0.8474,0.1044,0,High
0,0,1,0,1.2036966409068497,1,0,0,1,1,0,1,1,0,1,1.173987115766597,1.7631779273183277,0,1,0,0,0,1,0,1.330925439042727,5,3,1,0,0.8348,0.1731,1,High
0,0,0,0,-0.4675069183168504,1,0,1,0,1,0,0,1,1,0,-6.300348887048559e-05,-0.4191378256337773,1,0,0,0,0,0,1,0.0517279754028778,4,1,0,0,0.0719,0.1782,0,Low
1,0,0,0,-0.3044626686364894,1,1,1,1,1,1,0,1,0,0,0.5620176485059567,-0.1138386239673755,1,0,0,1,0,0,0,0.6186189222096573,7,2,0,1,0.0641,0.1774,0,Low
0,0,0,0,-0.712073292837392,1,0,0,0,0,0,0,0,1,0,-1.5033793034987035,-0.8895280117851033,0,0,1,0,0,0,1,-1.3876563915616429,1,1,0,0,0.0285,0.2026,0,Low
0,0,0,0,0.3477143300849545,1,0,0,0,0,0,0,0,1,1,-1.4834237773923784,-0.6272883507005524,0,0,1,0,1,0,0,-1.2665314585149134,1,2,0,1,0.0291,0.2038,0,Low
0,0,0,0,-1.2827281667186554,1,0,0,1,0,1,1,0,0,0,0.8929467897691834,-0.9684557967245822,0,1,0,0,0,1,0,-0.4376955345501666,4,0,1,0,0.6898,0.1689,1,High
0,0,0,0,-1.201206041878475,1,0,0,0,0,0,0,0,0,1,0.1562552843440105,-0.91083719016731,0,1,0,1,0,0,0,-0.1183064834540484,1,0,0,1,0.7847,0.1228,1,High
1,0,1,1,0.3069532676648642,1,0,0,0,0,0,0,0,0,1,-1.4784348958657971,-0.6800980536477609,0,0,1,1,0,0,0,-1.3459684064750992,1,2,0,1,0.0183,0.2163,0,Low
1,0,0,0,0.429236454925135,1,1,0,1,0,0,0,0,0,1,0.4323067288148426,0.4760461991367611,0,1,0,0,0,1,0,0.5683963889951597,3,2,0,0,0.7007,0.1283,1,High
1,0,1,1,-0.5082679807369407,0,0,1,0,1,1,0,0,2,1,-0.8465099024988317,-0.6447592298710574,1,0,0,0,1,0,0,-0.6527004970043881,3,1,0,1,0.0077,0.2258,0,Low
0,0,1,0,0.8776081415461278,1,0,1,0,1,1,0,1,2,0,0.1695589684148941,0.6992852107598815,1,0,0,1,0,0,0,0.36816275983932,5,3,0,1,0.0432,0.2126,0,Low
1,0,0,0,-1.2419671042985652,1,0,0,0,0,0,1,0,0,1,0.5121288332401437,-0.9451392319730368,0,1,0,0,0,1,0,-0.3612128532496573,2,0,0,0,0.8616,0.1216,1,High
0,0,0,1,0.0623868931443227,1,1,1,1,1,1,1,1,2,1,1.706134478601936,0.7323960562585282,0,1,0,0,1,0,0,1.7589658528447187,8,2,1,1,0.0049,0.2706,0,Low
1,0,0,0,-0.2637016062163992,1,1,0,0,1,1,0,0,0,1,0.6468286344578388,-0.0023073549193027,0,1,0,0,0,0,1,0.8309978698552775,4,2,0,0,0.2511,0.1819,0,Low
1,0,1,0,-0.8751175425177529,1,0,0,0,0,0,1,0,0,1,0.4871844256072372,-0.6257442073395229,0,1,0,1,0,0,0,0.4331566263521988,2,0,0,1,0.8284,0.131,1,High
0,0,0,0,0.9591302663863084,1,0,0,0,0,0,0,0,2,0,-1.501716342989843,-0.5448310952215777,0,0,1,1,0,0,0,-1.3371056064960702,1,3,0,1,0.0972,0.1959,0,Low
1,0,1,0,1.6113072651077522,1,1,0,0,0,0,0,0,2,0,-1.3004981214177305,-0.1864574803175051,0,0,1,0,1,0,0,-1.1043750440837907,2,3,0,1,0.0034,0.2539,0,Low
1,1,0,0,-0.9974007297780236,0,0,0,0,1,0,0,0,0,1,-1.1791020042709188,-0.911013663694285,1,0,0,0,0,1,0,-1.1332612069784036,1,0,0,0,0.8051,0.142,1,High
1,1,0,0,-1.1196839170382944,1,0,0,0,1,0,0,0,0,0,-0.4823215510583964,-0.9042414920966272,1,0,0,0,0,1,0,-0.6448224525785846,2,0,0,0,0.7281,0.1447,1,High
1,0,1,0,0.3477143300849545,1,1,0,1,0,0,0,0,0,1,0.5121288332401437,0.5083187953822774,0,1,0,0,0,1,0,0.7449958848735888,3,2,0,0,0.5741,0.1473,0,Medium
1,0,1,0,-0.9566396673579334,0,0,0,0,0,0,0,0,1,0,-1.3553758182101248,-0.8942927970134229,1,0,0,1,0,0,0,-1.0899319626364845,0,0,0,1,0.1218,0.1691,1,Low
1,0,0,0,-1.201206041878475,1,1,0,0,1,0,1,1,0,1,1.2205500100146889,-0.8772851608512267,0,1,0,1,0,0,0,0.5057002854398067,5,0,1,1,0.9307,0.1658,1,High
1,1,1,1,0.103147955564413,1,0,0,1,0,1,1,1,0,1,0.372440150495867,0.2031078304793629,1,0,0,0,0,1,0,0.562159603824732,5,2,0,0,0.0252,0.1907,0,Low
1,0,0,0,-1.2419671042985652,1,0,0,0,0,1,0,0,0,1,-0.4873104325849776,-0.9607130207285628,1,0,0,0,1,0,0,-0.7472370301140304,2,0,0,1,0.578,0.1529,0,Medium
0,0,1,1,-0.9974007297780236,1,0,0,0,0,1,1,1,0,1,0.1229960741668017,-0.7599302654129855,1,0,0,0,0,1,0,0.1157370863625316,4,0,0,0,0.0817,0.1842,0,Low
0,0,1,0,1.3667408905872107,1,1,0,1,1,0,1,1,0,1,1.3419461271615007,2.051513611204277,0,1,0,0,0,1,0,1.455989394302358,6,3,1,0,0.8721,0.1701,0,High
0,0,0,0,-0.5490290431570309,1,1,1,1,0,0,0,1,0,1,1.0076910648805537,-0.219524207434408,0,1,0,0,0,1,0,0.9938107879885504,5,1,1,0,0.6116,0.1501,1,High
1,0,1,0,1.6113072651077522,1,1,1,1,1,1,1,1,2,0,0.9129023158755084,1.9557987820113203,1,0,0,0,1,0,0,1.0788280174170135,8,3,1,1,0.018,0.1994,0,Low
1,1,0,0,0.8776081415461278,0,0,0,1,1,0,1,1,1,1,-0.312699579154632,0.300057974361143,1,0,0,0,0,1,0,-0.1721397870303725,4,3,0,0,0.4028,0.1826,0,Medium
0,0,1,0,-0.9566396673579334,1,0,0,1,0,1,1,0,1,1,0.024881404144036,-0.7471579938981845,1,0,0,0,0,0,1,0.0047879606991318,4,0,0,0,0.1672,0.1689,0,Low
0,0,0,0,0.7960860167059473,0,0,1,1,1,0,1,1,2,1,-0.2029441855698433,0.3316467356896321,1,0,0,1,0,0,0,-0.0608624095158976,5,3,0,1,0.0331,0.2283,0,Low
1,0,1,1,0.6738028294456765,1,0,1,1,0,1,0,0,0,0,-0.1746738569192159,0.3015359401495571,1,0,0,0,1,0,0,0.0074139755077329,4,3,0,1,0.0641,0.202,0,Low
0,1,1,0,1.6113072651077522,1,1,0,1,1,0,1,1,1,0,1.335294285126059,2.334400674944879,0,1,0,0,1,0,0,1.4648521942813868,6,3,1,1,0.1163,0.202,0,Low
1,0,0,0,0.3477143300849545,1,0,0,0,0,1,0,0,0,1,0.3125735721768914,0.3539485776610722,0,1,0,0,0,1,0,0.4715620929279911,2,2,0,0,0.567,0.1402,0,Medium
0,0,0,0,0.0623868931443227,1,0,1,0,1,1,1,1,1,1,0.5021510701869811,0.1943282725123669,1,0,0,1,0,0,0,0.6150081518478306,6,2,0,1,0.0808,0.1668,0,Low
0,0,0,0,1.1221745160666692,1,1,0,1,1,0,1,1,0,1,1.365227574285547,1.813097876261324,0,1,0,0,0,1,0,1.4993186386442772,6,3,1,0,0.8079,0.1763,1,High
1,1,0,0,0.0216258307242325,1,1,0,1,1,0,0,0,0,1,0.6318619898780948,0.1894752505205599,0,1,0,0,1,0,0,0.6796737665096346,4,2,0,1,0.3909,0.1633,1,Medium
0,0,1,0,1.570546202687662,1,1,1,1,0,0,1,0,1,0,1.0243206699691578,2.0162630241910606,0,1,0,0,0,0,1,1.1835403579099857,5,3,1,0,0.0349,0.2278,0,Low
0,0,0,0,-1.2419671042985652,0,0,1,1,0,0,0,1,0,1,-0.7400804299317638,-0.976970644401116,1,0,0,0,0,1,0,-1.1506585550853865,3,0,0,0,0.6984,0.1447,1,High
0,0,1,1,1.2036966409068497,1,1,0,0,0,0,1,1,0,1,0.1861885735034985,0.8883765949133783,1,0,0,0,1,0,0,0.2979168637092385,4,3,0,1,0.0314,0.23,0,Low
1,0,1,0,1.570546202687662,1,0,1,0,1,1,1,1,2,1,0.5886250166477236,1.5643584399903447,1,0,0,0,0,1,0,0.7164379738300513,6,3,0,0,0.0119,0.2199,0,Low
1,1,1,1,1.2852187657470302,1,1,0,0,0,0,0,0,2,1,-1.3453980551569622,-0.3256730339097494,0,0,1,1,0,0,0,-1.1605061106176409,2,3,0,1,0.0017,0.2551,0,Low
0,0,1,0,-0.9974007297780236,1,1,0,0,0,0,0,1,0,1,0.6667841605641643,-0.6714287916351239,0,1,0,0,0,1,0,0.8470822105579595,3,0,0,0,0.9296,0.1169,1,High
0,0,0,0,-1.2827281667186554,1,0,0,1,0,0,0,0,0,1,0.3142365326857518,-0.9761323951479856,0,1,0,0,1,0,0,-0.7232746449855448,2,0,0,1,0.8482,0.1436,1,High
0,1,1,0,-1.1604449794583849,1,1,0,0,0,0,1,0,0,1,0.6119064637717698,-0.8730056778220878,0,1,0,0,0,1,0,0.0796293827442654,3,0,0,0,0.9178,0.1277,0,High
0,0,1,0,1.2852187657470302,1,1,1,1,1,1,1,1,1,1,1.667886386898146,2.254149338553089,0,1,0,0,0,1,0,1.792447541654384,8,3,1,0,0.2857,0.178,0,Low
1,0,1,0,1.24445770332694,1,1,0,1,0,1,0,1,2,0,0.0797591009364305,0.8591261078173054,1,0,0,0,0,0,1,0.2289839749834573,5,3,0,0,0.0052,0.2465,0,Low
1,0,0,1,-0.1414184189561284,0,0,1,1,1,1,0,0,0,1,-0.660258325506463,-0.4607635188089579,1,0,0,0,0,0,1,-0.5831111045764568,4,2,0,0,0.0528,0.2045,0,Low
0,1,0,0,-1.1196839170382944,1,0,1,1,0,0,0,0,0,0,0.5270954778198876,-0.8435566580081683,0,1,0,0,0,1,0,0.107859041936728,3,0,0,0,0.3006,0.1609,0,Medium
1,1,1,0,-0.1006573565360382,1,0,0,1,1,0,0,0,0,1,0.4921733071338186,0.0345535530275584,0,1,0,0,0,0,1,0.5618313519736566,3,2,0,0,0.5165,0.1692,1,Medium
0,0,1,0,0.755324954285857,1,1,0,1,0,1,1,1,1,1,0.4589140969566099,0.7341387323374042,1,0,0,0,1,0,0,0.5513272927392522,6,3,0,1,0.1792,0.1585,0,Low
0,0,0,0,-0.9566396673579334,1,0,0,0,0,0,0,0,0,1,-0.6868656936482298,-0.830960860020342,1,0,0,1,0,0,0,-0.6185623044925727,1,0,0,1,0.3957,0.1499,1,Medium
0,0,1,0,0.7145638918657667,1,1,0,0,0,0,1,0,0,1,0.65015455547556,0.8070664173597397,0,1,0,1,0,0,0,0.7065904182977965,3,3,0,1,0.6806,0.1494,1,High
1,1,0,0,-0.3044626686364894,1,1,0,1,0,0,1,0,0,1,0.8014839617818594,0.0019280097280924,0,1,0,0,0,1,0,0.949825039944481,4,2,0,0,0.7684,0.1379,1,High
1,0,1,0,0.9591302663863084,1,1,0,1,0,1,1,1,1,1,1.4101275080247786,1.6528819729590785,0,1,0,0,0,1,0,1.5318155719007167,6,3,1,0,0.6055,0.1765,0,High
1,0,1,1,1.2852187657470302,1,1,0,0,0,0,0,0,2,1,-1.3320943710860789,-0.34058504693912,0,0,1,0,0,0,1,-1.1775752068735488,2,3,0,0,0.0014,0.2684,0,Low
0,0,1,1,0.3884753925050447,1,0,0,0,1,1,1,1,2,1,1.1823019183108991,0.8897883831291766,0,1,0,0,0,1,0,1.342414253830357,5,2,1,0,0.0077,0.2435,0,Low
0,0,0,0,-0.9158786049378432,0,0,1,0,0,0,0,0,0,0,-1.1674612807088958,-0.8757189582993252,1,0,0,0,0,0,1,-1.0416789405284377,1,0,0,0,0.309,0.1767,0,Medium
0,0,1,1,1.24445770332694,1,0,1,1,1,1,0,0,2,0,-0.0432999767192417,0.762087727172038,1,0,0,0,0,0,1,0.1160653382136067,5,3,0,0,0.003,0.2705,0,Low
1,0,1,0,-0.2229405437963089,0,0,0,1,1,0,0,1,1,1,-0.6319879968558355,-0.4590208427300817,1,0,0,0,1,0,0,-0.4816812825942364,3,2,0,1,0.1167,0.1871,0,Low
1,0,1,0,0.4699975173452252,1,1,1,0,1,0,0,0,0,1,0.6634582395464431,0.5909745835790988,0,1,0,0,1,0,0,0.702651396084895,4,2,0,1,0.1376,0.1865,0,Low
1,0,0,0,-1.2827281667186554,0,0,0,0,0,0,0,0,0,1,-1.3204536475240558,-0.997816579775014,1,0,0,0,0,1,0,-1.5297894430771817,0,0,0,0,0.8265,0.1638,1,High
1,0,0,0,-0.5897901055771212,0,0,1,0,1,0,0,0,0,0,-1.039413321526642,-0.7661068388571035,1,0,0,0,0,0,1,-0.9917846591650152,2,1,0,0,0.1161,0.2018,0,Low
0,1,0,0,0.3884753925050447,1,1,0,0,0,0,1,0,0,1,0.6584693580198622,0.5534739590969541,0,1,0,0,0,1,0,0.760751973725196,3,2,0,0,0.68,0.135,1,High
0,0,1,1,-1.078922854618204,1,0,0,0,0,0,0,0,1,0,-1.501716342989843,-0.9672425412266304,0,0,1,0,0,0,1,-1.4999185246293432,1,0,0,0,0.0201,0.2097,0,Low
1,0,0,0,0.7145638918657667,0,0,1,1,0,0,0,0,0,1,-0.99285042727855,-0.2225463165838514,1,0,0,0,0,0,1,-0.795490052222077,2,3,0,0,0.1378,0.2134,0,Low
0,0,1,1,0.0216258307242325,1,1,0,0,0,0,0,0,0,0,-1.3503869366835437,-0.6389797218626329,0,0,1,1,0,0,0,-1.1332612069784036,2,2,0,1,0.05,0.191,0,Low
0,0,0,1,-1.038161792198114,0,0,1,0,0,0,0,0,0,0,-1.1657983202000353,-0.9198152808521532,1,0,0,0,0,0,1,-1.114222599616045,1,0,0,0,0.0836,0.2161,0,Low
1,0,0,0,-1.038161792198114,1,0,0,0,0,0,0,0,0,1,-0.6718990490684861,-0.8666305716601231,1,0,0,1,0,0,0,-0.6195470600457982,1,0,0,1,0.5464,0.1473,0,Medium
0,0,0,0,-0.3452237310565796,0,0,0,1,1,0,1,1,0,1,-0.3559365523850034,-0.4617341232073193,1,0,0,0,1,0,0,-0.3142728385459113,4,1,0,1,0.3489,0.1805,1,Medium
0,0,0,0,1.1629355784867594,1,1,0,1,1,0,1,1,1,1,1.30037211443999,1.824811306614276,0,1,0,0,0,1,0,1.4579589054088085,6,3,1,0,0.7354,0.1655,0,High
1,0,0,0,-0.7935954176775724,1,0,0,0,0,0,0,1,0,1,0.5320843593464687,-0.5638902361348559,0,1,0,0,0,1,0,0.422324315266719,2,1,0,0,0.7434,0.1195,1,High
1,0,0,0,-1.2827281667186554,0,0,1,0,0,0,0,0,0,0,-1.169124241217756,-0.995809193405676,1,0,0,0,0,0,1,-1.455276272883123,1,0,0,0,0.2156,0.2181,1,Low
1,1,1,0,0.5515196421854057,1,1,0,0,1,0,1,1,0,1,1.1307501425362254,1.005047655434592,0,1,0,0,0,1,0,1.2455799577631883,5,2,1,0,0.9024,0.1635,0,High
0,1,0,0,-1.038161792198114,1,0,0,1,0,0,0,0,0,1,-0.4507253013900483,-0.8239019189413501,1,0,0,0,0,0,1,-0.2220340683937948,2,0,0,0,0.4069,0.1682,0,Medium
1,0,1,0,1.570546202687662,1,0,1,1,1,1,1,1,2,1,0.7066952127768144,1.6584408890587845,1,0,0,1,0,0,0,0.8136005217482947,7,3,0,1,0.0061,0.2242,0,Low
0,0,0,0,-0.5897901055771212,0,0,1,1,0,1,0,0,1,1,-0.8199025343570646,-0.6948115339592847,1,0,0,0,0,0,1,-0.71277058575114,3,1,0,0,0.14,0.1645,0,Low
1,0,1,0,-0.9566396673579334,0,0,0,1,0,0,0,0,0,1,-1.1608094386734538,-0.8990796414326143,1,0,0,0,0,1,0,-1.1253831625526,1,0,0,0,0.7257,0.149,1,High
1,0,0,1,1.3667408905872107,1,0,0,1,1,1,1,1,2,1,0.4871844256072372,1.2835228810008248,1,0,0,0,1,0,0,0.60286283335805,6,3,0,1,0.0055,0.2178,0,Low
1,0,1,1,-1.078922854618204,1,0,0,0,0,0,0,0,0,1,0.1645700868883126,-0.8422110473649854,0,1,0,0,0,1,0,-0.170826779626072,1,0,0,0,0.2705,0.1871,0,Low
0,0,0,0,-1.2419671042985652,1,0,0,0,0,0,1,0,0,1,0.5104658727312833,-0.9444774562468812,0,1,0,0,0,1,0,-0.3448002606959,2,0,0,0,0.8749,0.1171,1,High
0,0,0,0,0.103147955564413,1,0,1,1,1,0,0,0,0,0,-0.1430776072508678,-0.1342213163329647,1,0,0,0,0,1,0,-0.1350473278588808,4,2,0,0,0.2724,0.1575,0,Low
0,0,0,1,-0.8343564800976626,1,1,1,0,0,0,0,0,0,1,0.4688918600097724,-0.5997805396833557,0,1,0,0,0,1,0,0.3986901819893085,3,0,0,0,0.2493,0.1793,1,Low
1,0,1,1,0.8368470791260375,1,1,0,0,0,0,0,0,2,0,-1.3071499634531722,-0.4194466543059832,0,0,1,0,1,0,0,-1.1306351921698023,2,3,0,1,0.0042,0.2365,0,Low
0,0,1,0,0.7960860167059473,1,0,1,0,1,0,1,0,1,1,-0.0183555690863351,0.4957891749670667,1,0,0,0,0,0,1,0.1695703899388556,4,3,0,0,0.0785,0.1878,0,Low
1,0,0,0,0.5515196421854057,1,0,0,0,0,0,0,0,2,0,-1.4900756194278202,-0.6109645494553835,0,0,1,1,0,0,0,-1.312814969516509,1,2,0,1,0.0327,0.1942,0,Low
1,0,1,0,-0.0191352316958577,1,0,0,0,0,0,0,0,0,1,0.1629071263794523,0.0269431321767702,0,1,0,1,0,0,0,0.3927816486699561,1,2,0,1,0.5831,0.1515,1,Medium
0,1,0,0,-1.2827281667186554,1,0,0,0,0,0,0,0,0,0,-0.656932404488742,-0.9890149626171462,1,0,0,0,0,0,1,-1.2025223475552596,1,0,0,0,0.6992,0.1638,1,High
1,0,0,1,-1.201206041878475,1,0,1,0,1,0,0,0,0,0,-0.2977329345748882,-0.9394038423463558,1,0,0,0,0,0,1,-0.6497462303447118,3,0,0,0,0.2614,0.1696,0,Low
1,1,1,0,1.081413453646579,0,0,1,0,1,1,1,1,2,1,-0.0266703716306373,0.7059029680214365,1,0,0,0,1,0,0,0.1836852195350871,5,3,0,1,0.0073,0.2379,0,Low
0,0,0,0,-1.2827281667186554,1,0,0,0,0,0,0,0,0,0,-0.6951804961925321,-0.9895223240071988,1,0,0,0,0,0,1,-1.2212327030665433,1,0,0,0,0.5505,0.1857,1,Medium
1,1,1,0,-0.7935954176775724,1,0,0,1,1,0,1,1,0,1,1.102479813885598,-0.4627929643691681,0,1,0,0,0,1,0,0.9596725954767352,5,1,1,0,0.7581,0.1752,1,High
1,0,1,1,1.5297851402675715,1,0,0,0,0,0,0,0,2,0,-1.4900756194278202,-0.4087920651148797,0,0,1,0,1,0,0,-1.3137997250697346,1,3,0,1,0.0015,0.2596,0,Low
1,0,0,0,-0.0598962941159479,1,0,1,1,1,1,1,0,0,1,0.2527069938579159,-0.0576097464350302,1,0,0,1,0,0,0,0.2690307008146252,6,2,0,1,0.0392,0.1852,0,Low
0,0,1,1,-0.712073292837392,1,0,0,0,0,0,0,0,0,0,-1.4983904219721222,-0.8884912298141263,0,0,1,0,0,0,1,-1.3827326137955158,1,1,0,0,0.0508,0.1914,0,Low
1,0,0,0,-1.2827281667186554,1,0,0,0,0,0,0,0,0,0,-1.5183459480784474,-1.0004416234887643,0,0,1,0,0,0,1,-1.6276084946975753,1,0,0,0,0.6663,0.167,0,High
0,0,1,0,1.5297851402675715,1,1,0,1,1,1,1,1,2,1,0.6634582395464431,1.601814946090746,1,0,0,1,0,0,0,0.7932489069816354,7,3,0,1,0.0182,0.1964,0,Low
0,0,0,0,-1.2827281667186554,1,0,0,0,0,0,0,0,0,1,0.1994922575743817,-0.9776544793181434,0,1,0,0,0,1,0,-0.7800622152215452,1,0,0,0,0.9298,0.1299,1,High
0,0,1,1,1.5297851402675715,1,0,1,0,0,1,1,1,2,0,0.3491587033718208,1.3901349504844749,1,0,0,0,1,0,0,0.5713506556548361,5,3,0,1,0.0124,0.2116,0,Low
1,0,0,1,-0.0191352316958577,1,0,0,0,0,0,0,0,2,0,-1.475108974848076,-0.7014954687934553,0,0,1,0,0,0,1,-1.249462362259006,1,2,0,0,0.0072,0.2273,0,Low
0,0,1,0,0.6738028294456765,0,0,0,1,0,1,1,1,1,1,-0.2844292505040047,0.2178433699817587,1,0,0,0,1,0,0,-0.1173217279008229,4,3,0,1,0.3027,0.1814,0,Medium
0,0,0,0,0.1439090179845032,1,1,1,0,1,1,1,1,1,1,0.8247654089059057,0.4682151863772544,1,0,0,0,1,0,0,1.0276207286492904,7,2,0,1,0.0587,0.1758,0,Low
1,0,1,1,0.7960860167059473,0,0,0,1,1,1,1,0,2,0,-0.4873104325849776,0.1178711169505352,1,0,0,0,0,0,1,-0.3608846013985822,4,3,0,0,0.0069,0.2557,0,Low
1,0,0,0,1.6113072651077522,1,1,0,1,1,1,1,1,2,1,0.7898432382198362,1.7272876237698278,1,0,0,1,0,0,0,0.8460974550047341,7,3,0,1,0.0065,0.2216,0,Low
1,0,0,0,-1.2419671042985652,1,0,0,1,0,0,0,0,0,1,-0.4839845115672569,-0.9679925537162732,1,0,0,0,0,0,1,-0.9277755482053616,2,0,0,0,0.6168,0.1483,0,High
1,0,0,0,-0.712073292837392,1,0,0,0,0,0,0,0,0,1,-1.4983904219721222,-0.8724100796685478,0,0,1,0,0,0,1,-1.3078911917503822,1,1,0,0,0.1117,0.185,0,Low
1,1,1,0,-0.6713122304173017,1,0,1,1,0,0,0,0,0,1,-0.34263286831412,-0.6448915850162886,1,0,0,1,0,0,0,-0.349395786610952,3,1,0,1,0.0844,0.1783,0,Low
1,0,1,0,0.0216258307242325,1,0,1,1,0,1,0,0,2,1,-0.1264480021622634,-0.1184269356687202,1,0,0,0,0,0,1,0.0057727162523572,4,2,0,0,0.0334,0.2037,0,Low
0,0,0,0,-1.038161792198114,1,0,0,0,0,0,0,0,0,0,-1.4900756194278202,-0.9361832004790658,0,0,1,0,0,0,1,-1.2662032066638382,1,0,0,0,0.226,0.1827,1,Low
1,0,1,0,-0.9974007297780236,1,0,1,0,0,0,0,0,0,1,0.337517979809798,-0.7185692825282671,0,1,0,0,0,0,1,0.45744726333176,2,0,0,0,0.5778,0.1475,0,Medium
1,0,0,0,-0.712073292837392,1,1,0,0,0,0,0,0,0,1,-1.2805425953114051,-0.8418801595019076,0,0,1,0,0,1,0,-1.1660863920859184,2,1,0,0,0.2839,0.1403,0,Low
1,0,0,1,0.0623868931443227,1,1,0,1,1,0,1,1,0,1,1.3801942188652905,0.5569593112547063,0,1,0,0,0,1,0,1.3860717500233517,6,2,1,0,0.1909,0.2535,1,Low
1,1,1,0,-1.201206041878475,0,0,0,0,0,0,1,0,0,1,-0.9446245725215972,-0.967573429089708,1,0,0,0,0,0,1,-1.173964436511722,1,0,0,0,0.7987,0.1565,1,High
1,0,0,0,0.429236454925135,1,1,0,0,0,1,1,1,1,1,1.1689982342400156,0.8491553535432295,0,1,0,0,0,1,0,1.1992964467615927,5,2,1,0,0.4623,0.1731,1,Medium
0,1,0,0,0.266192205244774,1,1,0,0,1,0,1,1,0,1,1.1606834316957133,0.7717055343921646,0,1,0,0,0,1,0,1.3693309056185192,5,2,1,0,0.8689,0.1721,0,High
1,0,0,0,-1.1196839170382944,1,0,0,0,1,1,1,1,0,0,0.3425068613363795,-0.8356815268669178,1,0,0,1,0,0,0,0.2053498417060467,5,0,0,1,0.3853,0.1681,0,Medium
1,0,1,1,0.6330417670255862,1,1,0,0,0,0,0,0,2,0,-1.282205555820266,-0.4596164408836217,0,0,1,1,0,0,0,-1.1086423181477676,2,2,0,1,0.0037,0.2321,0,Low
0,1,1,0,1.570546202687662,1,0,1,1,1,1,1,1,2,1,1.49161257295894,2.478314836192828,0,1,0,1,0,0,0,1.6608185493732497,7,3,1,1,0.0219,0.2492,0,Low
1,0,1,0,1.407501953007301,1,1,1,0,1,0,1,1,2,1,0.493836267642679,1.326450066437444,1,0,0,0,0,1,0,0.6123821370392295,6,3,0,0,0.0262,0.1992,1,Low
1,0,1,1,0.9998913288063984,1,0,1,1,0,1,0,0,1,0,-0.1746738569192159,0.5393781361298421,1,0,0,0,0,0,1,0.0435216791259991,4,3,0,0,0.0066,0.2403,0,Low
0,0,1,0,-1.3234892291387457,1,0,1,1,1,0,1,1,2,0,0.5320843593464687,-0.9732426411437736,1,0,0,0,0,0,1,0.7111859442128485,6,0,0,0,0.0302,0.2251,0,Low
1,0,0,0,-0.9974007297780236,0,0,1,0,0,0,0,0,0,0,-1.180764964779779,-0.9134181154993168,1,0,0,0,0,0,1,-1.1532845698939875,1,0,0,0,0.3227,0.1838,0,Medium
1,0,0,0,-0.9566396673579334,0,0,1,1,1,0,0,0,1,0,-0.8415210209722505,-0.8443507888795548,1,0,0,0,0,0,1,-0.7183508672194177,3,0,0,0,0.1654,0.1819,0,Low
0,0,1,0,-1.078922854618204,1,1,0,1,0,0,0,1,0,1,0.861350540100835,-0.782915942301453,0,1,0,0,0,1,0,0.459416774438211,4,0,1,0,0.9276,0.1447,0,High
1,0,0,0,1.24445770332694,1,1,1,0,1,1,0,1,2,1,0.2344144282604512,0.9672382022802416,1,0,0,1,0,0,0,0.3547044339452386,6,3,0,1,0.0159,0.2123,0,Low
0,1,1,1,-0.8751175425177529,1,1,0,0,1,0,0,0,0,1,0.4406215313591448,-0.627354528273168,0,1,0,0,1,0,0,0.4229808189688692,3,0,0,1,0.1358,0.191,0,Low
1,0,0,0,-1.1196839170382944,1,1,0,0,0,0,1,1,0,1,0.9977133018273904,-0.8047324820737125,0,1,0,1,0,0,0,0.5890762556128938,4,0,1,1,0.9394,0.1493,1,High
1,0,0,0,-1.2827281667186554,1,0,0,0,0,0,0,0,0,0,-1.4867496984100992,-1.000022498862199,0,0,1,0,0,0,1,-1.6121806576970434,1,0,0,0,0.7432,0.1746,1,High
0,0,1,0,1.1629355784867594,1,1,1,1,1,1,1,1,2,0,0.7732136331312318,1.4294003102363677,1,0,0,0,0,0,1,0.9833067287541458,8,3,0,0,0.0057,0.2431,0,Low
0,0,1,1,1.4890240778474817,0,0,0,1,1,0,1,1,2,1,-0.3293291842432363,0.6554535984975159,1,0,0,0,1,0,0,-0.1737810462857482,4,3,0,1,0.0036,0.2641,0,Low
1,0,0,0,0.7145638918657667,1,1,0,0,0,0,0,0,2,0,-1.328768450068358,-0.4815873949919841,0,0,1,1,0,0,0,-1.1733079328095717,2,3,0,1,0.0277,0.1969,0,Low
1,0,1,0,0.1439090179845032,1,0,0,0,0,0,0,0,1,0,-1.4917385799366805,-0.714753042507437,0,0,1,0,0,0,1,-1.3512204360923012,1,2,0,0,0.0277,0.2098,0,Low
1,0,1,1,0.103147955564413,1,0,0,0,0,0,0,0,2,0,-1.4884126589189597,-0.7198045972170907,0,0,1,0,0,0,1,-1.345311902772949,1,2,0,0,0.0031,0.2482,0,Low
1,1,1,0,0.429236454925135,1,1,0,1,0,1,1,0,0,1,0.979420736229926,0.7351534551175094,0,1,0,0,0,1,0,1.0062843583294063,5,2,1,0,0.2651,0.1781,0,Low
0,0,1,0,-0.1006573565360382,1,0,0,1,1,1,0,1,1,0,0.1795367314680566,-0.0387932566213422,1,0,0,1,0,0,0,0.3855601079463029,5,2,0,1,0.0791,0.1707,0,Low
0,0,0,1,0.266192205244774,0,0,0,0,1,0,0,0,0,0,-1.1558205571468725,-0.5098011001170801,1,0,0,0,1,0,0,-1.0144340368892004,1,2,0,1,0.086,0.207,1,Low
0,1,0,0,1.5297851402675715,1,1,0,1,1,1,1,0,2,1,0.3541475848984023,1.2908244731794067,1,0,0,1,0,0,0,0.4672948188640144,6,3,0,1,0.0175,0.1917,0,Low
0,0,1,0,1.2852187657470302,1,0,0,0,0,0,0,0,2,0,-1.510031145534145,-0.4756975910292003,0,0,1,0,1,0,0,-1.3325100805810182,1,3,0,1,0.0124,0.2272,0,Low
1,0,1,1,1.24445770332694,1,1,0,1,0,0,0,1,1,1,0.88130606620716,1.534379999595501,0,1,0,0,0,1,0,1.0138341509041342,4,3,1,0,0.0101,0.2304,0,Low
1,0,0,0,-0.9566396673579334,1,0,1,0,1,1,1,0,0,1,0.1545923238351501,-0.7207090240428364,1,0,0,0,0,0,1,0.2014108194931448,5,0,0,0,0.1948,0.1692,0,Low
0,0,0,0,1.2036966409068497,1,0,1,0,0,1,0,1,2,1,0.0082517990554316,0.688211496942213,1,0,0,0,0,0,1,0.0615755309351324,4,3,0,0,0.026,0.2351,0,Low
1,1,0,0,-0.5082679807369407,1,0,0,0,0,0,1,1,0,0,0.8347431719590681,-0.2816428889295372,0,1,0,0,0,1,0,0.6340467592101892,3,1,1,0,0.6764,0.1349,0,High
1,0,1,0,-1.078922854618204,1,0,0,1,0,0,0,1,0,1,0.6218842268249323,-0.7982250207665168,0,1,0,0,1,0,0,0.2966038563049377,3,0,0,1,0.7812,0.1633,1,High
0,0,1,0,-0.3044626686364894,1,1,0,0,0,0,0,0,1,1,-1.2655759507316615,-0.6852819635026457,0,0,1,0,0,0,1,-1.0167317998467265,2,2,0,0,0.1349,0.1591,0,Low
0,0,1,0,0.3884753925050447,1,1,0,0,0,0,1,1,0,1,0.9760948152122052,0.8380154621529453,0,1,0,0,0,1,0,1.2531297503379168,4,2,1,0,0.7556,0.1444,1,High
0,0,0,0,-0.8343564800976626,1,0,0,0,0,0,0,1,0,0,0.4406215313591448,-0.5909789225254876,0,1,0,1,0,0,0,0.4492409670548813,2,0,0,1,0.7783,0.1305,1,High
0,0,1,1,1.6113072651077522,1,1,1,1,1,0,1,1,2,0,1.4866236914323585,2.4708147112963985,0,1,0,0,1,0,0,1.6037027272861744,7,3,1,1,0.0024,0.2704,0,Low
0,0,0,0,-1.201206041878475,1,1,0,0,0,0,0,0,0,1,0.3541475848984023,-0.9115872026569533,0,1,0,0,0,1,0,-0.1324213130502797,2,0,0,0,0.8856,0.1078,1,High
1,0,0,0,1.2036966409068497,1,0,1,1,0,0,0,0,1,0,-0.289418132030586,0.5299147432458183,1,0,0,1,0,0,0,-0.1255280241777016,3,3,0,1,0.0865,0.1627,0,Low
1,0,1,1,1.6113072651077522,1,1,0,0,0,0,0,0,2,0,-1.2888573978557074,-0.1920825739898268,0,0,1,0,0,0,1,-1.1102835774031434,2,3,0,0,0.0011,0.2728,0,Low
0,0,0,0,-1.038161792198114,1,0,1,0,0,0,0,1,1,1,-0.1913034620078202,-0.8460052281949436,1,0,0,0,0,1,0,-0.4275197271668371,3,0,0,0,0.1054,0.1668,0,Low
1,1,0,0,-0.7935954176775724,1,0,0,1,0,0,1,0,0,1,-0.1646960938660534,-0.6611050903070982,1,0,0,0,0,1,0,-0.0943440983255625,3,1,0,0,0.2329,0.1519,0,Low
1,0,1,1,-0.6713122304173017,1,0,0,0,0,0,0,0,0,0,-1.5000533824809827,-0.8706453443987998,0,0,1,0,0,1,0,-1.337433858347145,1,1,0,0,0.0757,0.1691,0,Low
1,0,1,0,1.407501953007301,1,0,1,0,1,1,0,1,2,0,0.0997146270427556,1.0327319399787636,1,0,0,0,0,0,1,0.2910235748366602,5,3,0,0,0.0279,0.2056,0,Low
0,0,0,0,-1.2419671042985652,1,0,0,0,0,0,0,0,1,0,-1.4767719353569364,-0.993559155936747,0,0,1,0,0,0,1,-1.561958124482546,1,0,0,0,0.1011,0.1761,0,Low
1,0,0,0,1.3667408905872107,1,1,0,0,0,0,0,0,2,0,-1.322116608032916,-0.2599145859207651,0,0,1,0,0,0,1,-1.110940081105294,2,3,0,0,0.0052,0.249,0,Low
0,0,0,0,-1.078922854618204,0,0,1,1,1,1,1,1,2,1,-0.0482888582458229,-0.8550274372615302,1,0,0,0,0,0,1,-0.3070512978222581,6,0,0,0,0.0291,0.2309,0,Low
0,1,1,0,0.103147955564413,1,1,1,1,0,1,1,0,0,1,1.18562783932862,0.6028865466498977,0,1,0,1,0,0,0,1.3883695129808775,6,2,1,1,0.338,0.2001,1,Medium
0,0,0,0,-1.201206041878475,1,0,0,0,0,0,0,0,0,0,-1.4934015404455407,-0.9833236913722088,0,0,1,0,0,0,1,-1.4667650876707532,1,0,0,0,0.3266,0.1606,0,Medium
1,1,0,0,0.5107585797653155,1,0,1,0,1,0,0,1,1,0,-0.0715703053698689,0.222652273591822,1,0,0,0,1,0,0,0.0491019605942767,4,2,0,1,0.1334,0.1679,1,Low
1,0,1,0,1.1221745160666692,1,1,1,0,1,1,1,1,0,1,1.4832977704146375,1.89092270165721,0,1,0,1,0,0,0,1.5941834236049948,7,3,1,1,0.154,0.2017,0,Low
0,0,1,0,-0.6305511679972114,0,0,0,1,1,0,0,0,0,1,-0.9712319406633644,-0.7238855475283829,1,0,0,0,1,0,0,-0.7646343782210133,2,1,0,1,0.6211,0.1545,0,High
1,0,1,1,1.6113072651077522,1,1,0,0,0,0,0,0,2,0,-1.3071499634531722,-0.1849133369564756,0,0,1,0,1,0,0,-1.10306203667949,2,3,0,1,0.0012,0.2653,0,Low
1,0,1,0,1.407501953007301,1,1,0,0,0,0,0,0,2,0,-1.3054870029443115,-0.2214433570402589,0,0,1,0,1,0,0,-1.0810691626574551,2,3,0,1,0.0055,0.2408,0,Low
1,0,0,0,-1.1604449794583849,1,0,0,0,1,0,0,0,0,1,0.3009328486148686,-0.8850058776563742,0,1,0,0,0,1,0,-0.0989396242406146,2,0,0,0,0.8196,0.1183,1,High
0,0,1,1,0.7960860167059473,1,1,0,0,0,0,0,0,2,0,-1.390297988896194,-0.4551825435183799,0,0,1,0,0,0,1,-1.1654298883837682,2,3,0,0,0.0036,0.2457,0,Low
1,0,1,1,0.1846700804045935,1,0,0,0,0,0,1,1,1,0,0.8763171846805791,0.4238541535339645,0,1,0,0,1,0,0,0.8625100475584914,3,2,1,1,0.0098,0.2223,0,Low
1,0,1,0,-0.8343564800976626,1,0,1,1,1,0,0,0,0,1,0.6568063975110013,-0.5854200064257814,0,1,0,0,0,1,0,0.4810813966091706,4,0,0,0,0.6786,0.1411,0,High
1,0,1,1,0.6330417670255862,1,1,0,0,0,0,0,0,2,0,-1.3736683838075896,-0.4912493205938544,0,0,1,0,0,0,1,-1.1565670884047392,2,2,0,0,0.0055,0.2262,0,Low
0,0,1,1,1.5297851402675715,0,0,0,1,1,1,1,1,1,1,-0.2145849091318664,0.8057428659074287,1,0,0,1,0,0,0,-0.0411672984513887,5,3,0,1,0.0043,0.2504,0,Low
1,1,1,0,-1.2827281667186554,1,0,0,0,0,0,0,0,0,0,0.1994922575743817,-0.9776544793181434,0,1,0,0,0,0,1,-0.7800622152215452,1,0,0,0,0.87,0.165,1,High
0,0,0,0,-1.038161792198114,1,0,0,0,0,0,0,0,1,0,-1.4834237773923784,-0.9519334627615664,0,0,1,0,0,0,1,-1.412931784094429,1,0,0,0,0.0611,0.1904,0,Low
0,0,0,0,-1.201206041878475,1,0,0,0,0,0,0,0,0,0,-1.4917385799366805,-0.9808530619945616,0,0,1,0,0,0,1,-1.4208098285202326,1,0,0,0,0.3141,0.1651,0,Medium
0,0,0,0,-1.2827281667186554,1,0,1,0,0,0,0,0,0,0,0.3474957428629605,-0.9756912113305488,0,1,0,0,0,0,1,-0.7068620524317875,2,0,0,0,0.6758,0.1682,1,High
1,0,0,0,-1.2827281667186554,1,1,0,0,0,0,0,0,0,1,-1.3570387787189853,-0.9983018819741948,0,0,1,0,0,0,1,-1.5481715467373898,2,0,0,0,0.3474,0.19,1,Medium
0,0,0,0,-1.2827281667186554,1,1,0,0,0,0,0,0,0,0,0.3707771899870067,-0.9753823826583428,0,1,0,0,0,1,0,-0.6953732376441573,2,0,0,0,0.9612,0.1408,1,High
0,0,0,0,1.6113072651077522,1,1,1,1,1,1,1,1,2,0,1.6695493474070064,2.699237632774404,0,1,0,0,1,0,0,1.8367615415495289,8,3,1,1,0.0223,0.2448,0,Low
1,1,1,0,-1.2827281667186554,1,1,0,0,0,0,0,0,0,0,0.3142365326857518,-0.9761323951479856,0,1,0,0,0,1,0,-0.7232746449855448,2,0,0,0,0.9412,0.1393,0,High
0,0,1,1,-0.5897901055771212,1,1,0,0,0,0,0,0,2,1,-1.33708325261266,-0.8009603604346263,0,0,1,0,1,0,0,-1.1283374292122763,2,1,0,1,0.0083,0.2198,0,Low
0,0,1,1,0.3069532676648642,1,0,1,1,0,1,0,1,0,1,0.216121862662986,0.2472262122230626,1,0,0,0,0,0,1,0.3366505821361056,5,2,0,0,0.0597,0.1993,0,Low
0,1,0,0,-0.0191352316958577,1,0,0,0,0,0,0,1,0,1,0.4871844256072372,0.1668425206860419,0,1,0,0,0,1,0,0.7082316775531726,2,2,0,0,0.7675,0.1318,0,High
1,0,0,0,-1.2827281667186554,1,0,0,0,0,0,0,0,0,0,-1.510031145534145,-1.0003313275344052,0,0,1,0,0,0,1,-1.6236694724846736,1,0,0,0,0.7461,0.1606,0,High
0,0,0,0,0.8368470791260375,1,0,0,0,0,0,0,0,2,0,-1.4967274614632615,-0.5458458180016829,0,0,1,0,1,0,0,-1.3046086732396305,1,3,0,1,0.042,0.2308,0,Low
1,1,1,0,0.9998913288063984,1,1,0,1,0,0,0,1,0,1,0.831417250941347,1.1640723624297578,0,1,0,0,0,1,0,0.8447844476004337,4,3,0,0,0.5384,0.1517,0,Medium
1,0,0,0,-0.9566396673579334,1,0,0,0,0,0,0,0,0,0,-0.6619212860153233,-0.818762127468209,1,0,0,0,0,0,1,-0.527964793595832,1,0,0,0,0.2519,0.1621,1,Low
1,0,1,0,-0.3452237310565796,1,1,0,1,1,0,1,1,0,1,1.323653561564036,0.1127754438591378,0,1,0,0,0,1,0,1.3955910537045308,6,1,1,0,0.8443,0.1706,1,High
1,0,0,0,-1.2419671042985652,0,0,0,0,0,0,0,0,0,1,-1.328768450068358,-0.986985517056936,1,0,0,0,1,0,0,-1.398816954498198,0,0,0,1,0.4952,0.1839,0,Medium
1,0,1,1,1.4482630154273912,1,0,0,0,0,0,0,0,2,1,-1.4934015404455407,-0.4339395427087885,0,0,1,1,0,0,0,-1.3226625250487636,1,3,0,1,0.003,0.2419,0,Low
0,1,0,0,0.918369203966218,1,1,0,0,1,0,1,1,1,1,1.173987115766597,1.377781803596239,0,1,0,0,0,1,0,1.2281826096562054,5,3,1,0,0.6528,0.1628,0,High
0,0,1,1,1.4482630154273912,1,1,0,1,1,1,1,1,2,0,0.6800878446350476,1.4440696721661477,1,0,0,1,0,0,0,0.7023231442338197,7,3,0,1,0.0044,0.2245,0,Low
0,0,1,1,1.1221745160666692,0,0,0,1,0,0,1,1,0,1,-0.5022770771647217,0.3452793156484352,1,0,0,0,0,1,0,-0.2909669571195758,3,3,0,0,0.0694,0.226,0,Low
1,1,1,0,1.570546202687662,1,1,0,0,0,0,0,0,2,0,-1.330431410577218,-0.1702219158358236,0,0,1,1,0,0,0,-1.076145384891328,2,3,0,1,0.0061,0.2372,0,Low
1,0,1,0,1.407501953007301,1,1,0,1,1,0,1,1,1,0,1.305360995966571,2.0973967282177246,0,1,0,0,0,1,0,1.455989394302358,6,3,1,0,0.7843,0.1633,1,High
0,0,1,0,0.755324954285857,1,1,0,0,1,0,1,1,1,1,1.1307501425362254,1.1738666431768592,0,1,0,0,0,1,0,1.1805860912503094,5,3,1,0,0.5586,0.1753,0,Medium
0,0,0,0,-1.2419671042985652,1,0,0,0,0,0,0,0,0,1,0.176210810450336,-0.9542937961848544,0,1,0,0,0,1,0,-0.5880348823425839,1,0,0,0,0.8565,0.1056,0,High
0,0,0,0,-1.2827281667186554,0,0,1,0,0,0,0,0,0,0,-1.1624723991823145,-0.9957209566421884,1,0,0,0,0,0,1,-1.4519937543723718,1,0,0,0,0.3313,0.2065,0,Medium
0,1,1,0,0.592280704605496,1,1,0,0,1,0,1,1,0,0,1.159020471186853,1.0854754653533567,0,1,0,0,0,1,0,1.3036805354034895,5,2,1,0,0.8894,0.1559,0,High
0,0,1,1,1.1629355784867594,1,1,1,1,1,0,0,1,1,1,1.1922796813640617,1.646418630033626,0,1,0,0,1,0,0,1.2436104466567373,6,3,1,1,0.0105,0.2509,0,Low
1,0,0,0,-1.1604449794583849,1,1,0,0,0,0,0,0,0,1,0.3158994931946121,-0.8918442268266475,0,1,0,0,0,1,0,-0.2006976980739103,2,0,0,0,0.8594,0.1091,1,High
0,0,1,1,-0.2637016062163992,1,0,0,0,0,0,0,0,2,0,-1.5033793034987035,-0.7905704815339849,0,0,1,0,1,0,0,-1.341044628708972,1,2,0,1,0.0032,0.2481,0,Low
0,0,0,0,-1.038161792198114,1,0,0,1,0,0,1,1,1,1,0.9711059336856236,-0.729444463628089,0,1,0,0,0,0,1,0.6563678850832994,4,0,1,0,0.4963,0.181,0,Medium
0,1,0,0,-0.3044626686364894,1,1,1,1,0,0,1,1,0,1,1.2621240227361998,0.1647248383623442,0,1,0,0,0,0,1,1.4159426684711898,6,2,1,0,0.7741,0.179,1,High
0,0,1,0,1.4890240778474817,1,1,1,1,1,1,1,1,2,1,1.7011455970753546,2.601228647730775,0,1,0,0,0,1,0,1.8945338673387548,8,3,1,0,0.1073,0.2041,0,Low
1,0,1,0,0.3884753925050447,1,1,0,1,1,0,1,0,0,1,1.0110169858982745,0.7378887947856188,0,1,0,1,0,0,0,1.0798127729702391,5,2,1,1,0.5111,0.1726,1,Medium
0,1,1,0,1.5297851402675715,1,0,0,0,0,0,0,0,2,1,-1.5067052245164243,-0.3638795524997934,0,0,1,0,1,0,0,-1.2668597103659889,1,3,0,1,0.0035,0.2589,0,Low
1,0,1,0,1.3667408905872107,1,1,0,0,1,0,1,0,2,1,-0.0516147792635438,0.8395154871322309,1,0,0,1,0,0,0,0.109828553043179,4,3,0,1,0.038,0.2067,0,Low
1,1,0,0,-1.2419671042985652,1,1,0,0,0,0,1,1,0,1,0.9694429731767632,-0.9287492531552524,0,1,0,0,0,1,0,0.0454911902324501,4,0,1,0,0.9262,0.1354,1,High
0,0,1,0,0.5515196421854057,1,1,0,1,1,1,1,1,2,1,1.4650052048171731,1.1327262522008592,0,1,0,0,1,0,0,1.447454846174404,7,2,1,1,0.2975,0.2011,0,Low
1,0,1,0,1.2852187657470302,1,1,1,1,1,0,0,0,1,0,0.8181135668704638,1.5025927055491652,0,1,0,1,0,0,0,0.9320994399864228,5,3,0,1,0.128,0.1661,0,Low
1,0,1,1,1.6113072651077522,1,1,1,1,1,1,1,1,2,1,0.9012615923134856,1.909474481180436,1,0,0,0,1,0,0,1.0318880027132675,8,3,1,1,0.0026,0.2334,0,Low
1,0,1,1,1.4482630154273912,1,0,1,0,0,1,1,1,2,1,1.1540315896602715,1.9329013418863403,0,1,0,0,0,1,0,1.2294956170605065,5,3,1,0,0.0059,0.2538,0,Low
1,0,1,1,1.4482630154273912,1,0,1,1,0,1,0,1,2,0,1.0060281043716928,1.93969557267487,0,1,0,1,0,0,0,1.2367171577841596,5,3,1,1,0.0125,0.2243,0,Low
0,0,1,0,1.6113072651077522,1,0,0,0,0,0,0,0,2,0,-1.5116941060430058,-0.3487028291799607,0,0,1,1,0,0,0,-1.269813977025665,1,3,0,1,0.0079,0.2374,0,Low
0,0,0,0,-0.9158786049378432,1,1,0,1,0,0,0,0,0,1,0.5370732408730502,-0.6480019309292194,0,1,0,0,1,0,0,0.4984787447161535,3,0,0,1,0.8918,0.1231,1,High
1,0,0,0,-1.2419671042985652,1,1,0,0,0,0,0,0,0,0,-1.330431410577218,-0.9815589561024608,0,0,1,0,0,0,1,-1.2642336955573874,2,0,0,0,0.1559,0.178,0,Low
0,0,0,0,-1.201206041878475,1,0,0,1,0,1,1,1,0,1,1.0991538928678777,-0.8698070951456696,0,1,0,0,0,1,0,0.6445508184445936,5,0,1,0,0.8595,0.1744,1,High
1,0,1,0,-0.0598962941159479,1,1,0,0,0,0,1,0,0,1,-0.1929664225166808,-0.178251461313177,1,0,0,0,1,0,0,-0.0112963800035502,3,2,0,1,0.2353,0.1618,0,Low
0,1,1,1,-1.2827281667186554,1,0,0,0,0,0,0,0,0,1,0.1861885735034985,-0.9778309528451185,0,1,0,0,0,0,1,-0.7866272522430482,1,0,0,0,0.505,0.2024,1,Medium
1,1,1,0,0.1439090179845032,1,0,0,0,1,1,0,0,1,0,-0.3575995128938637,-0.1296991822042355,1,0,0,0,1,0,0,-0.1747658018389737,3,2,0,1,0.0403,0.1733,0,Low
0,0,1,1,0.3069532676648642,1,1,0,0,0,0,0,0,0,1,-1.2855314768379864,-0.5335367894951906,0,0,1,0,0,1,0,-1.0800844071042297,2,2,0,0,0.0279,0.2014,0,Low
1,0,0,0,-0.9158786049378432,1,1,0,0,0,0,1,1,0,0,1.0093540253894138,-0.5984349290401727,0,1,0,0,0,1,0,0.8336238846638786,4,0,1,0,0.8785,0.1383,1,High
0,0,1,0,-0.4675069183168504,1,0,0,0,1,1,0,0,1,0,0.4772066625540746,-0.2401716100904595,0,1,0,0,0,1,0,0.6570243887854496,3,1,0,0,0.2864,0.1407,0,Low
0,0,0,0,-1.2827281667186554,1,1,0,0,0,0,0,0,0,1,-1.3004981214177305,-0.997551869484552,0,0,1,0,0,0,1,-1.519941887544927,2,0,0,0,0.3358,0.1959,0,Medium
0,0,1,0,1.5297851402675715,1,1,0,0,1,0,1,1,1,1,1.0908390903235752,2.071653652470276,0,1,0,0,0,1,0,1.2856266835943562,5,3,1,0,0.4732,0.1712,0,Medium
0,0,0,0,-0.3452237310565796,1,1,1,0,0,1,0,0,0,1,0.6484915949666992,-0.1538760553997829,0,1,0,0,0,1,0,0.6018780778048246,4,1,0,0,0.5057,0.1379,0,Medium
1,0,0,0,-0.9566396673579334,1,0,0,0,0,0,0,0,0,0,-1.4967274614632615,-0.9300286862258196,0,0,1,0,0,0,1,-1.355815962007353,1,0,0,0,0.2348,0.1691,0,Low
0,0,0,0,-0.0598962941159479,1,1,1,1,0,0,1,1,0,0,1.3136757985108731,0.4053464923924824,0,1,0,0,0,1,0,1.3456967723411086,6,2,1,0,0.605,0.1661,0,High
1,0,1,0,1.6113072651077522,1,1,0,1,1,1,1,1,2,1,1.441723757693127,2.4502334862129627,0,1,0,0,0,1,0,1.5830228606684398,7,3,1,0,0.1237,0.2192,0,Low
1,0,0,0,-1.1604449794583849,1,1,1,0,0,0,0,0,0,1,0.5071399517135622,-0.8606084125521081,0,1,0,0,0,1,0,0.2641069230484983,3,0,0,0,0.6033,0.1313,0,High
0,0,1,0,0.6738028294456765,1,1,1,1,1,1,0,1,2,0,1.3901719819184537,1.27392713297157,0,1,0,0,1,0,0,1.454348135046982,7,3,1,1,0.2848,0.2138,0,Low
1,0,0,0,-0.8751175425177529,1,0,0,0,0,0,0,0,2,0,-1.4784348958657971,-0.9068003582377618,0,0,1,0,0,0,1,-1.3095324510057578,1,0,0,0,0.014,0.225,0,Low
0,0,1,1,1.407501953007301,1,1,1,0,1,1,1,1,1,1,1.4816348099057777,2.203611732265682,0,1,0,0,0,1,0,1.57219054958296,7,3,1,0,0.0116,0.2561,0,Low
1,0,1,0,-1.2419671042985652,1,0,0,0,0,0,0,0,0,0,-1.4917385799366805,-0.9921473677209488,0,0,1,0,0,0,1,-1.5268351764175052,1,0,0,0,0.2583,0.1638,0,Low
0,1,0,0,-0.3859847934766699,1,0,0,1,0,0,1,1,0,1,0.9943873808096698,0.0029868508899412,0,1,0,0,0,1,0,1.1943726689954652,4,1,1,0,0.6039,0.1382,1,High
0,0,1,1,-0.3859847934766699,1,0,0,0,1,0,0,0,0,1,0.3474957428629605,-0.2576204300700927,0,1,0,0,1,0,0,0.386216611648453,2,1,0,1,0.0445,0.2022,0,Low
1,0,1,0,0.7960860167059473,1,0,1,1,0,0,1,1,1,1,0.3508216638806817,0.6964616343282847,1,0,0,0,0,0,1,0.4512104781613323,5,3,0,0,0.0597,0.1865,0,Low
0,0,0,0,-1.1196839170382944,1,0,0,1,0,1,0,1,0,1,0.8147876458527427,-0.8052177842728931,0,1,0,0,0,1,0,0.5831677222935414,4,0,0,0,0.7273,0.1474,1,High
1,0,1,1,0.8368470791260375,1,0,0,1,0,1,1,0,0,0,0.004925878037711,0.4751417723110154,1,0,0,0,1,0,0,0.1019505086173754,4,3,0,1,0.0201,0.2075,0,Low
0,0,1,0,-0.6713122304173017,1,1,0,1,0,0,1,1,0,1,1.1689982342400156,-0.3318054889721237,0,1,0,0,0,1,0,1.0207274397767123,5,1,1,0,0.9088,0.1531,1,High
0,0,0,0,0.9998913288063984,1,0,0,1,1,1,1,0,2,0,0.1629071263794523,0.7092339058430859,1,0,0,0,0,0,1,0.2611526563888219,5,3,0,0,0.0113,0.2344,0,Low
1,0,0,0,0.5515196421854057,1,1,0,1,1,1,1,1,2,0,1.456690402272871,1.154300140873528,0,1,0,0,0,1,0,1.481593038686219,7,2,1,0,0.3786,0.2033,0,Medium
0,0,1,0,1.6113072651077522,1,1,1,1,1,1,1,1,2,0,0.8297542904324867,1.8633928314491413,1,0,0,0,1,0,0,0.9846197361584468,8,3,0,1,0.0223,0.2093,0,Low
1,0,0,0,1.407501953007301,1,1,1,1,1,1,1,1,1,1,0.7964950802552779,1.595461899119653,1,0,0,1,0,0,0,0.9068240474536364,8,3,0,1,0.04,0.1639,0,Low
0,1,0,0,-1.201206041878475,1,0,0,0,1,0,0,0,0,0,0.3391809403186583,-0.919396156225588,0,1,0,0,0,0,1,-0.2778368830765699,2,0,0,0,0.7543,0.1376,0,High
1,0,0,0,-0.1006573565360382,1,0,0,1,0,0,1,1,1,1,1.0692206037083891,0.324036314838844,0,1,0,1,0,0,0,1.256412268848668,4,2,1,1,0.4517,0.1704,0,Medium
0,1,0,0,-1.2827281667186554,1,0,0,0,0,0,0,0,0,1,0.1595812053617316,-0.9781838998990676,0,1,0,0,0,1,0,-0.799429074434979,1,0,0,0,0.9554,0.1416,1,High
1,0,1,0,-0.4267458558967602,1,1,1,0,0,1,1,0,0,0,1.03263547251346,-0.0228885800027386,0,1,0,0,1,0,0,1.2468929651674892,5,1,1,1,0.5377,0.1671,0,Medium
0,1,1,0,-0.3452237310565796,0,0,0,0,1,0,0,1,0,1,-0.8049358897773209,-0.5971554959696055,1,0,0,0,1,0,0,-0.7173661116661921,2,1,0,1,0.5007,0.1751,1,Medium
1,0,0,1,0.266192205244774,1,1,0,0,0,0,0,0,1,0,-1.310475884470893,-0.586059722961065,0,0,1,1,0,0,0,-1.156238836553664,2,2,0,1,0.0094,0.2151,0,Low
1,1,0,0,0.5107585797653155,1,1,0,0,0,0,1,1,0,1,0.9661170521590426,0.8441699764061913,0,1,0,1,0,0,0,1.054537380437453,4,2,1,1,0.7788,0.1548,0,High
1,0,0,0,-0.9974007297780236,1,0,0,0,0,0,0,0,0,1,-1.501716342989843,-0.934396406018446,0,0,1,1,0,0,0,-1.3266015472616652,1,0,0,1,0.2076,0.1652,0,Low
0,0,0,0,-1.2827281667186554,0,0,0,1,0,0,0,0,0,0,-1.1608094386734538,-0.9956988974513168,1,0,0,1,0,0,0,-1.4510089988191464,1,0,0,1,0.7252,0.1731,1,High
0,0,0,0,-0.3859847934766699,1,0,0,0,1,0,0,0,0,0,-0.503940037673582,-0.5318823501798018,1,0,0,0,1,0,0,-0.4639556826361785,2,1,0,1,0.3608,0.1507,0,Medium
1,0,1,1,1.6113072651077522,1,1,1,1,1,1,1,1,2,0,1.649593821300681,2.5649192195557102,0,1,0,1,0,0,0,1.699880519651192,8,3,1,1,0.0039,0.264,0,Low
0,0,1,0,1.4890240778474817,1,0,0,0,0,0,0,0,2,0,-1.5000533824809827,-0.4021081302807092,0,0,1,1,0,0,0,-1.2977153843670526,1,3,0,1,0.0077,0.241,0,Low
1,0,1,0,0.1846700804045935,1,1,1,0,1,1,0,0,2,1,-0.0682443843521482,-0.0035647287989981,1,0,0,0,1,0,0,0.0257960791679412,5,2,0,1,0.0268,0.1944,0,Low
0,0,0,0,0.6330417670255862,0,0,1,1,0,0,1,0,0,1,-0.6669101675419048,-0.0804189497965228,1,0,0,0,0,1,0,-0.5328885713619592,3,2,0,0,0.5054,0.1658,0,Medium
0,0,0,0,-1.1604449794583849,1,1,0,0,0,0,0,0,2,1,-1.3154647659974743,-0.957315905334298,0,0,1,0,1,0,0,-1.1749491920649473,2,0,0,1,0.0285,0.2001,0,Low
1,1,1,0,-1.2827281667186554,1,1,0,0,0,0,1,0,0,1,0.7050322522679541,-0.970948485293101,0,1,0,0,0,1,0,-0.5305908084044332,3,0,0,0,0.9527,0.15,1,High
1,0,1,1,0.9591302663863084,1,1,0,0,1,1,1,1,2,1,1.2754277068070834,1.5824910948870057,0,1,0,0,0,1,0,1.4399050535996756,6,3,1,0,0.0076,0.274,0,Low
0,0,1,1,0.7960860167059473,1,0,0,0,0,0,0,0,2,0,-1.4884126589189597,-0.5329853097233943,0,0,1,1,0,0,0,-1.2747377547917922,1,3,0,1,0.0045,0.237,0,Low
0,0,0,0,-1.1604449794583849,1,0,0,1,0,0,1,1,0,1,0.1263219951845229,-0.8936530804781392,1,0,0,1,0,0,0,-0.2276143498620724,4,0,0,1,0.3063,0.1726,1,Medium
0,0,0,1,-0.4267458558967602,0,0,0,0,1,0,1,1,1,1,-0.5122548402178841,-0.5538753634790361,1,0,0,0,1,0,0,-0.4708489715087564,3,1,0,1,0.0225,0.2119,0,Low
1,0,0,0,-1.2419671042985652,1,0,0,1,0,0,0,0,0,1,0.3292031772654958,-0.9450289360186774,0,1,0,0,0,1,0,-0.3582585865899809,2,0,0,0,0.7557,0.1233,0,High
1,0,0,0,-1.2827281667186554,1,0,0,0,0,0,0,0,0,0,-1.5033793034987035,-1.0002430907709177,0,0,1,0,0,0,1,-1.6203869539739222,1,0,0,0,0.6949,0.1674,1,High
1,0,0,0,-0.7528343552574821,1,0,0,0,0,0,0,0,1,0,-1.513357066551866,-0.8656158488800181,0,0,1,0,0,0,1,-1.232065014152023,1,1,0,0,0.031,0.1944,0,Low
0,1,0,0,-1.1604449794583849,1,1,0,0,0,0,0,1,0,1,0.6568063975110013,-0.8500420601244921,0,1,0,0,0,1,0,0.4213395597134935,3,0,0,0,0.9259,0.1305,1,High
1,0,0,0,-0.1414184189561284,1,0,0,0,1,0,0,0,0,0,-0.5288844453064885,-0.4249173336422019,1,0,0,1,0,0,0,-0.4944831047861672,2,2,0,1,0.266,0.1579,0,Low
1,0,1,1,1.6113072651077522,1,1,1,1,0,1,1,1,2,1,1.4250941526045229,2.485175244553973,0,1,0,0,1,0,0,1.6184740605845556,7,3,1,1,0.0046,0.266,0,Low
1,0,1,1,0.592280704605496,1,0,1,0,1,0,0,1,0,0,0.8380690929767889,0.8163533367167886,0,1,0,0,0,1,0,0.8864724326869773,4,2,1,0,0.038,0.2099,0,Low
0,0,0,0,-1.2827281667186554,1,1,0,0,0,0,0,0,0,1,0.4090252816907969,-0.9748750212682904,0,1,0,0,0,1,0,-0.6763346302817987,2,0,0,0,0.9719,0.1422,1,High
0,0,0,0,-1.201206041878475,1,1,0,0,0,0,0,0,0,0,0.3175624537034729,-0.9137048849806506,0,1,0,1,0,0,0,-0.1718115351792972,2,0,0,1,0.8539,0.1132,1,High
1,0,0,0,-0.9158786049378432,1,0,0,0,0,0,0,0,0,0,-1.5000533824809827,-0.9170358228023,0,0,1,0,1,0,0,-1.321349517644463,1,0,0,1,0.0804,0.1967,0,Low
1,0,0,0,-1.038161792198114,1,1,0,0,0,0,1,1,0,0,1.0426132355666224,-0.7266870647691077,0,1,0,0,0,1,0,0.6819715294671604,4,0,1,0,0.944,0.1601,0,High
1,0,0,0,1.081413453646579,1,1,0,0,1,0,0,0,2,0,-0.3559365523850034,0.3658825999227431,1,0,0,0,1,0,0,-0.237790157245402,3,3,0,1,0.0658,0.1926,0,Low
1,0,0,0,-0.3452237310565796,1,0,0,1,0,0,0,0,0,1,-0.503940037673582,-0.4714401671909332,1,0,0,0,0,0,1,-0.3431590014405243,2,1,0,0,0.139,0.1863,0,Low
0,0,1,1,-0.5897901055771212,1,0,0,0,0,0,1,0,0,0,-0.2960699740660276,-0.5311985152627745,1,0,0,0,0,0,1,-0.0720229724524525,2,1,0,0,0.046,0.1946,0,Low
0,0,1,0,1.407501953007301,0,0,1,0,0,1,0,0,2,0,-0.9695689801545038,0.1142092912658081,1,0,0,0,1,0,0,-0.7137553413043656,2,3,0,1,0.0248,0.228,0,Low
1,0,1,1,1.570546202687662,1,1,1,0,0,0,1,0,1,1,0.0448369302503615,1.061364769730425,1,0,0,0,0,1,0,0.1964870417270179,4,3,0,0,0.0084,0.2248,0,Low
0,0,1,0,-0.2637016062163992,1,0,0,1,1,1,1,1,0,0,0.5670065300325382,-0.0918897290498848,1,0,0,1,0,0,0,0.5841524778467669,6,2,0,1,0.1148,0.1801,0,Low
1,0,0,0,-1.2827281667186554,1,0,0,0,0,0,0,0,0,0,-1.52832371113161,-1.000573978633995,0,0,1,0,0,0,1,-1.6325322724637028,1,0,0,0,0.4584,0.1802,0,Medium
1,0,1,0,1.5297851402675715,1,1,0,1,1,1,1,0,2,0,0.2693365989465203,1.314163097121824,1,0,0,1,0,0,0,0.4915854558435751,6,3,0,1,0.0361,0.1744,0,Low
1,1,0,0,1.4482630154273912,1,1,0,1,1,0,0,1,0,1,1.03263547251346,1.860194248772723,0,1,0,0,0,1,0,1.151043424653546,5,3,1,0,0.6066,0.1788,0,High
0,0,1,0,0.5515196421854057,0,0,0,0,0,0,1,1,0,1,-0.6951804961925321,-0.1230814249426806,1,0,0,0,0,1,0,-0.5404383639366878,2,2,0,0,0.5185,0.1838,0,Medium
0,0,0,0,1.4890240778474817,1,0,1,0,1,1,1,1,2,1,0.5852990956300029,1.441996108224194,1,0,0,0,1,0,0,0.6622764184026518,6,3,0,1,0.0155,0.2081,0,Low
1,0,0,0,-1.2827281667186554,1,1,0,0,0,0,0,0,0,1,-0.4789956300406754,-0.9866546291938584,1,0,0,0,0,1,0,-1.1148791033181955,2,0,0,0,0.8198,0.1447,1,High
0,0,0,0,1.407501953007301,1,0,1,0,1,1,0,1,1,1,0.2493810728401947,1.193256671953215,1,0,0,1,0,0,0,0.4666383151618642,5,3,0,1,0.1421,0.1512,0,Low
0,1,0,0,-1.1604449794583849,1,1,0,0,0,0,0,0,0,1,0.3341920587920773,-0.8669614595232009,0,1,0,0,0,1,0,0.1695703899388556,2,0,0,0,0.8757,0.1115,1,High
0,0,1,0,-0.5082679807369407,1,0,1,1,0,1,1,0,0,1,1.0542539591286455,-0.1699351463544895,0,1,0,0,0,1,0,1.0295902397557417,5,1,1,0,0.6837,0.1664,0,High
0,0,1,1,-1.2827281667186554,1,0,0,0,0,0,0,0,0,0,-1.510031145534145,-1.0003313275344052,0,0,1,0,0,1,0,-1.6236694724846736,1,0,0,0,0.4006,0.1856,0,Medium
1,0,0,0,-0.5082679807369407,1,0,0,0,0,0,1,0,0,0,0.4639029784831909,-0.2847973532242118,0,1,0,0,0,1,0,0.6228861962736341,2,1,0,0,0.7848,0.1207,0,High
0,0,1,1,1.570546202687662,1,1,1,1,1,0,1,0,2,1,1.135739024062807,2.1065733516204137,0,1,0,0,1,0,0,1.2767638836153274,6,3,1,1,0.002,0.2771,0,Low
0,0,0,0,-1.1604449794583849,1,0,0,0,0,0,0,0,0,0,-1.4800978563746574,-0.9747206069321874,0,0,1,0,0,0,1,-1.4339399025632384,1,0,0,0,0.2967,0.1708,1,Low
0,0,1,1,1.6113072651077522,1,1,1,0,1,1,1,1,2,1,1.5165569805918464,2.5465218543685872,0,1,0,1,0,0,0,1.681170164139909,7,3,1,1,0.0038,0.2807,0,Low
1,0,0,0,-1.2827281667186554,1,0,0,0,0,0,1,0,0,1,-0.377555039000189,-0.9853090185506752,1,0,0,0,0,0,1,-1.064656570103698,2,0,0,0,0.839,0.1572,1,High
1,0,1,0,1.2852187657470302,1,0,1,0,1,0,1,1,1,1,0.2726625199642409,1.0596441528424203,1,0,0,0,1,0,0,0.4249503300753202,5,3,0,1,0.0594,0.1745,0,Low
1,0,0,0,0.755324954285857,1,1,0,0,0,0,0,0,1,1,-1.3387462131215204,-0.4501971663813418,0,0,1,1,0,0,0,-1.1434370143617332,2,3,0,1,0.0493,0.1766,0,Low
1,1,1,0,-0.1414184189561284,1,0,1,0,1,0,0,1,1,0,0.8397320534856492,0.1631806950013147,0,1,0,1,0,0,0,0.9642681213917872,4,2,1,1,0.1419,0.1672,0,Low
1,0,0,0,-0.0191352316958577,1,1,0,0,0,0,0,1,0,1,0.6917285681970708,0.166533692013836,0,1,0,1,0,0,0,0.707575173851022,3,2,0,1,0.764,0.1397,0,High
1,0,0,0,-1.1196839170382944,1,0,0,0,0,0,0,0,0,0,-1.4900756194278202,-0.9667572390274496,0,0,1,0,1,0,0,-1.4201533248180822,1,0,0,1,0.1327,0.1932,0,Low
0,0,0,0,-1.1196839170382944,1,0,1,0,0,1,0,0,0,0,-0.3659143154381659,-0.8942927970134229,1,0,0,0,1,0,0,-0.5213997565743292,3,0,0,1,0.5672,0.1497,1,Medium
1,1,1,0,1.570546202687662,1,0,1,1,0,1,1,0,1,1,0.2044811391009632,1.2023450585924174,1,0,0,1,0,0,0,0.3422308636043832,5,3,0,1,0.0346,0.1814,0,Low
0,0,1,0,0.9591302663863084,1,1,0,0,1,1,1,1,2,0,1.2754277068070834,1.5254019089106583,0,1,0,1,0,0,0,1.3653918834056171,6,3,1,1,0.2422,0.217,0,Low
1,0,0,0,-0.9974007297780236,1,0,0,0,0,0,0,0,0,1,-1.4767719353569364,-0.93730821921353,0,0,1,0,1,0,0,-1.3508921842412265,1,0,0,1,0.0524,0.2041,0,Low
0,0,0,0,1.4482630154273912,1,0,0,0,0,0,0,0,2,0,-1.505042264007564,-0.3728797023755081,0,0,1,0,1,0,0,-1.257012154833734,1,3,0,1,0.0037,0.2571,0,Low
0,0,0,0,-0.5897901055771212,1,0,0,0,0,0,0,0,1,0,-1.4884126589189597,-0.8293284798958251,0,0,1,0,0,0,1,-1.2396148067267514,1,1,0,0,0.0215,0.2125,0,Low
1,0,1,0,1.1629355784867594,1,1,1,1,0,0,1,1,1,1,1.3685534953032676,1.8798269286486693,0,1,0,0,0,1,0,1.5239375274749134,6,3,1,0,0.5723,0.187,1,Medium
1,0,1,0,0.266192205244774,1,0,1,0,1,1,1,1,1,0,0.5038140306958415,0.3953536789275343,1,0,0,0,1,0,0,0.6691697072752296,6,2,0,1,0.0919,0.1536,1,Low
0,0,0,0,-1.201206041878475,1,0,0,0,0,0,0,0,0,1,0.176210810450336,-0.92323445543729,0,1,0,0,0,1,0,-0.3490675347598769,1,0,0,0,0.8145,0.1076,0,High
1,0,0,0,-0.9566396673579334,1,1,0,0,0,0,1,1,0,1,1.0193317884425763,-0.6431268497465407,0,1,0,0,0,1,0,0.778805825534329,4,0,1,0,0.9274,0.1318,1,High
1,0,1,1,1.5297851402675715,1,1,1,1,1,1,1,1,2,1,0.84139501399451,1.7427731757618663,1,0,0,0,1,0,0,0.9409622399654516,8,3,1,1,0.0031,0.2248,0,Low
1,0,1,1,0.755324954285857,1,1,0,1,0,1,0,0,1,0,0.6435027134401181,0.8880677662411725,0,1,0,1,0,0,0,0.7715842848106758,4,3,0,1,0.005,0.2305,0,Low
0,0,0,0,0.9591302663863084,0,0,1,1,1,1,0,0,2,0,-0.6585953649976026,0.1205623382369009,1,0,0,1,0,0,0,-0.4685512085512306,4,3,0,1,0.0163,0.213,0,Low
0,0,0,0,-1.2827281667186554,1,0,0,1,0,0,0,0,0,1,-0.5405251688685117,-0.9874708192561168,1,0,0,0,0,1,0,-1.1450782736171088,2,0,0,0,0.8071,0.141,0,High
1,0,0,0,-1.078922854618204,1,0,0,0,0,1,0,0,0,0,-0.4922993141115591,-0.8816969990255966,1,0,0,0,0,0,1,-0.5906608971511853,2,0,0,0,0.3617,0.1637,0,Medium
0,0,1,1,-0.3044626686364894,1,0,0,0,0,0,0,0,2,1,-1.5349755531670517,-0.8396521812238508,0,0,1,0,0,0,1,-1.4582305395427997,1,2,0,0,0.005,0.2367,0,Low
0,0,1,1,1.6113072651077522,1,0,0,0,0,0,0,0,2,1,-1.4884126589189597,-0.4237923149077376,0,0,1,0,1,0,0,-1.3462966583261742,1,3,0,1,0.0017,0.2602,0,Low
1,0,1,1,-0.4675069183168504,1,0,0,0,0,0,0,0,1,0,-1.4983904219721222,-0.8544538982988621,0,0,1,0,0,0,1,-1.4204815766691574,1,1,0,0,0.0108,0.2049,0,Low
1,0,1,1,1.4482630154273912,1,1,1,1,1,1,1,1,2,1,1.6579086238449834,2.454314436524255,0,1,0,1,0,0,0,1.7917910379522333,8,3,1,1,0.0135,0.2532,0,Low
1,0,1,0,0.592280704605496,1,1,0,1,1,0,1,1,0,1,1.305360995966571,1.2566327273280395,0,1,0,0,0,1,0,1.5689080310722086,6,2,1,0,0.9257,0.1708,0,High
0,0,0,1,-1.2827281667186554,1,0,0,0,1,0,0,1,0,0,-0.1879775409900993,-0.9827942707912846,1,0,0,0,0,1,0,-0.9711047925472808,3,0,0,0,0.5394,0.1879,1,Medium
0,0,1,1,1.3259798281671205,1,1,1,0,1,1,1,1,2,0,1.4783088888880562,2.2282959668512814,0,1,0,0,0,1,0,1.7067738085237705,7,3,1,0,0.0135,0.2557,0,Low
1,0,0,0,0.4699975173452252,1,0,1,0,0,1,1,0,1,0,0.0182295621085946,0.2151742078862649,1,0,0,0,0,1,0,0.081270641999641,4,2,0,0,0.2427,0.1435,0,Low
0,0,0,0,-0.3452237310565796,1,0,0,0,1,0,0,0,0,1,-0.5172437217444656,-0.4648224099293783,1,0,0,0,1,0,0,-0.3234638903760155,2,1,0,1,0.3034,0.1616,0,Medium
1,0,0,1,-1.2827281667186554,1,1,0,0,0,0,0,0,0,1,-0.4922993141115591,-0.9868311027208329,1,0,0,0,0,1,0,-1.1214441403396982,2,0,0,0,0.6357,0.1759,0,High
0,0,0,0,0.8776081415461278,0,0,1,0,0,1,0,1,1,0,-0.6901916146659508,0.0365609393968966,1,0,0,1,0,0,0,-0.5282930454469071,3,3,0,1,0.072,0.1934,0,Low
1,0,1,0,-0.0598962941159479,1,1,1,1,0,1,0,0,0,1,0.8546986980653932,0.2836459363524868,0,1,0,0,1,0,0,1.0624154248632562,5,2,1,1,0.2061,0.165,0,Low
0,1,1,0,-1.2827281667186554,1,1,0,0,1,0,1,1,0,1,1.1956056023817825,-0.9644410239859053,0,1,0,0,0,1,0,-0.2883409423109747,5,0,1,0,0.9715,0.1696,1,High
0,0,1,1,-1.2419671042985652,1,0,0,0,0,0,0,0,1,0,-1.481760816883518,-0.9948385890073144,0,0,1,0,0,0,1,-1.5937985540368351,1,0,0,0,0.0372,0.2134,0,Low
1,0,0,0,-1.2827281667186554,1,0,0,0,0,0,0,0,0,0,-1.5033793034987035,-1.0002430907709177,0,0,1,1,0,0,0,-1.6203869539739222,1,0,0,1,0.4471,0.1668,0,Medium
1,0,1,1,0.8368470791260375,1,1,1,1,0,0,0,1,2,0,0.1612441658705919,0.6173132574800876,1,0,0,1,0,0,0,0.2979168637092385,5,3,0,1,0.0034,0.2396,0,Low
1,1,1,0,1.4890240778474817,1,1,0,1,1,1,1,1,2,1,1.4483755997285688,2.2197590599838755,0,1,0,1,0,0,0,1.4891428312609476,7,3,1,1,0.1541,0.223,1,Low
0,1,0,0,-1.2827281667186554,1,0,0,0,0,0,0,0,0,1,0.2044811391009632,-0.977588301745528,0,1,0,0,0,1,0,-0.777436200412944,1,0,0,0,0.9144,0.1335,1,High
0,0,1,0,-0.3859847934766699,1,1,0,0,1,0,0,1,0,0,0.84139501399451,-0.1067135053157679,0,1,0,0,0,0,1,0.8543037512816127,4,1,1,0,0.6479,0.167,0,High
0,1,0,0,-0.712073292837392,1,0,0,0,0,0,1,1,0,1,0.8862949477337415,-0.391122653226528,0,1,0,0,0,1,0,0.9301299288799718,3,1,1,0,0.8394,0.1268,0,High
0,0,1,1,1.407501953007301,1,1,1,0,0,1,1,1,2,0,1.391834942427314,2.0835656155410747,0,1,0,0,1,0,0,1.440889809152901,6,3,1,1,0.0183,0.2664,0,Low
0,0,1,0,0.755324954285857,1,0,0,0,0,0,0,0,0,0,0.1429516002731273,0.6012321073345089,0,1,0,0,0,0,1,0.3609412191156668,1,3,0,0,0.2477,0.1957,0,Low
1,0,0,0,-0.9974007297780236,1,0,0,1,0,1,1,0,0,1,0.0598035748301055,-0.7790776430897511,1,0,0,0,0,1,0,-0.0428085577067644,4,0,0,0,0.1621,0.1703,0,Low
0,0,1,0,1.4890240778474817,1,1,1,0,1,1,0,0,2,1,-0.0233444506129161,0.8679277249751738,1,0,0,0,1,0,0,0.0520562272539531,5,3,0,1,0.0701,0.2091,0,Low
0,0,0,0,-0.4267458558967602,1,1,0,0,0,1,1,0,0,1,0.8364061324679285,-0.1292800575776704,0,1,0,0,0,1,0,0.9028850252407348,4,1,1,0,0.6541,0.1357,1,High
1,0,1,1,-0.5897901055771212,1,0,1,0,1,1,1,1,0,0,0.6119064637717698,-0.2980990453199371,1,0,0,0,0,1,0,0.8408454253875318,6,1,0,0,0.0862,0.1752,0,Low
0,0,0,0,0.5107585797653155,1,1,1,1,0,0,0,1,1,0,1.0609058011640873,0.9511570521346632,0,1,0,1,0,0,0,1.2275261059540554,5,2,1,1,0.1615,0.1785,0,Low
0,0,1,0,1.2036966409068497,1,1,0,0,0,0,0,0,2,0,-1.3703424627898688,-0.3838651794296894,0,0,1,1,0,0,0,-1.2044918586617106,2,3,0,1,0.0114,0.2287,0,Low
0,0,1,1,0.918369203966218,1,0,0,0,0,0,0,0,2,1,0.1396256792554061,0.6863805840998494,0,1,0,0,1,0,0,0.3097339303479438,1,3,0,1,0.0046,0.2532,0,Low
0,1,1,0,1.040652391226489,1,1,0,0,0,1,1,1,0,1,1.1823019183108991,1.5278063607156898,0,1,0,1,0,0,0,1.256084016997593,5,3,1,1,0.5912,0.1837,0,Medium
1,0,1,1,0.7145638918657667,1,0,0,0,0,0,0,0,1,1,-1.4800978563746574,-0.5946628074010865,0,0,1,0,0,0,1,-1.3384186139003706,1,3,0,0,0.0068,0.2269,0,Low
1,0,0,0,-0.2637016062163992,1,0,0,0,0,1,0,0,0,0,-0.5222326032710469,-0.4630356154687585,1,0,0,1,0,0,0,-0.438352038252317,2,2,0,1,0.1737,0.1655,0,Low
1,1,0,0,0.0623868931443227,1,0,0,0,0,0,0,0,0,0,0.1429516002731273,-0.0051750497326431,0,1,0,0,1,0,0,0.1909067602587403,1,2,0,1,0.3968,0.1701,0,Medium
1,0,1,0,-0.5897901055771212,1,1,0,0,0,0,1,1,0,1,0.9927244203008097,-0.2642161281407758,0,1,0,0,0,1,0,0.9734591732218916,4,1,1,0,0.7248,0.145,1,High
0,0,1,1,1.4482630154273912,1,1,1,0,1,1,1,1,2,0,1.5597939538222176,2.30495165513096,0,1,0,0,1,0,0,1.6306193790743362,7,3,1,1,0.0167,0.2569,0,Low
0,0,0,0,-1.038161792198114,1,0,0,0,1,1,0,1,0,0,-0.0682443843521482,-0.8243651619496589,1,0,0,1,0,0,0,-0.2263013424577718,4,0,0,1,0.3686,0.165,0,Medium
0,0,0,1,-0.8751175425177529,1,0,0,0,0,0,0,0,0,0,-1.501716342989843,-0.913528411453676,0,0,1,0,1,0,0,-1.3512204360923012,1,0,0,1,0.107,0.1983,0,Low
1,0,1,0,-1.201206041878475,1,0,0,0,0,0,0,0,0,0,-1.4917385799366805,-0.9870075762478078,0,0,1,1,0,0,0,-1.535369724545459,1,0,0,1,0.351,0.1438,0,Medium
0,0,1,0,0.3884753925050447,1,0,0,0,0,0,1,0,0,1,0.4356326498325638,0.4840536854232426,0,1,0,0,1,0,0,0.6406117962316922,2,2,0,1,0.6583,0.1448,1,High
1,0,0,0,-1.2827281667186554,1,0,0,0,0,0,0,0,0,0,0.1845256129946381,-0.97785301203599,0,1,0,0,0,1,0,-0.7872837559451984,1,0,0,0,0.9004,0.1354,1,High
1,0,0,0,-1.2827281667186554,1,0,0,0,0,0,0,1,0,0,0.4905103466249578,-0.9737941209155696,0,1,0,0,0,1,0,-0.6362879044506308,2,0,0,0,0.9535,0.1541,1,High
1,0,1,0,-0.8343564800976626,1,0,0,0,0,0,0,1,1,0,-0.3725661574736078,-0.7016940015113019,1,0,0,0,1,0,0,-0.1842851055201529,2,0,0,1,0.1454,0.1585,1,Low
1,0,0,0,-1.1604449794583849,1,1,0,0,0,0,0,0,0,1,0.372440150495867,-0.8682188334028963,0,1,0,0,0,1,0,0.1508600344275724,2,0,0,0,0.8679,0.1134,1,High
1,0,1,0,-0.5490290431570309,1,1,1,1,0,1,0,0,0,1,0.7964950802552779,-0.271098595692793,0,1,0,0,1,0,0,0.8021117069606647,5,1,0,1,0.2772,0.1503,0,Low
1,0,0,1,-1.2827281667186554,1,0,1,1,0,1,0,1,0,1,0.1861885735034985,-0.9778309528451185,1,0,0,1,0,0,0,-0.7866272522430482,5,0,0,1,0.2045,0.2024,0,Low
0,0,1,0,1.570546202687662,1,1,1,1,1,1,1,1,2,1,1.6728752684247274,2.5550146428542497,0,1,0,0,1,0,0,1.7402554973334354,8,3,1,1,0.0231,0.2435,0,Low
1,0,0,0,0.0216258307242325,0,0,0,1,0,0,1,0,1,1,-0.8564876655519943,-0.4314027357585258,1,0,0,0,0,1,0,-0.6789606450903999,2,2,0,0,0.3477,0.1668,0,Medium
1,0,1,1,-1.2827281667186554,1,0,0,0,0,0,0,0,0,0,-1.501716342989843,-1.000221031580046,0,0,1,0,0,0,1,-1.6194021984206968,1,0,0,0,0.6244,0.2053,0,High
0,1,1,0,-1.1196839170382944,1,0,0,0,0,0,0,0,0,0,0.1728848894326148,-0.8754101296271195,0,1,0,0,0,1,0,-0.2873561867577492,1,0,0,0,0.7441,0.1346,0,High
0,0,0,0,-1.2419671042985652,1,0,0,0,0,0,1,0,0,1,0.4921733071338186,-0.9415435838609252,0,1,0,0,0,0,1,-0.2719283497572173,2,0,0,0,0.8437,0.1414,1,High
1,0,0,0,0.6330417670255862,1,1,0,1,1,0,1,1,2,1,1.4383978366754058,1.2267645828875549,0,1,0,1,0,0,0,1.4520503720894562,6,2,1,1,0.5004,0.1848,0,Medium
1,0,0,1,-1.2827281667186554,0,0,0,0,0,0,0,0,0,0,-1.3337573315949391,-0.997993053301989,1,0,0,0,0,1,0,-1.5363544800986844,0,0,0,0,0.2322,0.2079,1,Low
1,1,1,0,1.1221745160666692,1,0,0,1,1,0,1,1,1,1,1.1008168533767375,1.5795131041193058,0,1,0,0,0,1,0,1.2143960319110496,5,3,1,0,0.3637,0.1703,0,Medium
1,1,1,0,-0.5082679807369407,1,0,1,0,1,1,0,1,1,0,0.979420736229926,-0.2067078175378633,0,1,0,0,1,0,0,0.8996025067299834,5,1,1,1,0.1432,0.1643,0,Low
1,0,1,0,-1.2827281667186554,1,0,0,0,0,0,0,1,0,0,0.5038140306958415,-0.9736176473885948,0,1,0,0,0,1,0,-0.6297228674291278,2,0,0,0,0.9556,0.1532,1,High
0,0,1,0,-0.4267458558967602,1,0,0,1,0,0,1,1,1,1,0.1545923238351501,-0.3479307574994459,1,0,0,1,0,0,0,0.1955022861737924,4,1,0,1,0.07,0.1749,1,Low
1,0,1,0,1.2036966409068497,0,0,0,0,0,1,1,0,2,1,-0.8598135865697152,0.0223327612845535,1,0,0,1,0,0,0,-0.7249159042409205,2,3,0,1,0.0186,0.2297,0,Low
0,0,1,1,1.3667408905872107,1,1,1,1,1,0,0,0,0,1,0.0864109429718724,0.980231065703761,1,0,0,1,0,0,0,0.2660764341549492,5,3,0,1,0.0181,0.2206,0,Low
1,1,1,0,0.8776081415461278,0,0,0,0,0,0,0,0,0,1,-1.3271054895594974,-0.4068067379364132,1,0,0,1,0,0,0,-1.1283374292122763,0,3,0,1,0.2517,0.1842,0,Low
1,0,0,1,-1.1196839170382944,1,0,0,0,0,0,0,0,2,0,-1.4767719353569364,-0.9617498026995396,0,0,1,0,0,0,1,-1.3577854731138044,1,0,0,0,0.007,0.2382,0,Low
0,0,1,0,1.2036966409068497,1,1,0,0,1,0,1,1,0,1,1.213898167979247,1.7108535265702995,0,1,0,0,0,1,0,1.269214091040599,5,3,1,0,0.8628,0.1613,0,High
1,1,0,0,0.755324954285857,1,1,0,0,0,0,0,0,1,0,-1.325442529050637,-0.4527119141407327,0,0,1,1,0,0,0,-1.1470477847235598,2,3,0,1,0.0469,0.1776,0,Low
0,0,0,0,1.1221745160666692,1,1,0,0,1,0,0,0,1,1,0.4772066625540746,1.0933285373037354,0,1,0,1,0,0,0,0.6212449370182583,3,3,0,1,0.165,0.1617,0,Low
1,0,0,0,-1.078922854618204,1,0,0,0,0,0,0,0,0,0,-1.4701200933214948,-0.9606909615376908,0,0,1,0,0,0,1,-1.430329132201412,1,0,0,0,0.3006,0.1694,0,Medium
0,0,0,0,1.2036966409068497,0,0,0,1,1,0,0,1,2,1,-0.7068212197545551,0.2037696062055184,1,0,0,0,1,0,0,-0.5105674454888492,3,3,0,1,0.0226,0.2346,0,Low
0,1,0,0,0.7145638918657667,1,1,1,1,0,0,0,0,0,1,0.6168953452983513,0.8059855170070191,0,1,0,0,0,1,0,0.7049491590424208,4,3,0,0,0.5279,0.1489,0,Medium
0,0,1,1,1.4890240778474817,0,0,1,1,1,1,0,0,2,0,-0.6186843127849521,0.3681988149642873,1,0,0,1,0,0,0,-0.479055267785635,4,3,0,1,0.0051,0.2548,0,Low
1,0,0,0,0.103147955564413,1,0,1,0,0,1,0,1,1,1,0.8097987643261616,0.4255085928493532,0,1,0,0,0,1,0,1.0217121953299382,4,2,0,0,0.2165,0.1494,0,Low
1,0,1,0,-0.5082679807369407,1,0,0,0,0,0,1,1,0,1,0.8031469222907198,-0.2057592723303737,0,1,0,0,0,0,1,0.9028850252407348,3,1,0,0,0.7052,0.1487,1,High
0,0,0,0,-1.2827281667186554,1,0,0,0,0,0,0,1,0,1,0.5403991618907709,-0.9731323451894144,0,1,0,0,0,1,0,-0.6116690156199948,2,0,0,0,0.9605,0.1394,1,High
0,1,1,0,-0.712073292837392,1,0,0,1,0,0,1,1,0,1,0.9910614597919492,-0.4419690881861419,0,1,0,0,0,1,0,0.6937885961058657,4,1,1,0,0.7088,0.1296,0,High
0,0,1,1,1.6113072651077522,1,1,1,1,1,1,1,1,2,1,1.7543603333588884,2.656839867918708,0,1,0,1,0,0,0,1.793432297207609,8,3,1,1,0.0042,0.2713,0,Low
1,0,1,1,-1.2419671042985652,1,0,1,0,0,0,1,1,0,0,1.07254652472611,-0.9276683528025316,0,1,0,0,0,1,0,0.0720795901695371,4,0,1,0,0.1906,0.22,0,Low
1,0,1,1,0.7960860167059473,1,0,0,0,0,0,0,0,1,1,-1.463468251286053,-0.5361397740180689,0,0,1,0,1,0,0,-1.279005028855769,1,3,0,1,0.0043,0.2289,0,Low
0,0,1,1,-1.2827281667186554,1,0,0,0,0,0,0,0,0,0,-1.4734460143392158,-0.9998460253352244,0,0,1,0,0,0,1,-1.605287368824465,1,0,0,0,0.4857,0.2157,1,Medium
1,0,0,0,-0.7935954176775724,1,0,0,0,0,0,1,1,0,1,0.8729912636628578,-0.5078598913203574,0,1,0,0,0,1,0,0.7200487441918779,3,1,1,0,0.8836,0.1202,1,High
1,1,0,0,1.6113072651077522,1,1,1,1,1,1,1,1,2,0,1.6279753346854955,2.452527642063635,0,1,0,1,0,0,0,1.585320623625966,8,3,1,1,0.0241,0.229,0,Low
0,0,0,0,-1.2827281667186554,1,0,0,0,0,0,0,0,0,0,-1.481760816883518,-0.9999563212895836,0,0,1,0,1,0,0,-1.6095546428884424,1,0,0,1,0.2164,0.1966,0,Low
0,0,0,0,1.3667408905872107,1,1,0,0,1,0,1,0,1,1,0.9079134343489274,1.663293911050591,0,1,0,1,0,0,0,1.0246664619896146,4,3,1,1,0.3494,0.1597,0,Medium
1,0,1,0,0.7960860167059473,1,0,1,0,0,0,1,0,0,0,0.640176792422397,0.9096416549138414,0,1,0,0,0,1,0,0.7505761663418663,3,3,0,0,0.595,0.139,1,Medium
1,0,0,0,0.755324954285857,1,0,0,1,1,0,1,1,0,1,1.135739024062807,1.2138378970366508,0,1,0,0,0,1,0,1.237701913337385,5,3,1,0,0.8168,0.1668,0,High
1,0,0,0,-0.5897901055771212,1,0,0,0,0,0,0,0,2,0,-1.4900756194278202,-0.8374683213275377,0,0,1,0,1,0,0,-1.2714552362810407,1,1,0,1,0.0059,0.2363,0,Low
0,1,1,0,-0.0191352316958577,1,1,0,0,1,0,0,0,0,0,0.4805325835717953,0.1249300580295272,0,1,0,0,0,0,1,0.6136951444435299,3,2,0,0,0.5879,0.1603,0,Medium
1,1,1,0,-1.078922854618204,1,0,0,0,1,0,1,1,0,1,1.0276465909868786,-0.7557831375290777,0,1,0,0,0,1,0,0.7476218996821898,4,0,1,0,0.8978,0.1661,1,High
1,0,1,1,0.755324954285857,1,0,0,0,0,0,0,0,1,0,-1.5116941060430058,-0.5687211989357911,0,0,1,0,0,0,1,-1.312814969516509,1,3,0,0,0.0115,0.2145,0,Low
1,0,0,0,1.040652391226489,1,0,0,0,0,0,0,0,2,0,-1.481760816883518,-0.5097128633535928,0,0,1,0,1,0,0,-1.3131432213675844,1,3,0,1,0.0255,0.2141,0,Low
1,0,1,1,-0.9158786049378432,1,0,0,0,0,0,0,0,1,0,-1.4767719353569364,-0.9019693954368264,0,0,1,0,0,0,1,-1.2192631919600925,1,0,0,0,0.009,0.2201,0,Low
1,0,1,1,-0.5490290431570309,1,0,0,0,0,0,0,0,1,0,-1.4983904219721222,-0.8569245276765093,0,0,1,0,0,0,1,-1.377152332327238,1,1,0,0,0.0081,0.2125,0,Low
1,1,0,0,-0.7528343552574821,1,1,0,0,0,0,1,1,0,1,1.022657709460297,-0.4471529980410266,0,1,0,0,0,1,0,0.8437996920472083,4,1,1,0,0.9071,0.1312,0,High
0,0,0,1,-0.9974007297780236,0,0,1,0,0,0,0,1,0,1,-0.8764431916583195,-0.8629687459753961,1,0,0,0,0,1,0,-0.7360764671774755,2,0,0,0,0.6743,0.2036,0,High
1,0,1,0,1.3259798281671205,1,1,1,1,1,0,1,0,2,1,1.1473797476248295,1.7915239875886546,0,1,0,0,0,1,0,1.2143960319110496,6,3,1,0,0.0747,0.2227,0,Low
0,0,0,0,-0.8343564800976626,1,0,0,0,1,0,1,1,0,1,1.0359613935311809,-0.5403310202837204,0,1,0,0,0,1,0,0.7390873515542363,4,0,1,0,0.9412,0.1528,1,High
0,0,1,1,-1.078922854618204,1,0,0,0,0,0,0,0,0,0,-1.501716342989843,-0.9588379895044556,0,0,1,0,0,0,1,-1.410634021136903,1,0,0,0,0.0938,0.1897,0,Low
1,0,1,1,1.2852187657470302,0,0,1,0,1,1,1,1,2,1,-0.1597072123394721,0.6876379579795447,1,0,0,1,0,0,0,-0.0007923207691457,5,3,0,1,0.0033,0.2608,0,Low
1,1,1,0,1.6113072651077522,1,1,1,1,1,1,1,1,0,1,1.5980420455260078,2.5476909914847954,0,1,0,0,1,0,0,1.6821549196931345,8,3,1,1,0.0567,0.2224,0,Low
1,1,1,0,-0.0598962941159479,1,1,1,0,0,0,1,0,0,0,0.8181135668704638,0.2297773922434295,0,1,0,0,0,1,0,0.937351469603625,4,2,0,0,0.6127,0.1415,0,High
0,0,0,0,1.081413453646579,1,1,1,1,1,1,0,1,1,0,0.49882514916926,1.102637515851656,1,0,0,0,1,0,0,0.6757347442967327,7,3,0,1,0.1775,0.1621,0,Low
0,0,1,1,1.040652391226489,1,0,1,1,0,0,1,1,1,0,1.144053826607109,1.570535013434463,0,1,0,0,1,0,0,1.3102455724249924,5,3,1,1,0.0182,0.2298,0,Low
1,0,1,1,0.4699975173452252,1,0,0,0,0,0,0,0,1,0,-1.4917385799366805,-0.6291192635429159,0,0,1,1,0,0,0,-1.31478448062296,1,2,0,1,0.0088,0.2136,0,Low
0,0,1,0,0.8368470791260375,1,0,1,1,1,1,1,1,1,0,1.518219941100707,1.5656158138700405,0,1,0,0,0,1,0,1.6043592309883246,7,3,1,0,0.6745,0.175,0,High
1,0,1,1,0.9591302663863084,1,1,1,1,1,1,1,1,2,0,1.6961567155487731,1.8887388417608968,0,1,0,0,0,0,1,1.839715808209205,8,3,1,0,0.0042,0.263,0,Low
0,0,0,0,1.6113072651077522,1,1,0,0,0,0,0,0,2,0,-1.310475884470893,-0.1854648167282719,0,0,1,0,1,0,0,-1.1033902885305653,2,3,0,1,0.0055,0.2504,0,Low
1,0,0,0,1.040652391226489,1,0,0,0,0,0,0,0,2,0,-1.4651312117949136,-0.4740872700955552,0,0,1,0,0,0,1,-1.268172717770289,1,3,0,0,0.0458,0.2097,0,Low
0,0,0,0,1.24445770332694,1,1,0,1,1,1,1,1,0,1,1.496601454485521,2.080675861536862,0,1,0,0,1,0,0,1.6490014827345445,7,3,1,1,0.2296,0.2036,0,Low
0,0,1,0,1.570546202687662,0,0,0,0,1,1,0,1,2,1,-0.5920769446431853,0.4309351538038282,1,0,0,0,0,1,0,-0.4547646308060744,3,3,0,0,0.2191,0.2259,0,Low
1,0,1,1,0.1439090179845032,1,0,1,1,0,0,0,0,1,0,-0.3725661574736078,-0.1533025164371148,1,0,0,0,0,0,1,-0.2223623202448701,3,2,0,0,0.0114,0.2095,0,Low
1,0,0,1,-0.6305511679972114,1,0,0,1,1,1,1,1,1,0,0.5320843593464687,-0.370982611960529,1,0,0,0,0,1,0,0.6941168479569411,6,1,0,0,0.0092,0.2021,0,Low
1,0,1,1,1.407501953007301,1,0,1,1,0,1,0,0,1,0,-0.1597072123394721,0.7531978732506827,1,0,0,0,0,0,1,-0.0145788985143017,4,3,0,0,0.0053,0.2441,0,Low
0,0,0,0,-1.1604449794583849,1,0,0,0,1,1,1,1,0,1,1.1058057349033188,-0.8340712059332728,0,1,0,1,0,0,0,0.6589938998919005,5,0,1,1,0.911,0.194,1,High
0,0,1,1,1.6113072651077522,1,1,1,0,1,1,1,1,2,0,1.4167793500602204,2.333805076791339,0,1,0,0,0,0,1,1.4641956905792368,7,3,1,0,0.0026,0.2833,0,Low
1,0,0,0,1.6113072651077522,1,0,0,0,0,0,0,0,2,0,-1.5150200270607266,-0.3847254878736915,0,0,1,1,0,0,0,-1.3065781843460813,1,3,0,1,0.0083,0.2288,0,Low
0,1,1,0,-0.0191352316958577,1,1,0,0,0,0,1,1,0,1,0.9428356050349964,0.284197416124283,0,1,0,0,0,1,0,0.9728026695197408,4,2,1,0,0.7571,0.1479,1,High
0,0,0,0,-0.9566396673579334,1,0,0,0,0,0,1,1,0,1,0.7831913961843948,-0.660994794352739,0,1,0,0,0,0,1,0.6458638258488945,3,0,0,0,0.9075,0.1422,0,High
1,0,1,0,1.570546202687662,1,1,1,1,1,1,0,1,2,1,0.5071399517135622,1.4552757411290471,1,0,0,0,0,0,1,0.6035193370602002,7,3,0,0,0.0045,0.2372,0,Low
1,0,1,1,0.7960860167059473,1,1,0,1,0,1,0,1,0,1,0.9444985655438568,1.0345187344393836,0,1,0,1,0,0,0,0.9258626548159952,5,3,1,1,0.0216,0.2291,0,Low
1,0,1,0,1.3667408905872107,1,1,1,1,1,1,1,1,1,0,1.6944937550399128,2.4950357028736896,0,1,0,1,0,0,0,1.948367170915079,8,3,1,1,0.7103,0.1742,0,High
0,0,0,0,-1.2419671042985652,1,1,0,0,0,0,0,0,0,1,-0.5139178007267448,-0.9619042170356426,1,0,0,0,0,1,0,-0.7767796967107936,2,0,0,0,0.8243,0.116,1,High
0,1,1,0,-0.8343564800976626,1,0,1,0,1,1,1,1,1,1,0.4772066625540746,-0.5925010066956452,1,0,0,0,0,1,0,0.4403781670758521,6,0,0,0,0.11,0.1748,0,Low
1,1,1,0,1.6113072651077522,1,1,0,0,0,0,0,0,2,1,-1.325442529050637,-0.213656462662496,0,0,1,1,0,0,0,-1.132276451425178,2,3,0,1,0.004,0.2484,0,Low
0,0,0,0,-1.1196839170382944,1,0,0,0,0,0,0,0,0,0,-1.4967274614632615,-0.9612424413094872,0,0,1,0,1,0,0,-1.351548687943377,1,0,0,1,0.1778,0.1927,1,Low
0,0,0,0,-1.1196839170382944,1,0,0,0,0,0,1,0,0,1,0.5370732408730502,-0.8370271375101007,0,1,0,0,1,0,0,0.1886089973012145,2,0,0,1,0.8541,0.1422,1,High
0,1,0,0,0.1846700804045935,1,1,0,0,0,0,0,0,0,1,0.3790919925313089,0.2447335236545438,0,1,0,0,0,1,0,0.5119370706102344,2,2,0,0,0.862,0.1199,1,High
0,0,0,0,1.1221745160666692,1,1,0,0,1,1,1,1,1,0,0.5221065962933062,1.129527669524441,1,0,0,0,1,0,0,0.6655589369134031,6,3,0,1,0.0606,0.18,0,Low
1,0,1,0,0.0623868931443227,1,1,0,0,1,0,1,1,0,1,1.170661194748876,0.5264073318971944,0,1,0,0,0,1,0,1.3210778835104726,5,2,1,0,0.8563,0.17,1,High
1,0,1,0,0.9591302663863084,1,1,0,0,0,0,0,0,2,1,-1.3204536475240558,-0.4233952494720442,0,0,1,0,1,0,0,-1.178559962426774,2,3,0,1,0.0094,0.2261,1,Low
1,0,1,0,-1.2419671042985652,1,0,0,0,0,0,0,0,1,0,-1.4967274614632615,-0.9930738537375664,0,0,1,0,0,0,1,-1.5498128059927656,1,0,0,0,0.0933,0.1706,1,Low
0,0,1,1,-0.9974007297780236,1,0,0,0,0,0,0,0,0,1,-0.645291680926719,-0.8272549159538712,1,0,0,0,0,1,0,-0.4409780530609181,1,0,0,0,0.1688,0.163,0,Low
0,0,0,0,-1.2827281667186554,1,0,0,0,0,0,0,0,0,0,-1.460142330268332,-0.9996695518082496,0,0,1,0,0,0,1,-1.5987223318029626,1,0,0,0,0.5646,0.1697,1,Medium
0,1,1,0,1.6113072651077522,1,1,1,1,1,1,1,1,2,1,1.6628975053715644,2.6608325814665137,0,1,0,1,0,0,0,1.797371319420511,8,3,1,1,0.0162,0.2429,0,Low
0,0,1,0,0.6330417670255862,0,0,1,0,1,0,0,1,0,1,-0.6502805624533005,-0.0625730643811964,1,0,0,1,0,0,0,-0.5056436677227221,3,2,0,1,0.3916,0.1798,1,Medium
0,0,0,0,-0.712073292837392,1,0,1,1,1,1,0,0,1,0,0.024881404144036,-0.5633166971721878,1,0,0,0,1,0,0,0.1291954122566125,5,1,0,1,0.3034,0.1419,0,Medium
1,0,1,0,-0.5897901055771212,1,0,0,0,1,0,1,1,0,0,1.0076910648805537,-0.2236272169365721,0,1,0,0,0,0,1,1.1323330691422628,4,1,1,0,0.5717,0.1692,1,Medium
1,0,0,1,0.3477143300849545,1,0,1,1,1,1,1,1,2,1,1.5398384277158927,0.9795692899776056,0,1,0,0,0,1,0,1.5797403421576883,7,2,1,0,0.014,0.2553,0,Low
1,1,1,0,1.3667408905872107,1,1,0,0,1,0,1,1,0,1,1.1523686291514113,2.000909827344253,0,1,0,0,1,0,0,1.3995300759174325,5,3,1,1,0.5915,0.2074,1,Medium
1,0,0,0,-0.5490290431570309,1,0,0,0,0,0,0,0,2,1,-1.4934015404455407,-0.8441301969708364,0,0,1,0,0,0,1,-1.3295558139213417,1,1,0,0,0.0093,0.23,0,Low
0,0,1,0,0.9998913288063984,1,1,0,0,1,0,1,1,1,1,1.193942641872922,1.6315727945768714,0,1,0,0,1,0,0,1.4445005795147277,5,3,1,1,0.4037,0.1717,0,Medium
1,0,0,0,-1.2827281667186554,0,0,0,0,0,0,0,0,0,0,-1.3138018054886138,-0.9977283430115268,1,0,0,0,0,0,1,-1.52650692456643,0,0,0,0,0.5794,0.1906,0,Medium
1,0,1,0,1.6113072651077522,1,0,1,1,0,1,1,1,2,0,1.3519238902146633,2.3491803328290186,0,1,0,1,0,0,0,1.4799517794308434,6,3,1,1,0.0966,0.2466,0,Low
0,0,0,0,-0.1414184189561284,1,0,0,0,0,0,0,0,1,0,-1.4917385799366805,-0.7445108909935625,0,0,1,0,0,0,1,-1.2868830732815726,1,2,0,0,0.0183,0.2229,0,Low
1,0,1,1,0.4699975173452252,1,0,0,0,1,0,1,1,0,1,0.9345208024906942,0.8100444081274394,0,1,0,1,0,0,0,1.0647131878207825,4,2,1,1,0.0307,0.2286,0,Low
1,0,1,1,-0.3452237310565796,1,1,1,0,0,0,0,0,0,0,-0.3359810262786781,-0.4185422274802373,1,0,0,0,0,1,0,-0.1855981129244535,3,1,0,0,0.0531,0.1826,1,Low
0,1,1,0,1.040652391226489,1,1,0,1,0,0,1,1,1,1,1.0958279718501562,1.3994218698415235,0,1,0,1,0,0,0,1.0942558544175454,5,3,1,1,0.3902,0.1628,0,Medium
0,0,1,1,-1.2827281667186554,1,0,0,0,0,0,0,0,0,1,-1.4950645009544017,-1.0001327948165584,0,0,1,0,0,1,0,-1.616119679909945,1,0,0,0,0.5303,0.19,1,Medium
0,1,0,0,1.570546202687662,1,1,0,0,1,0,1,1,2,0,1.3036980354577106,2.2618259369764933,0,1,0,1,0,0,0,1.4372790387910743,5,3,1,1,0.1072,0.2315,0,Low
1,0,1,1,1.040652391226489,1,1,0,0,1,1,1,1,1,1,1.3369572456349192,1.640330293352996,0,1,0,1,0,0,0,1.398217068513132,6,3,1,1,0.0202,0.2679,0,Low
0,0,0,0,-0.3859847934766699,1,1,0,0,0,1,1,1,1,1,0.2959439670882871,-0.233928859073726,1,0,0,0,0,0,1,0.4597450262892859,5,1,0,0,0.3,0.1497,0,Medium
1,1,1,0,-0.3859847934766699,1,0,0,0,0,0,1,1,0,1,0.8513727770476726,-0.0748159153150731,0,1,0,0,0,1,0,0.9531075584552322,3,1,1,0,0.7234,0.1354,0,High
1,1,1,0,-0.7935954176775724,1,1,0,0,0,0,1,1,0,1,1.0110169858982745,-0.4646459364024035,0,1,0,0,0,1,0,0.949825039944481,4,1,1,0,0.8335,0.1356,1,High
0,0,0,0,1.2852187657470302,1,1,0,0,1,0,1,1,1,1,1.170661194748876,1.750339478230911,0,1,0,0,1,0,0,1.21570903931535,5,3,1,1,0.2245,0.1891,1,Low
1,0,0,0,-0.2229405437963089,1,0,1,0,0,0,0,0,0,0,-0.4823215510583964,-0.3862475720438492,1,0,0,0,0,0,1,-0.2880126904598996,2,2,0,0,0.0867,0.1845,0,Low
1,0,0,0,-0.9158786049378432,1,0,0,0,0,0,0,0,1,0,-1.5083681850252848,-0.9092709876154088,0,0,1,0,0,0,1,-1.2688292214724397,1,0,0,0,0.0391,0.1949,0,Low
1,0,0,0,-0.3859847934766699,1,0,0,0,0,0,0,0,1,0,-1.4867496984100992,-0.8299681964311088,0,0,1,1,0,0,0,-1.387984643412718,1,1,0,1,0.0324,0.1949,0,Low
1,1,1,0,0.0216258307242325,1,0,1,1,0,1,0,1,1,1,0.9544763285970193,0.3391248013951892,0,1,0,0,0,1,0,1.0072691138826315,5,2,1,0,0.1939,0.1615,0,Low
0,0,1,0,-0.4675069183168504,1,0,0,1,1,1,1,1,0,1,1.2621240227361998,-0.0779483204188757,0,1,0,0,0,1,0,1.2058614837830957,6,1,1,0,0.6067,0.1808,1,High
1,0,1,0,-1.1604449794583849,1,0,0,0,0,0,0,0,0,0,0.1878515340123588,-0.8791160736935901,0,1,0,0,0,1,0,-0.0112963800035502,1,0,0,0,0.7678,0.1307,0,High
1,0,0,0,-0.0598962941159479,1,1,0,0,0,1,0,0,1,0,0.5603546879970964,0.1155107835272473,0,1,0,0,1,0,0,0.6717957220838313,3,2,0,1,0.2701,0.1513,0,Low
0,0,0,0,-1.2827281667186554,1,0,0,1,0,0,0,0,0,0,-0.4956252351292798,-0.9868752211025767,1,0,0,0,0,1,0,-1.122757147743999,2,0,0,0,0.7101,0.1487,0,High
0,1,1,0,0.6330417670255862,1,0,0,1,0,0,0,1,1,1,-0.1962923435344015,0.2218581427204353,1,0,0,1,0,0,0,-0.0739924835589034,3,2,0,1,0.1423,0.1664,0,Low
0,0,0,0,-0.5897901055771212,1,1,0,0,0,1,0,1,0,1,0.8397320534856492,-0.297393151212038,0,1,0,0,0,1,0,0.843471440196133,4,1,1,0,0.5281,0.1406,1,Medium
0,1,0,0,0.6738028294456765,1,1,1,1,1,1,0,1,1,0,1.2687758647716416,1.2703314848594582,0,1,0,1,0,0,0,1.4487678535787043,7,3,1,1,0.2056,0.1825,0,Low
1,0,0,0,0.7960860167059473,1,0,1,0,1,0,0,0,1,0,-0.3692402364558869,0.2222772673470006,1,0,0,0,0,1,0,-0.2144842758190665,3,3,0,0,0.2105,0.1557,0,Low
1,0,0,1,-0.3859847934766699,0,0,1,0,1,1,0,0,2,0,-0.8232284553747856,-0.6304869333769706,1,0,0,0,0,0,1,-0.7695581559871404,3,1,0,0,0.0054,0.2311,0,Low
0,0,0,0,0.3477143300849545,1,1,0,0,1,0,1,1,0,0,1.1041427743944583,0.7516757890805249,0,1,0,1,0,0,0,1.1759905653352574,5,2,1,1,0.8244,0.1751,0,High
0,0,0,0,-0.712073292837392,1,0,0,0,0,0,0,0,0,0,-1.5000533824809827,-0.8777484038595356,0,0,1,1,0,0,0,-1.3328383324320932,1,1,0,1,0.4478,0.1426,1,Medium
0,0,0,0,-0.0191352316958577,1,1,0,1,1,0,1,1,1,1,1.3036980354577106,0.4985465738260479,0,1,0,0,1,0,0,1.455989394302358,6,2,1,1,0.2633,0.1943,0,Low
0,0,1,0,-0.1821794813762187,1,0,0,1,1,0,0,1,0,0,0.8330802114502078,0.0647084669493771,0,1,0,0,1,0,0,0.8116310106418437,4,2,0,1,0.5634,0.1556,0,Medium
1,0,0,0,1.4482630154273912,1,1,1,1,1,0,1,0,1,0,1.213898167979247,2.128235477056571,0,1,0,1,0,0,0,1.4399050535996756,6,3,1,1,0.3142,0.1779,0,Medium
1,0,1,1,1.6113072651077522,1,1,1,1,1,1,0,1,2,0,1.30037211443999,2.307775231562556,0,1,0,0,1,0,0,1.4376072906421498,7,3,1,1,0.0054,0.2585,0,Low
1,0,0,0,-0.6713122304173017,1,0,0,0,0,0,0,0,0,1,-1.501716342989843,-0.8578510136931269,0,0,1,0,0,0,1,-1.2816310436643703,1,1,0,0,0.1088,0.1866,1,Low
1,0,1,0,-0.7528343552574821,1,0,0,0,0,1,0,0,0,0,-0.53387332683307,-0.7157898244784139,1,0,0,1,0,0,0,-0.4889028233178896,2,1,0,1,0.2721,0.1487,0,Low
1,0,1,1,1.1629355784867594,1,1,0,0,1,0,1,1,1,1,1.1656723132222948,1.7446702661768456,0,1,0,0,0,1,0,1.361781113043791,5,3,1,0,0.0292,0.2427,0,Low
0,0,1,0,0.5515196421854057,1,1,0,1,0,1,1,1,1,1,1.2737647462982231,1.0181728740033429,0,1,0,0,0,1,0,1.2662598243809229,6,2,1,0,0.5031,0.1735,0,Medium
1,1,1,0,-0.3452237310565796,0,0,0,0,1,1,0,0,0,0,-1.0177948349114565,-0.6435239151822338,1,0,0,0,0,0,1,-0.8552318891177538,2,1,0,0,0.0826,0.2082,0,Low
1,0,1,0,-0.6305511679972114,1,1,0,1,0,0,0,0,0,1,0.5204436357844459,-0.4190937072520335,0,1,0,1,0,0,0,0.4951962262054017,3,1,0,1,0.7844,0.1248,0,High
0,0,1,0,0.7960860167059473,1,1,0,0,0,0,0,0,2,1,-1.3237795685417766,-0.4484986086842094,0,0,1,1,0,0,0,-1.1559105847025888,2,3,0,1,0.0155,0.2154,0,Low
1,0,0,0,-1.2827281667186554,1,0,0,0,0,0,0,0,0,1,-1.4950645009544017,-1.0001327948165584,0,0,1,0,0,0,1,-1.616119679909945,1,0,0,0,0.7933,0.1687,0,High
1,0,1,0,0.7960860167059473,1,1,0,1,0,1,0,1,0,1,1.0243206699691578,1.2360073838628598,0,1,0,0,1,0,0,1.208815750442772,5,3,1,1,0.3642,0.1675,0,Medium
0,0,1,1,0.918369203966218,1,1,1,1,0,1,0,1,1,1,0.3624623874427045,0.872405740722159,1,0,0,1,0,0,0,0.5569075742075297,6,3,0,1,0.0096,0.2204,0,Low
0,0,0,0,0.103147955564413,1,0,0,0,0,0,0,0,1,0,-1.4551534487417508,-0.68199514406274,0,0,1,0,0,0,1,-1.267187962217064,1,2,0,0,0.1351,0.1609,0,Low
0,0,1,0,0.8368470791260375,1,1,0,1,0,0,1,1,0,1,1.1157834979564818,1.2629637151082604,0,1,0,0,1,0,0,1.1874793801228871,5,3,1,1,0.7323,0.1753,1,High
1,0,1,1,1.6113072651077522,0,0,1,1,1,1,1,1,2,1,0.0132406805820131,0.9670837879441389,1,0,0,0,1,0,0,0.0710948346163116,6,3,0,1,0.0017,0.2537,0,Low
0,0,1,1,1.6113072651077522,1,1,1,0,1,1,1,1,2,1,0.6435027134401181,1.6322566294938987,1,0,0,1,0,0,0,0.749263158937566,7,3,0,1,0.0021,0.2506,0,Low
0,0,0,0,0.266192205244774,0,0,0,0,1,0,1,1,0,1,-0.4690178669875129,-0.1215152223907791,1,0,0,0,0,1,0,-0.2922799645238764,3,2,0,0,0.5431,0.167,1,Medium
0,0,0,0,1.570546202687662,1,0,1,1,1,1,1,0,2,0,0.4156771237262383,1.4397019523735215,1,0,0,0,1,0,0,0.5874349963575182,6,3,0,1,0.0205,0.2047,0,Low
0,0,0,0,-1.2827281667186554,1,0,0,0,0,0,0,0,0,0,-1.5000533824809827,-1.000198972389174,0,0,1,0,0,0,1,-1.6184174428674711,1,0,0,0,0.6904,0.1649,0,High
0,0,0,1,-0.8343564800976626,1,1,0,1,1,0,1,1,0,1,1.3452720481792215,-0.4461162160700496,0,1,0,0,0,1,0,1.278405142870703,6,0,1,0,0.8147,0.2499,0,High
1,0,1,0,0.0216258307242325,1,0,1,0,1,0,1,1,1,0,0.3292031772654958,0.0734439065346297,1,0,0,0,1,0,0,0.4259350856285456,5,2,0,1,0.0946,0.162,0,Low
0,0,1,1,0.266192205244774,1,0,0,0,1,1,0,0,0,1,0.5537028459616545,0.3619781231384257,0,1,0,1,0,0,0,0.6071301074220273,3,2,0,1,0.0468,0.1974,0,Low
1,0,1,1,0.4699975173452252,1,0,0,1,1,1,0,0,0,1,-0.098177673511636,0.281131188593096,1,0,0,0,0,0,1,0.1902502565565902,4,2,0,0,0.0712,0.1948,0,Low
1,0,0,1,1.6113072651077522,1,0,0,0,0,0,0,0,2,0,-1.4950645009544017,-0.3340555264410524,0,0,1,0,1,0,0,-1.2550426437272837,1,3,0,1,0.0018,0.2612,0,Low
1,0,0,0,0.103147955564413,1,1,1,0,1,0,0,0,0,1,-0.1746738569192159,-0.0846763736347899,1,0,0,0,0,1,0,-0.032632750323435,4,2,0,0,0.2076,0.1657,0,Low
0,0,1,0,-1.2419671042985652,1,0,0,0,0,0,0,0,0,1,0.1945033760478006,-0.9465069018070916,0,1,0,0,0,1,0,-0.3950227939103975,1,0,0,0,0.785,0.1126,1,High
1,0,1,1,0.9591302663863084,1,1,0,1,0,1,1,0,0,1,1.067557643199529,1.3876863802976995,0,1,0,0,1,0,0,1.1855098690164363,5,3,1,1,0.013,0.2526,0,Low
1,0,0,1,-1.2827281667186554,1,0,1,0,0,0,0,0,0,0,-0.4740067485140942,-0.9865884516212426,1,0,0,0,0,0,1,-1.112253088509594,2,0,0,0,0.2364,0.1965,1,Low
0,0,0,0,0.3477143300849545,1,1,1,1,1,1,1,1,0,1,1.6512567818095416,0.9885253214715766,0,1,0,1,0,0,0,1.5958246828603706,8,2,1,1,0.3464,0.1674,1,Medium
0,0,0,1,-0.4675069183168504,0,0,1,1,1,1,1,0,2,0,-0.3891957625622121,-0.4869036599921,1,0,0,0,0,0,1,-0.1773918166475748,5,1,0,0,0.0099,0.2297,0,Low
0,0,0,0,-0.8343564800976626,1,1,1,0,1,1,0,0,0,1,-0.1064924760559381,-0.6940174030878982,1,0,0,0,0,0,1,-0.1406276093271584,5,0,0,0,0.3162,0.1631,1,Medium
0,0,1,0,0.7145638918657667,1,1,0,0,1,0,1,1,1,0,0.3607994269338442,0.7012043603657324,1,0,0,1,0,0,0,0.5519837964414023,5,3,0,1,0.1256,0.1625,0,Low
1,1,1,0,-0.2229405437963089,0,0,0,0,0,0,0,1,0,0,-0.942961612012737,-0.5536106531885739,1,0,0,1,0,0,0,-0.7327939486667241,1,2,0,1,0.5697,0.1704,1,Medium
1,0,1,0,0.429236454925135,1,0,1,0,1,1,1,1,2,1,0.4755437020452143,0.5646138504872382,1,0,0,0,1,0,0,0.7180792330854269,6,2,0,1,0.0128,0.203,0,Low
1,0,0,0,0.103147955564413,1,0,0,0,0,0,0,0,1,1,-1.520008908587308,-0.7274370772587506,0,0,1,0,0,0,1,-1.3610679916245558,1,2,0,0,0.028,0.2051,0,Low
0,0,0,0,-1.2827281667186554,1,0,0,0,0,1,0,0,0,1,-0.4207920122305602,-0.9858825575133436,1,0,0,0,0,1,0,-1.0859929404235824,2,0,0,0,0.8332,0.1419,1,High
0,0,1,0,-1.2827281667186554,1,0,0,0,0,0,0,0,0,1,-0.6369768783824168,-0.988750252326684,1,0,0,0,0,1,0,-1.1926747920230052,1,0,0,0,0.8883,0.1315,1,High
1,0,1,1,-0.4675069183168504,0,0,0,0,0,0,0,0,0,1,-1.290520358364568,-0.7593126080685737,1,0,0,0,0,1,0,-1.098466510764438,0,1,0,0,0.0602,0.2069,0,Low
1,0,1,0,-0.5082679807369407,1,0,0,0,0,0,1,1,0,1,0.8430579745033704,-0.2251272419158579,0,1,0,0,0,1,0,0.8342803883660288,3,1,1,0,0.7968,0.1311,1,High
1,1,1,0,0.755324954285857,1,1,1,0,1,0,0,1,1,1,0.9578022496147404,1.1260423173666885,0,1,0,1,0,0,0,1.1119814543756037,5,3,1,1,0.2033,0.1733,0,Low
1,0,1,0,0.592280704605496,1,1,0,0,0,0,1,1,1,1,1.0093540253894138,1.004209406181462,0,1,0,0,1,0,0,1.177631824590633,4,2,1,1,0.2762,0.1647,0,Low
0,0,1,1,0.429236454925135,1,1,0,0,1,0,1,1,0,1,1.1457167871159692,0.8484494594353301,0,1,0,1,0,0,0,1.1979834393572923,5,2,1,1,0.0684,0.2515,0,Low
1,0,0,0,0.3477143300849545,1,0,0,0,0,0,0,0,2,0,-1.4867496984100992,-0.6549285168629803,0,0,1,0,0,0,1,-1.3157692361761857,1,2,0,0,0.0181,0.2183,0,Low
1,0,0,0,0.2254311428246837,1,0,0,0,0,0,0,0,0,1,0.1545923238351501,0.1493054639429213,0,1,0,0,1,0,0,0.2667329378570994,1,2,0,1,0.6049,0.1518,0,High
0,0,1,0,-0.6713122304173017,1,0,0,0,0,0,0,0,0,0,-1.505042264007564,-0.870182101390491,0,0,1,0,0,0,1,-1.3354643472406944,1,1,0,0,0.2511,0.1769,0,Low
0,0,0,0,-0.9566396673579334,1,0,0,0,0,0,1,1,0,1,0.8630135006096954,-0.6516637566139465,0,1,0,1,0,0,0,0.7151249664257505,3,0,1,1,0.9248,0.1319,1,High
1,0,1,1,-1.1196839170382944,1,0,1,0,1,0,0,1,0,1,0.8480468560299513,-0.8172179841071795,0,1,0,0,0,0,1,0.4344696337564996,4,0,1,0,0.3456,0.214,0,Medium
1,0,1,0,0.429236454925135,1,0,0,0,0,0,1,0,1,1,-0.2827662899951442,0.0460243322809203,1,0,0,0,0,0,1,-0.1590097129873665,2,2,0,0,0.4229,0.1581,0,Medium
0,0,0,0,-0.7935954176775724,0,0,0,1,0,0,0,0,0,0,-1.1874168068152209,-0.8513435523859312,1,0,0,0,0,1,0,-1.105359799637016,1,1,0,0,0.5188,0.1551,0,Medium
1,0,0,0,-1.2419671042985652,1,0,0,0,0,0,0,0,0,0,0.1945033760478006,-0.9519114035706948,0,1,0,0,0,0,1,-0.5289495491490576,1,0,0,0,0.7382,0.1297,0,High
0,1,0,0,-1.2827281667186554,1,0,1,0,1,0,0,0,0,1,-0.3010588555926091,-0.98429429577057,1,0,0,0,0,1,0,-1.026907607230056,3,0,0,0,0.6608,0.1567,1,High
1,0,0,0,1.040652391226489,1,1,0,0,0,0,0,0,2,1,-1.3437350946481017,-0.3411365267109162,0,0,1,0,1,0,0,-1.100764273721964,2,3,0,1,0.0083,0.2288,0,Low
1,1,1,0,1.570546202687662,0,0,1,1,1,1,0,0,2,0,-0.6153583917672312,0.4705534606096705,1,0,0,0,1,0,0,-0.4137331494216809,4,3,0,1,0.0125,0.2306,0,Low
0,0,1,0,0.5515196421854057,0,0,1,1,0,0,1,0,0,0,-0.6419657599089983,-0.0991251436558516,1,0,0,0,0,1,0,-0.5023611492119706,3,2,0,0,0.5571,0.1578,0,Medium
0,0,0,0,-1.1604449794583849,1,0,0,0,0,0,0,0,0,0,-1.4900756194278202,-0.9721617407910528,0,0,1,0,0,0,1,-1.3958626878385214,1,0,0,0,0.3026,0.1703,0,Medium
0,1,0,0,-1.078922854618204,1,1,0,1,0,0,1,1,0,1,1.1107946164299003,-0.7615847047283743,0,1,0,0,0,1,0,0.6862388035311376,5,0,1,0,0.9579,0.1756,1,High
0,0,0,0,-1.2827281667186554,0,0,0,0,0,0,0,0,1,0,-1.2971722004000097,-0.9975077511028084,1,0,0,0,0,0,1,-1.5186288801406265,0,0,0,0,0.1724,0.2045,0,Low
0,0,0,0,-0.1821794813762187,1,0,0,0,1,0,1,0,0,1,-0.1763368174280765,-0.2825252565644112,1,0,0,1,0,0,0,-0.0792445131761057,3,2,0,1,0.2692,0.1622,0,Low
0,0,1,1,1.3259798281671205,1,1,1,0,1,0,1,1,2,1,1.3120128380020128,1.95818117462548,0,1,0,0,1,0,0,1.402156090726034,6,3,1,1,0.0101,0.2772,0,Low
0,0,0,0,-0.7935954176775724,0,0,0,1,0,0,0,0,0,1,-1.1042687813721992,-0.8368727231739977,1,0,0,0,0,1,0,-1.0285488664854316,1,1,0,0,0.7188,0.1431,0,High
0,0,0,0,-1.2827281667186554,1,0,0,0,0,0,1,0,0,0,0.4389585708502844,-0.974477955832597,0,1,0,0,0,1,0,-0.6618915488344921,2,0,0,0,0.9666,0.1417,1,High
0,0,0,0,-1.2827281667186554,1,0,0,0,0,0,0,0,0,0,-1.5299866716404704,-1.0005960378248673,0,0,1,0,0,1,0,-1.633188776165853,1,0,0,0,0.2801,0.1721,0,Low
0,0,1,0,1.1629355784867594,1,1,0,0,0,0,0,0,2,0,-1.3453980551569622,-0.3833578180396368,0,0,1,0,0,0,1,-1.1920182883208552,2,3,0,0,0.0108,0.2411,0,Low
1,0,1,0,1.570546202687662,0,0,0,1,0,0,1,1,2,0,-0.5155807612356051,0.5419590614618485,1,0,0,0,0,1,0,-0.3402047347808479,3,3,0,0,0.0848,0.2156,1,Low
0,0,1,0,-0.3859847934766699,1,0,1,0,1,1,0,1,1,1,0.1296479162022436,-0.2635543524146203,1,0,0,1,0,0,0,0.3678345079882447,5,1,0,1,0.0762,0.1692,0,Low
1,0,1,1,1.570546202687662,1,0,0,0,0,0,0,0,2,0,-1.501716342989843,-0.4348880879162781,0,0,1,0,1,0,0,-1.3495791768369256,1,3,0,1,0.0017,0.2554,0,Low
0,0,1,1,-0.1821794813762187,1,0,0,0,0,0,0,0,1,1,0.1845256129946381,-0.1299859516855695,0,1,0,1,0,0,0,0.3123599451565449,1,2,0,1,0.0135,0.2108,0,Low
0,1,0,0,0.5107585797653155,1,1,0,0,1,0,1,1,1,1,1.173987115766597,0.958679236221964,0,1,0,1,0,0,0,1.2396714244438358,5,2,1,1,0.3839,0.1741,0,Medium
1,0,0,0,-0.5490290431570309,0,0,0,0,0,0,0,0,0,1,-1.3204536475240558,-0.8022839118869373,1,0,0,1,0,0,0,-1.173964436511722,0,1,0,1,0.317,0.1756,0,Medium
0,1,0,0,-0.7935954176775724,1,0,0,0,1,0,0,0,0,1,0.3142365326857518,-0.5940451500566747,0,1,0,0,0,1,0,0.2621374119420473,2,1,0,0,0.6602,0.1197,1,High
1,1,0,0,-0.4267458558967602,1,1,0,0,0,0,1,1,0,1,1.0592428406552268,-0.0899485202531621,0,1,0,0,0,1,0,1.0299184916068167,4,1,1,0,0.9028,0.1518,1,High
0,0,0,0,0.2254311428246837,1,0,1,1,1,0,0,0,0,1,0.6335249503869557,0.4176996392807183,0,1,0,0,1,0,0,0.778805825534329,4,2,0,1,0.4318,0.1617,1,Medium
0,0,1,0,-0.9158786049378432,1,0,0,0,1,0,1,1,0,1,0.0980516665338952,-0.7207531424245801,1,0,0,0,1,0,0,0.0064292199545076,4,0,0,1,0.2694,0.1617,0,Low
1,0,0,0,-0.6305511679972114,1,0,0,0,0,0,0,0,1,1,-1.4884126589189597,-0.885601475809914,0,0,1,0,0,0,1,-1.432955147010013,1,1,0,0,0.0258,0.196,0,Low
1,0,1,1,1.5297851402675715,1,1,0,0,0,0,0,0,2,0,-1.3138018054886138,-0.2522159283064895,0,0,1,0,0,0,1,-1.1496737995321609,2,3,0,0,0.0013,0.2711,0,Low
1,0,1,1,0.918369203966218,1,0,0,0,0,0,0,0,2,0,-1.513357066551866,-0.500117115324338,0,0,1,1,0,0,0,-1.2668597103659889,1,3,0,1,0.0088,0.2245,0,Low
1,0,1,1,1.6113072651077522,1,1,0,0,0,0,0,0,2,1,-1.322116608032916,-0.2188403725173807,0,0,1,0,1,0,0,-1.1375284810423805,2,3,0,1,0.0012,0.2665,0,Low
1,1,0,0,-0.8751175425177529,1,1,0,1,1,1,1,1,0,1,1.5481532302601948,-0.4869698375647155,0,1,0,0,0,1,0,1.29350472802016,7,0,1,0,0.8638,0.204,0,High
0,1,1,0,1.1629355784867594,1,1,1,1,1,1,0,0,0,1,0.9760948152122052,1.5920647837253885,0,1,0,0,1,0,0,1.1786165801438586,6,3,1,1,0.0709,0.2167,0,Low
0,1,0,1,-1.038161792198114,1,0,1,0,0,0,0,0,0,0,0.3857438345667507,-0.786732182322283,0,1,0,1,0,0,0,0.1236151307883352,2,0,0,1,0.4101,0.1865,1,Medium
1,0,1,0,1.24445770332694,1,1,1,0,0,1,0,0,2,1,0.6584693580198622,1.363685980629127,0,1,0,0,1,0,0,0.8155700328547456,4,3,0,1,0.0343,0.2097,0,Low
0,0,0,0,-1.2827281667186554,1,0,1,0,0,0,0,0,0,0,-0.5089289192001635,-0.9870516946295512,1,0,0,1,0,0,0,-1.129322184765502,2,0,0,1,0.3146,0.1735,0,Medium
0,0,1,0,1.5297851402675715,1,0,1,1,1,1,1,1,2,0,0.7183359363388377,1.6162195977300635,1,0,0,0,1,0,0,0.8083484921310924,7,3,0,1,0.0287,0.1951,0,Low
0,0,1,1,1.4482630154273912,1,1,0,1,0,1,0,0,1,1,0.6252101478426535,1.5205709461097228,0,1,0,1,0,0,0,0.7847143588536818,4,3,0,1,0.0043,0.2349,0,Low
1,0,0,0,1.4890240778474817,1,1,1,1,1,1,1,1,2,0,0.8580246190831143,1.7802958594348832,1,0,0,0,0,0,1,1.022040447181013,8,3,1,0,0.0076,0.2135,0,Low
1,0,1,1,-1.2827281667186554,1,0,0,0,0,0,0,0,0,0,-1.5000533824809827,-1.000198972389174,0,0,1,0,0,1,0,-1.6184174428674711,1,0,0,0,0.4572,0.1905,0,Medium
0,0,0,0,-1.2827281667186554,1,0,0,0,0,0,0,0,0,1,0.176210810450336,-0.9779633079903493,0,1,0,0,0,0,1,-0.7912227781581003,1,0,0,0,0.9042,0.1511,1,High
1,1,0,0,-0.3452237310565796,1,1,0,0,0,0,0,0,0,1,0.3741031110047274,-0.2532968286592101,0,1,0,0,0,1,0,0.3061231599861172,2,1,0,0,0.8131,0.1165,1,High
1,0,1,1,0.5515196421854057,1,0,1,0,1,1,0,0,1,0,-0.2644737243976795,0.1205623382369009,1,0,0,0,0,0,1,-0.1547424389233897,4,2,0,0,0.0174,0.2243,0,Low
0,1,0,0,-0.1821794813762187,1,1,0,0,1,1,1,1,0,1,1.2787536278248042,0.2663956490907003,0,1,0,0,0,1,0,1.3292841797873511,6,2,1,0,0.7265,0.1789,1,High
0,1,0,0,0.5515196421854057,1,1,0,1,1,0,1,1,0,1,1.3170017195285944,1.1369395576573826,0,1,0,0,0,1,0,1.454348135046982,6,2,1,0,0.7687,0.1638,0,High
0,0,0,0,1.24445770332694,1,1,1,1,1,0,1,0,2,0,1.102479813885598,1.7345671567575385,0,1,0,0,1,0,0,1.2465647133164135,6,3,1,1,0.0472,0.2254,0,Low
1,0,1,0,0.4699975173452252,0,0,0,1,1,0,1,1,2,0,-0.3509476708584221,0.0457155036087143,1,0,0,1,0,0,0,-0.1990564388185346,4,2,0,1,0.2051,0.1876,0,Low
1,0,1,0,-0.0191352316958577,1,1,0,1,0,0,1,1,0,1,1.1307501425362254,0.3790078184914937,0,1,0,0,1,0,0,1.186494624569662,5,2,1,1,0.694,0.172,0,High
1,1,1,0,-1.1604449794583849,0,0,0,0,1,0,0,0,0,1,-1.1624723991823145,-0.9567423663716298,1,0,0,0,0,1,0,-1.1664146439369936,1,0,0,0,0.8628,0.141,0,High
1,0,1,1,-0.1821794813762187,1,0,0,0,1,0,1,0,0,0,0.6850767261616291,0.0013544707654244,0,1,0,0,0,1,0,0.6491463443596457,3,2,0,0,0.0582,0.2027,0,Low
0,0,0,0,-0.5897901055771212,1,1,0,0,0,1,1,0,0,1,0.781528435675534,-0.2856797208590858,0,1,0,0,0,1,0,0.8894266993466537,4,1,0,0,0.6358,0.1382,1,High
0,0,0,0,0.5107585797653155,1,0,1,0,1,1,1,1,2,0,0.558691727488236,0.5875995273757058,1,0,0,1,0,0,0,0.6396270406784667,6,2,0,1,0.0208,0.2027,0,Low
0,0,0,0,0.8368470791260375,1,0,0,1,1,1,0,1,1,1,0.9844096177565071,1.2158673425968611,0,1,0,0,1,0,0,1.122485513610008,5,3,1,1,0.1682,0.1637,0,Low
1,0,0,0,-0.2637016062163992,1,0,0,0,0,0,0,0,1,0,-1.5116941060430058,-0.777048197529541,0,0,1,0,0,0,1,-1.3039521695374805,1,2,0,0,0.0212,0.2118,0,Low
0,0,0,0,0.0216258307242325,1,1,0,1,0,0,1,1,0,1,1.1689982342400156,0.4560826313977369,0,1,0,0,0,1,0,1.2629773058701712,5,2,1,0,0.8404,0.1597,0,High
0,1,1,0,0.0623868931443227,1,1,0,1,1,0,0,1,0,1,0.9777577757210656,0.4106186390108546,0,1,0,0,0,1,0,1.074888995204112,5,2,1,0,0.6302,0.1491,1,High
0,1,1,0,-0.2229405437963089,1,0,1,0,1,0,1,1,0,1,1.2105722469615263,0.2063064131557812,0,1,0,0,0,1,0,1.2862831872965068,5,2,1,0,0.5888,0.1692,1,Medium
1,0,1,0,1.6113072651077522,0,0,1,1,1,1,0,0,2,0,-0.6519435229621608,0.3763165972051281,1,0,0,0,1,0,0,-0.5309190602555085,4,3,0,1,0.0191,0.2289,0,Low
0,0,1,0,-1.2419671042985652,1,0,1,0,0,0,0,0,0,1,0.3175624537034729,-0.9474113286328372,0,1,0,0,0,1,0,-0.4173439197835075,2,0,0,0,0.4873,0.1288,1,Medium
1,0,0,0,-1.1604449794583849,1,0,0,0,1,1,0,1,0,1,0.8497098165388122,-0.8515641442946497,0,1,0,0,0,1,0,0.3986901819893085,4,0,1,0,0.7476,0.1563,0,High
0,0,0,0,-0.9566396673579334,1,1,0,0,0,0,0,1,0,1,0.6135694242806301,-0.6545093922364151,0,1,0,0,0,1,0,0.6941168479569411,3,0,0,0,0.8912,0.1157,1,High
0,0,0,0,-1.078922854618204,1,0,0,0,1,0,0,1,0,0,0.6335249503869557,-0.7894013444177769,0,1,0,0,0,1,0,0.3904838857124298,3,0,0,0,0.8493,0.1436,1,High
1,0,1,1,1.4482630154273912,1,1,0,0,0,0,0,0,2,0,-1.3004981214177305,-0.2650102590121624,0,0,1,0,0,0,1,-1.1404827477020567,2,3,0,0,0.0013,0.2704,0,Low
0,0,1,0,-0.7935954176775724,1,0,0,0,0,0,0,1,0,0,-0.2960699740660276,-0.6849290164486961,1,0,0,0,0,1,0,-0.2210493128405693,2,1,0,0,0.4909,0.1324,1,Medium
1,0,1,1,-1.038161792198114,0,0,1,1,1,0,1,1,0,0,-0.1996182645521224,-0.8034530490031452,1,0,0,0,0,0,1,-0.0319762466212846,5,0,0,0,0.2128,0.1968,0,Low
0,0,1,1,-1.038161792198114,1,0,1,0,0,0,0,0,0,0,-0.4706808274963733,-0.8543436023445028,1,0,0,0,0,0,1,-0.505315415871647,2,0,0,0,0.1275,0.182,0,Low
1,0,1,1,-0.712073292837392,1,1,0,0,1,1,0,0,0,1,-0.1730108964103555,-0.6263618646839347,1,0,0,1,0,0,0,-0.1639334907534939,4,1,0,1,0.0827,0.1681,0,Low
1,0,0,0,-0.7528343552574821,1,1,0,0,0,1,1,0,0,1,0.8347431719590681,-0.4890213423157975,0,1,0,0,0,1,0,0.6360162703166401,4,1,1,0,0.7504,0.14,1,High
1,0,0,0,-1.2827281667186554,1,0,0,0,0,0,1,0,0,1,0.4688918600097724,-0.9740808903969038,0,1,0,0,0,1,0,-0.6467919636850356,2,0,0,0,0.969,0.1438,1,High
1,0,1,0,-1.038161792198114,0,0,1,1,1,0,0,0,2,0,-0.8747802311494592,-0.8853808839011955,1,0,0,0,0,0,1,-0.7938487929667014,3,0,0,0,0.0516,0.2161,0,Low
0,0,1,0,-0.6713122304173017,1,1,0,0,0,0,1,0,0,1,0.6684471210730246,-0.4008507564010137,0,1,0,0,0,1,0,0.7184074849365018,3,1,0,0,0.8955,0.1098,1,High
1,0,1,1,1.040652391226489,1,1,0,1,0,1,1,0,1,1,0.9927244203008097,1.3868701902354412,0,1,0,0,1,0,0,1.0784997655659387,5,3,1,1,0.0071,0.2293,0,Low
1,0,0,0,-1.1196839170382944,1,0,0,0,1,0,1,1,1,1,0.1712219289237545,-0.855645094605942,1,0,0,0,0,0,1,-0.0421520540046142,4,0,0,0,0.1991,0.1725,1,Low
0,0,0,0,-0.712073292837392,1,0,0,0,0,0,0,0,0,0,0.1379627187465458,-0.5700226911972303,0,1,0,1,0,0,0,0.0983397382555488,1,1,0,1,0.6256,0.1271,1,High
0,0,1,0,0.918369203966218,1,1,0,1,0,0,0,0,0,1,0.4289808077971219,0.8733542859296485,0,1,0,0,1,0,0,0.5582205816118301,3,3,0,1,0.5392,0.153,0,Medium
0,1,0,0,1.3667408905872107,1,1,0,0,1,1,1,1,1,1,1.26378698324506,2.069116845520013,0,1,0,0,1,0,0,1.4753562535157914,6,3,1,1,0.1927,0.2007,0,Low
1,0,1,0,1.3667408905872107,1,1,1,1,1,1,1,1,2,0,0.8929467897691834,1.6716764035818945,1,0,0,1,0,0,0,1.0341857656707936,8,3,1,1,0.0287,0.1768,0,Low
0,1,1,0,1.3667408905872107,1,1,0,1,1,0,1,1,2,1,0.5221065962933062,1.3139645644039777,1,0,0,1,0,0,0,0.6366727740187903,6,3,0,1,0.0228,0.2018,1,Low
0,0,0,0,-0.7935954176775724,1,0,0,1,0,0,0,0,1,1,0.3258772562477751,-0.5826184891850564,0,1,0,0,0,0,1,0.3228640043909494,2,1,0,0,0.2652,0.1353,0,Low
1,0,0,0,-0.9974007297780236,1,1,0,1,1,0,1,0,0,1,0.9694429731767632,-0.667590492423422,0,1,0,0,0,1,0,0.8789226401122487,5,0,1,0,0.8616,0.1373,1,High
1,1,0,0,-0.3859847934766699,1,1,0,1,1,0,1,1,0,1,1.3818571793741514,0.0867676578212269,0,1,0,0,0,1,0,1.454019883195907,6,1,1,0,0.7944,0.1709,1,High
1,0,1,1,0.918369203966218,1,1,1,1,0,0,1,0,0,1,1.0609058011640873,1.302405548387128,0,1,0,0,0,1,0,1.1280657950782855,5,3,1,0,0.0514,0.2374,1,Low
0,0,0,0,-1.2827281667186554,1,0,0,0,0,0,0,0,0,1,0.1978292970655213,-0.9776765385090151,0,1,0,0,0,0,1,-0.7807187189236956,1,0,0,0,0.9072,0.1505,1,High
1,0,0,0,-1.2827281667186554,1,0,0,0,0,1,0,0,0,0,0.3042587696325893,-0.9762647502932168,0,1,0,0,0,1,0,-0.7281984227516719,2,0,0,0,0.5819,0.1585,0,Medium
0,0,0,0,1.4890240778474817,1,1,0,1,1,1,1,1,2,1,1.518219941100707,2.280311538927103,0,1,0,1,0,0,0,1.5534801940716767,7,3,1,1,0.424,0.2142,0,Medium
1,0,0,0,-1.2827281667186554,1,1,0,1,0,0,0,1,0,1,0.8646764611185557,-0.9688308029694036,0,1,0,0,1,0,0,-0.4518103641463979,4,0,1,1,0.8833,0.1674,1,High
0,0,0,0,-0.5897901055771212,1,0,0,0,0,0,0,0,1,0,-1.4867496984100992,-0.8364756577383045,0,0,1,1,0,0,0,-1.2675162140681389,1,1,0,1,0.0358,0.1961,1,Low
0,0,0,0,0.7145638918657667,1,0,0,1,0,1,1,1,2,1,1.1756500762754574,1.213970252181882,0,1,0,0,0,0,1,1.300069765041663,5,3,1,0,0.049,0.2248,0,Low
0,0,0,0,-0.9158786049378432,1,0,0,0,0,0,0,0,0,0,-1.5299866716404704,-0.9369111537778368,0,0,1,0,0,0,1,-1.4556045247341984,1,0,0,0,0.2775,0.1658,0,Low
1,0,1,1,1.4890240778474817,1,1,0,0,1,0,0,0,2,1,0.4772066625540746,1.3825907072063022,0,1,0,0,1,0,0,0.5992520629962235,3,3,0,1,0.0037,0.2382,0,Low
1,0,0,1,0.0623868931443227,1,1,1,1,0,0,1,1,1,1,1.2953832329134083,0.522348440776774,0,1,0,0,0,1,0,1.3125433353825189,6,2,1,0,0.016,0.2537,0,Low
1,0,1,0,1.1221745160666692,1,0,1,1,1,1,0,0,1,1,0.0331962066883382,0.7241900372542001,1,0,0,1,0,0,0,0.1712116491942317,5,3,0,1,0.0404,0.1879,0,Low
1,0,1,1,0.7960860167059473,0,0,1,0,1,0,0,1,1,0,-0.6852027331393695,-0.0047338659152061,1,0,0,1,0,0,0,-0.5328885713619592,3,3,0,1,0.0081,0.2476,0,Low
0,1,0,0,-0.7528343552574821,1,0,1,1,0,0,0,0,0,0,0.4655659389920513,-0.5484046841428174,0,1,0,0,0,1,0,0.341574359902233,3,1,0,0,0.5045,0.1265,0,Medium
1,0,1,1,1.2036966409068497,1,1,1,1,0,0,1,1,0,1,1.3519238902146633,1.8531353076937311,0,1,0,0,0,1,0,1.4372790387910743,6,3,1,0,0.0382,0.2515,0,Low
0,0,1,0,0.8776081415461278,1,1,1,1,0,0,1,1,1,0,1.3868460609007325,1.533762342251089,0,1,0,1,0,0,0,1.4970208756867516,6,3,1,1,0.5573,0.1936,1,Medium
1,0,0,0,1.6113072651077522,0,0,1,0,1,1,1,1,2,1,-0.1214591206356819,0.9279949017192208,1,0,0,0,1,0,0,0.0313763606362188,5,3,0,1,0.0046,0.2425,0,Low
1,1,0,0,-1.2827281667186554,0,0,0,1,1,0,0,1,0,1,-0.7167989828077179,-0.9898090934885326,1,0,0,0,0,1,0,-1.232065014152023,3,0,0,0,0.9081,0.1687,1,High
1,0,1,1,1.2852187657470302,1,0,1,1,0,0,0,0,0,0,0.5387362013819106,1.2567209640915271,0,1,0,0,0,1,0,0.6507876036150219,3,3,0,0,0.0237,0.2119,0,Low
0,0,1,0,0.0623868931443227,1,1,0,0,0,0,0,0,0,0,-1.3354202921037994,-0.6647007384192097,0,0,1,0,0,1,0,-1.2110568956832135,2,2,0,0,0.2312,0.1626,0,Low
0,0,0,0,0.6330417670255862,1,0,0,1,0,0,0,0,1,0,0.3425068613363795,0.6555197760701315,0,1,0,0,0,1,0,0.5844807296978417,2,2,0,0,0.2977,0.1313,0,Low
1,1,0,0,1.2852187657470302,1,0,0,0,0,0,0,0,2,1,-1.4900756194278202,-0.4803520803031606,0,0,1,1,0,0,0,-1.3377621101982204,1,3,0,1,0.0169,0.2098,0,Low
1,1,1,0,0.1439090179845032,1,1,0,0,0,0,0,1,0,1,0.640176792422397,0.3241686699840749,0,1,0,0,0,1,0,0.7377743441499356,3,2,0,0,0.8118,0.1393,1,High
1,0,1,1,-0.2637016062163992,1,0,0,0,1,0,0,0,1,0,-0.4823215510583964,-0.4416382003230641,1,0,0,0,0,0,1,-0.3795949569098656,2,2,0,0,0.0064,0.2264,0,Low
1,0,0,0,-1.1604449794583849,1,0,0,0,0,0,1,1,0,1,0.7848543566932551,-0.8453875708505317,0,1,0,0,0,1,0,0.4906007002903496,3,0,0,0,0.9246,0.134,1,High
1,0,1,1,1.1221745160666692,1,1,1,0,1,1,1,1,2,1,1.5215458621184277,1.897099275101328,0,1,0,0,0,1,0,1.6017332161797233,7,3,1,0,0.0083,0.2666,0,Low
1,0,1,1,-0.712073292837392,1,0,0,0,0,0,0,0,2,0,-1.513357066551866,-0.8858882452912481,0,0,1,0,0,0,1,-1.3705872953057352,1,1,0,0,0.0062,0.2212,0,Low
0,0,1,0,0.3477143300849545,1,1,1,1,1,1,1,1,0,1,1.6213234926500537,1.018305229148574,0,1,0,1,0,0,0,1.6483449790323943,8,2,1,1,0.3996,0.164,1,Medium
0,0,0,0,-0.1414184189561284,1,0,0,0,0,0,0,0,1,0,-1.4800978563746574,-0.7365475230888247,0,0,1,0,0,0,1,-1.267187962217064,1,2,0,0,0.0217,0.2181,0,Low
0,0,0,0,-1.2419671042985652,1,0,0,0,0,0,0,0,0,0,-1.5083681850252848,-0.9967577386131652,0,0,1,0,0,0,1,-1.6413950724427315,1,0,0,0,0.6204,0.1467,0,High
1,1,0,0,1.4890240778474817,1,1,1,0,1,1,0,1,2,0,0.3075846906503099,1.2106834327419764,1,0,0,0,1,0,0,0.4164157819473666,6,3,0,1,0.0553,0.1799,0,Low
0,0,0,1,-0.7935954176775724,1,0,0,0,1,1,0,0,0,0,-0.3792179995090494,-0.6920982534820472,1,0,0,0,0,0,1,-0.2591265275652865,3,1,0,0,0.1614,0.1806,0,Low
0,0,1,1,0.755324954285857,1,1,0,0,1,0,0,1,1,1,0.84139501399451,1.0006137580693506,0,1,0,0,0,1,0,0.932427691837498,4,3,1,0,0.0094,0.2317,0,Low
0,0,0,0,-0.0191352316958577,1,1,1,0,0,0,1,1,1,0,0.3292031772654958,-0.0017117567657628,1,0,0,0,0,0,1,0.3281160340081521,5,2,0,0,0.2861,0.1523,0,Low
0,0,0,0,-0.1414184189561284,1,0,1,0,1,1,0,0,1,0,-0.2278885932027499,-0.2436790214390836,1,0,0,0,1,0,0,-0.0447780688132153,4,2,0,1,0.1632,0.1583,0,Low
1,0,1,1,1.040652391226489,1,1,1,1,1,1,0,0,2,0,0.2244366652072882,0.8574054909293012,1,0,0,0,1,0,0,0.4108355004790891,6,3,0,1,0.0043,0.241,0,Low
1,1,1,1,1.040652391226489,1,1,1,1,0,1,0,0,1,1,0.831417250941347,1.252485599444132,0,1,0,1,0,0,0,0.9091218104111624,5,3,0,1,0.0075,0.2152,0,Low
0,0,0,0,-1.2827281667186554,1,0,0,0,0,0,1,0,0,1,-0.327666223734376,-0.98464724282452,1,0,0,0,1,0,0,-1.0400376812730618,2,0,0,1,0.7576,0.151,1,High
0,1,1,0,0.918369203966218,1,1,0,1,1,1,0,0,0,0,0.8513727770476726,1.216771769422607,0,1,0,0,0,1,0,1.0144906546062848,5,3,1,0,0.3604,0.1652,0,Medium
1,0,1,0,1.6113072651077522,1,1,1,1,1,1,1,0,2,0,0.5803102141034214,1.556637723185197,1,0,0,1,0,0,0,0.6721239739349061,7,3,0,1,0.0103,0.2139,0,Low
1,0,1,0,1.1629355784867594,1,1,0,1,0,1,1,0,2,1,0.972768894194484,1.4786143650714647,0,1,0,0,0,1,0,1.0423920619476723,5,3,1,0,0.0553,0.2045,1,Low
0,1,1,0,-0.712073292837392,1,1,0,0,1,1,0,0,0,1,0.6052546217363279,-0.4537707553025815,0,1,0,0,0,1,0,0.6386422851252412,4,1,0,0,0.6714,0.1392,1,High
1,0,0,0,-1.2419671042985652,1,0,0,0,0,0,0,0,0,0,-1.4917385799366805,-0.994485641953365,0,0,1,0,0,0,1,-1.5849357540578064,1,0,0,0,0.426,0.1591,0,Medium
0,0,0,0,0.8368470791260375,1,0,1,1,1,1,0,1,2,0,1.1523686291514113,1.384178968949075,0,1,0,0,0,0,1,1.3545595723201374,6,3,1,0,0.0164,0.2427,0,Low
1,0,0,0,1.081413453646579,1,1,0,0,0,0,0,0,2,0,-1.325442529050637,-0.3425041965449709,0,0,1,0,0,0,1,-1.116192110722496,2,3,0,0,0.0105,0.2324,0,Low
0,1,0,0,-0.6305511679972114,1,0,0,1,1,0,1,0,0,1,0.8081358038173013,-0.348504296462114,0,1,0,0,0,1,0,0.7870121218112076,4,1,0,0,0.6462,0.1336,1,High
1,0,1,1,-0.4267458558967602,1,1,0,0,1,1,1,1,1,1,0.4589140969566099,-0.2748927765227512,1,0,0,0,0,0,1,0.4318436189478985,6,1,0,0,0.0184,0.1974,0,Low
1,0,0,0,-0.1821794813762187,1,0,0,0,1,1,0,1,0,0,0.8696653426451372,0.1497025293786146,0,1,0,0,0,1,0,1.0299184916068167,4,2,1,0,0.2341,0.1733,0,Low
0,0,0,0,0.6330417670255862,1,0,1,1,0,0,0,0,2,0,-0.3110366186457716,0.1502319499595389,1,0,0,0,1,0,0,-0.1826438462647773,3,2,0,1,0.1401,0.1785,0,Low
1,0,1,0,-1.201206041878475,0,0,0,0,0,1,0,0,0,1,-1.1624723991823145,-0.9682131456249916,1,0,0,0,0,1,0,-1.1857815031504273,1,0,0,0,0.722,0.1498,0,High
1,0,0,0,0.103147955564413,1,0,0,1,1,0,1,1,1,1,1.2471573781564558,0.5908642876247395,0,1,0,1,0,0,0,1.3634223722991663,5,2,1,1,0.2555,0.1873,1,Low
1,0,0,0,-1.2827281667186554,1,0,0,0,0,0,0,0,0,1,0.1562552843440105,-0.9782280182808114,0,1,0,0,0,1,0,-0.8010703336903546,1,0,0,0,0.9585,0.1379,1,High
1,0,0,0,1.2036966409068497,1,1,1,1,0,0,0,1,1,1,0.9129023158755084,1.5197106376657208,0,1,0,1,0,0,0,1.043705069351973,5,3,1,1,0.1662,0.1701,0,Low
1,0,0,1,0.4699975173452252,1,0,0,0,0,0,0,0,2,0,-1.5067052245164243,-0.6471636816760891,0,0,1,1,0,0,0,-1.3446553990707986,1,2,0,1,0.0085,0.2244,0,Low
1,0,0,0,1.4890240778474817,0,0,0,1,1,0,0,0,1,1,-0.9679060196456436,0.0906280162238007,1,0,0,1,0,0,0,-0.7741536819021926,2,3,0,1,0.1684,0.1879,0,Low
1,0,0,0,-0.4267458558967602,1,1,0,0,0,0,1,1,0,1,1.0060281043716928,-0.0548082291943053,0,1,0,0,0,1,0,1.1438218839298928,4,1,1,0,0.8405,0.1322,0,High
0,0,0,0,-1.038161792198114,1,1,0,0,0,0,0,0,0,1,0.3341920587920773,-0.7701657299775237,0,1,0,0,0,1,0,0.2775652489425792,2,0,0,0,0.8645,0.1156,1,High
1,0,1,1,0.5107585797653155,1,0,1,0,0,1,0,0,2,0,-0.3393069472963991,0.117738761805304,1,0,0,1,0,0,0,-0.1202759945604991,3,2,0,1,0.0084,0.2189,0,Low
1,0,0,0,-1.201206041878475,1,0,0,0,0,0,0,1,0,1,0.5154547542578644,-0.8969398999180449,0,1,0,0,0,1,0,0.1400277233420926,2,0,0,0,0.8648,0.1243,0,High
0,0,0,0,-0.5897901055771212,1,1,0,0,0,0,0,0,0,1,0.3092476511591708,-0.4151892304677161,0,1,0,0,0,1,0,0.3822775894355511,2,1,0,0,0.7055,0.121,0,High
1,0,0,0,-0.4267458558967602,1,1,1,1,0,0,0,0,0,0,-0.1946293830255412,-0.4553590170453547,1,0,0,0,0,1,0,-0.1521164241147886,4,1,0,0,0.2335,0.1572,1,Low
1,0,0,0,-0.5490290431570309,1,1,0,1,0,0,1,1,0,1,1.167335273731155,-0.156655513449636,0,1,0,0,0,1,0,1.2278543578051306,5,1,1,0,0.8384,0.169,1,High
1,0,0,0,-0.9158786049378432,1,0,1,1,1,1,1,1,0,1,1.5049162570298231,-0.5486252760515359,0,1,0,0,0,1,0,1.1707385357180546,7,0,1,0,0.8427,0.2144,1,High
0,0,0,0,0.266192205244774,1,1,0,1,1,0,1,1,0,1,1.2837425093513857,0.7533743467776572,0,1,0,0,0,1,0,1.3351927131067036,6,2,1,0,0.7365,0.1753,1,High
1,0,0,0,0.9591302663863084,1,1,1,0,0,1,1,1,0,1,1.3469350086880818,1.5475052181642517,0,1,0,0,0,0,1,1.39427804630023,6,3,1,0,0.1503,0.2397,0,Low
0,0,0,0,0.1439090179845032,0,0,1,1,1,1,0,1,2,1,-0.3908587230710724,-0.1701116198814644,1,0,0,0,0,0,1,-0.255844009054535,5,2,0,0,0.0222,0.2216,0,Low
0,0,0,0,0.3477143300849545,1,0,1,0,1,1,1,1,1,1,0.49882514916926,0.4561488089703526,1,0,0,1,0,0,0,0.6527571147214724,6,2,0,1,0.0845,0.1635,0,Low
1,0,1,1,-1.078922854618204,1,0,0,0,0,0,0,0,0,1,-0.6735620095773465,-0.8938516131959859,1,0,0,1,0,0,0,-0.7196638746237182,1,0,0,1,0.1702,0.1882,1,Low
1,1,1,0,-0.1414184189561284,1,1,0,0,1,0,1,1,0,1,1.1191094189742024,0.3164700123697994,0,1,0,0,0,1,0,1.3443837649368078,5,2,1,0,0.8977,0.172,1,High
1,0,0,0,0.4699975173452252,1,1,1,1,1,0,1,1,0,1,1.5514791512779156,1.1595722874919,0,1,0,0,0,1,0,1.6427646975641168,7,2,1,0,0.606,0.1749,0,High
0,0,0,0,-0.3044626686364894,1,0,0,0,0,0,0,0,0,1,-1.5183459480784474,-0.7741584435253287,0,0,1,0,1,0,0,-1.2707987325788903,1,2,0,1,0.07,0.2058,0,Low
1,0,1,0,-0.9974007297780236,1,0,0,0,0,0,0,0,1,0,-1.4950645009544017,-0.940992104089129,0,0,1,0,1,0,0,-1.3810913545401398,1,0,0,1,0.0233,0.2007,0,Low
1,0,0,0,-0.9974007297780236,1,0,0,0,1,0,1,1,0,1,0.9927244203008097,-0.6823039727349459,0,1,0,0,0,1,0,0.7574694552144446,4,0,1,0,0.8565,0.1325,1,High
1,0,0,0,0.8776081415461278,1,1,0,0,1,0,0,1,0,0,0.8164506063616035,1.1394322462259014,0,1,0,0,1,0,0,0.9636116176896372,4,3,0,1,0.2259,0.1785,0,Low
0,0,1,1,1.081413453646579,1,0,0,0,0,0,0,0,2,0,-1.4717830538303551,-0.4415499635595767,0,0,1,0,0,0,1,-1.2392865548756762,1,3,0,0,0.0049,0.2482,0,Low
0,0,0,0,-1.2827281667186554,0,0,0,0,0,0,0,0,0,0,-1.3387462131215204,-0.9980592308746046,1,0,0,0,0,1,0,-1.5389804949072856,0,0,0,0,0.7563,0.1601,1,High
1,0,0,0,-1.078922854618204,1,0,0,0,0,0,0,0,0,0,-1.4867496984100992,-0.9513378646080266,0,0,1,1,0,0,0,-1.3308688213256423,1,0,0,1,0.4334,0.1518,0,Medium
0,0,1,1,-0.9974007297780236,1,0,0,0,0,0,0,0,2,0,-1.5083681850252848,-0.9386097114749692,0,0,1,1,0,0,0,-1.361396243475631,1,0,0,1,0.0077,0.2183,0,Low
0,0,1,1,1.6113072651077522,1,0,0,0,0,0,0,0,2,0,-1.501716342989843,-0.4001669214839864,0,0,1,0,1,0,0,-1.3223342731976886,1,3,0,1,0.0013,0.2671,0,Low
0,0,0,0,-0.7935954176775724,0,0,0,0,1,1,0,0,2,0,-0.9795467432076664,-0.8102031614099312,1,0,0,0,0,0,1,-0.8867440668209681,2,1,0,0,0.025,0.2123,0,Low
0,0,1,1,1.6113072651077522,1,0,1,1,1,1,1,1,2,1,1.4849607309234982,2.4565424148023114,0,1,0,0,1,0,0,1.5892596458388677,7,3,1,1,0.0019,0.2764,0,Low
1,0,1,0,1.570546202687662,1,1,1,1,1,1,1,1,2,0,0.8546986980653932,1.816428814082973,1,0,0,1,0,0,0,0.9767416917326428,8,3,1,1,0.0098,0.2098,0,Low
0,1,0,0,-0.5082679807369407,1,0,0,0,0,0,1,0,0,0,0.5270954778198876,-0.2967534346767543,0,1,0,1,0,0,0,0.5805417074849403,2,1,0,1,0.5705,0.1398,0,Medium
0,0,1,1,1.407501953007301,1,0,0,1,0,0,0,0,1,0,-0.4756697090229548,0.5051202127058593,1,0,0,0,1,0,0,-0.2860431793534486,2,3,0,1,0.0064,0.2341,0,Low
1,0,1,0,1.570546202687662,1,1,0,0,0,0,0,0,2,1,-1.3420721341392414,-0.2076343035544809,0,0,1,0,0,1,0,-1.1148791033181955,2,3,0,0,0.0149,0.2326,0,Low
0,1,0,0,1.3259798281671205,0,0,0,1,1,0,1,1,2,1,-0.377555039000189,0.5431281985780565,1,0,0,1,0,0,0,-0.193147905499182,4,3,0,1,0.0308,0.2292,0,Low
1,0,1,0,-1.038161792198114,1,0,0,0,0,0,0,0,0,1,0.1695589684148941,-0.7753055214506648,0,1,0,1,0,0,0,0.2299687305366828,1,0,0,1,0.7506,0.1449,1,High
1,0,0,0,0.918369203966218,1,1,0,0,1,0,1,1,2,1,0.4306437683059823,0.8984797043326858,1,0,0,1,0,0,0,0.59137401857042,5,3,0,1,0.0324,0.195,0,Low
1,0,0,0,0.2254311428246837,1,0,0,0,0,0,0,0,1,0,-1.4884126589189597,-0.6868040476728033,0,0,1,0,0,0,1,-1.328242806517041,1,2,0,0,0.0502,0.187,0,Low
0,1,0,1,-0.2229405437963089,1,1,0,0,1,0,0,0,0,1,0.4389585708502844,-0.0667643106468479,0,1,0,0,0,1,0,0.5608465964204312,3,2,0,0,0.1018,0.1985,1,Low
0,0,0,1,-0.9566396673579334,1,0,0,0,0,1,1,1,0,1,0.1512664028174294,-0.7567978603091828,1,0,0,0,1,0,0,-0.0670991946863253,4,0,0,1,0.1478,0.1999,0,Low
1,0,0,0,-1.038161792198114,1,0,0,1,0,0,1,1,0,1,0.9777577757210656,-0.7137603789182038,0,1,0,0,0,1,0,0.8021117069606647,4,0,1,0,0.85,0.1489,1,High
0,1,0,0,0.103147955564413,1,1,1,1,1,1,1,1,1,1,1.5281977041538697,0.6836011260499963,0,1,0,1,0,0,0,1.5551214533270523,8,2,1,1,0.0941,0.2061,0,Low
0,1,1,0,0.3069532676648642,1,0,0,1,0,1,1,1,1,1,1.1423908660982487,0.7832645504090138,0,1,0,0,1,0,0,1.3095890687228422,5,2,1,1,0.4069,0.1699,1,Medium
1,0,1,1,1.2852187657470302,1,1,1,1,1,0,0,0,0,1,0.8962727107869041,1.620763791049665,0,1,0,0,0,1,0,1.0673392026293835,5,3,1,0,0.0283,0.2328,0,Low
0,0,1,1,-0.0598962941159479,1,0,0,0,0,0,0,0,2,0,-1.4584793697594718,-0.701098403357762,0,0,1,0,0,0,1,-1.2271412363858956,1,2,0,0,0.0125,0.2125,0,Low
1,0,1,0,-0.5897901055771212,1,1,1,0,0,0,1,1,0,1,1.1490427081336905,-0.239951018181741,0,1,0,0,0,1,0,1.0683239581826092,5,1,1,0,0.8683,0.1592,1,High
0,1,0,1,0.0216258307242325,1,1,0,1,1,0,1,1,0,1,1.3469350086880818,0.5198116338265113,0,1,0,1,0,0,0,1.4024843425771087,6,2,1,1,0.1631,0.2612,0,Low
1,0,0,0,-0.4267458558967602,1,1,1,0,0,0,0,0,0,1,-0.3459587893318406,-0.5115437761959563,1,0,0,0,0,1,0,-0.3336396977593449,3,1,0,0,0.3543,0.1418,1,Medium
0,0,0,0,-1.078922854618204,1,0,0,0,0,0,0,0,0,0,-1.4917385799366805,-0.9607350799194346,0,0,1,0,0,0,1,-1.430657384052487,1,0,0,0,0.3805,0.1644,0,Medium
1,1,1,0,1.24445770332694,0,0,1,0,0,1,0,0,1,0,-0.9562652960836204,0.0053251251223574,1,0,0,1,0,0,0,-0.7636496226677878,2,3,0,1,0.0462,0.1935,0,Low
1,0,0,0,0.1846700804045935,1,1,1,1,1,1,0,0,1,0,0.0864109429718724,0.0690320683602598,1,0,0,0,0,1,0,0.1679291306834799,6,2,0,0,0.2114,0.155,0,Low
0,0,0,0,-0.4675069183168504,0,0,1,0,0,1,0,0,2,0,-0.9895245062608292,-0.6690243398300922,1,0,0,0,0,0,1,-0.793192289264551,2,1,0,0,0.0319,0.206,0,Low
0,0,1,0,-1.1604449794583849,1,0,1,1,0,0,0,0,0,0,-0.3376439867875385,-0.9052120964949883,1,0,0,0,0,0,1,-0.3996183198254496,3,0,0,0,0.2811,0.1771,0,Low
1,0,1,1,1.4890240778474817,1,0,0,0,0,0,0,0,2,0,-1.4950645009544017,-0.410358267666781,0,0,1,1,0,0,0,-1.3065781843460813,1,3,0,1,0.0024,0.2513,0,Low
0,0,1,1,-0.712073292837392,1,0,0,1,1,1,1,1,0,0,0.387406795075611,-0.4990803333533611,1,0,0,1,0,0,0,0.4279045967349966,6,1,0,1,0.0569,0.1722,0,Low
1,0,1,0,-0.9974007297780236,1,0,1,0,0,0,0,0,0,1,0.3208883747211936,-0.7398343425287303,0,1,0,0,0,1,0,0.281832523006556,2,0,0,0,0.5728,0.1353,1,Medium
0,0,0,0,0.6330417670255862,1,1,0,0,0,0,0,0,2,0,-1.3587017392278458,-0.4869698375647155,0,0,1,0,1,0,0,-1.1503303032343113,2,2,0,1,0.0252,0.2051,0,Low
0,0,0,0,-1.2827281667186554,1,1,0,0,0,0,0,0,0,1,-0.4906363536026986,-0.9868090435299612,1,0,0,0,0,1,0,-1.1204593847864728,2,0,0,0,0.8017,0.1417,0,High
0,0,0,0,-1.2827281667186554,1,0,0,0,0,0,0,0,0,1,-1.485086737901239,-1.0000004396713271,0,0,1,0,0,0,1,-1.611195902143818,1,0,0,0,0.7253,0.174,1,High
0,0,1,1,-0.9974007297780236,1,1,0,1,0,0,0,0,0,0,-0.3027218161014695,-0.8117914231527045,1,0,0,0,0,1,0,-0.3132880829926858,3,0,0,0,0.0645,0.1823,0,Low
1,0,0,0,-0.3452237310565796,1,1,0,0,0,1,0,0,1,0,-0.3409699078052594,-0.4608517555724453,1,0,0,1,0,0,0,-0.3116468237373102,3,1,0,1,0.1423,0.143,0,Low
0,0,0,0,-0.0191352316958577,1,1,0,1,0,0,0,0,0,1,-0.3542735918761429,-0.241428983970155,1,0,0,0,0,1,0,-0.2121865128615405,3,2,0,0,0.3747,0.1512,0,Medium
0,0,1,0,-0.4675069183168504,1,1,1,0,1,0,1,1,0,1,1.315338759019734,-0.0381976584678023,0,1,0,1,0,0,0,1.3401164908728311,6,1,1,1,0.8024,0.1828,1,High
0,0,0,0,0.592280704605496,1,0,1,0,1,1,1,1,1,1,1.2920573118956875,1.0781518139839028,0,1,0,0,0,1,0,1.2921917206158593,6,2,1,0,0.3601,0.1832,0,Medium
1,0,0,0,-0.2637016062163992,1,1,0,0,0,1,0,0,0,1,0.5204436357844459,-0.0873675949211555,0,1,0,0,0,1,0,0.5966260481876223,3,2,0,0,0.4458,0.1493,1,Medium
0,0,1,0,-0.4675069183168504,0,0,1,0,1,0,1,1,1,1,-0.2960699740660276,-0.4984406168180775,1,0,0,0,0,1,0,-0.2164537869255172,4,1,0,0,0.1384,0.1866,1,Low
1,0,1,1,-0.4675069183168504,1,1,1,0,0,0,1,1,1,1,0.367451268969286,-0.3251877317105688,1,0,0,1,0,0,0,0.3694757672436203,5,1,0,1,0.0288,0.1889,0,Low
1,0,1,1,0.429236454925135,0,0,0,1,0,0,0,0,0,0,-1.1824279252886396,-0.4688813010497987,1,0,0,0,1,0,0,-1.029533622038657,1,2,0,1,0.0404,0.219,0,Low
1,1,1,0,-0.9974007297780236,0,0,0,1,1,0,0,1,0,1,-0.7151360222988573,-0.845056682987454,1,0,0,0,0,0,1,-0.5880348823425839,3,0,0,0,0.6439,0.1682,0,High
0,0,0,0,0.6330417670255862,1,1,0,0,0,0,0,0,1,0,-1.3470610156658227,-0.5087422589552313,0,0,1,1,0,0,0,-1.183155488341826,2,2,0,1,0.1186,0.155,0,Low
0,0,0,0,-0.4267458558967602,1,0,1,0,0,1,0,1,0,1,0.8048098827995801,-0.1767293771430193,0,1,0,0,0,1,0,0.749263158937566,4,1,0,0,0.3648,0.1473,0,Medium
1,1,0,0,-1.2827281667186554,1,0,0,0,0,0,0,0,0,0,-0.6935175356836717,-0.9895002648163268,1,0,0,0,0,1,0,-1.2205761993643929,1,0,0,0,0.6714,0.1614,0,High
0,1,0,0,-1.2419671042985652,1,0,1,1,0,0,0,0,0,0,-0.3326551052609572,-0.9629409990066196,1,0,0,0,0,0,1,-0.8027115929457305,3,0,0,0,0.288,0.1652,1,Low
0,0,0,0,1.2852187657470302,1,1,1,1,1,1,1,1,2,1,0.7166729758299774,1.392032040899454,1,0,0,0,1,0,0,0.8053942254714159,8,3,0,1,0.0061,0.2236,0,Low
0,0,1,0,-0.9974007297780236,1,0,0,0,0,0,0,0,0,0,-1.4867496984100992,-0.939977381309024,0,0,1,1,0,0,0,-1.3728850582632612,1,0,0,1,0.4151,0.1548,1,Medium
1,1,1,0,-0.1414184189561284,1,1,0,0,0,1,0,0,0,1,0.4805325835717953,0.0563480336089461,0,1,0,0,0,1,0,0.6990406257230685,3,2,0,0,0.5436,0.1458,0,Medium
1,0,1,0,-1.1604449794583849,1,0,0,0,0,1,0,0,0,0,-0.4922993141115591,-0.9297860351262291,1,0,0,0,0,0,1,-0.7652908819231636,2,0,0,0,0.4163,0.165,1,Medium
0,1,0,0,0.755324954285857,1,0,0,0,0,0,0,0,2,0,-1.505042264007564,-0.5818905358862854,0,0,1,0,1,0,0,-1.3318535768788675,1,3,0,1,0.0121,0.2251,0,Low
1,0,0,0,-1.2827281667186554,1,0,0,0,0,0,0,0,0,1,-0.6635842465241839,-0.9891031993806334,1,0,0,0,0,0,1,-1.2058048660660114,1,0,0,0,0.6545,0.1766,0,High
1,0,0,0,-1.1604449794583849,1,0,0,0,0,0,1,0,0,1,0.5370732408730502,-0.8585348486101543,0,1,0,0,0,1,0,0.294962597049562,2,0,0,0,0.8887,0.1243,1,High
0,1,0,0,-1.038161792198114,1,0,0,0,0,0,1,1,0,1,0.8081358038173013,-0.7555184272386155,0,1,0,0,0,1,0,0.4137897671387655,3,0,0,0,0.8193,0.1379,0,High
1,0,1,0,-1.201206041878475,1,0,0,0,1,1,0,0,0,1,-0.3010588555926091,-0.9407273937986668,1,0,0,0,0,0,1,-0.6743651191753478,3,0,0,0,0.6848,0.16,0,High
0,0,1,1,-0.2229405437963089,1,0,0,1,0,0,0,0,0,0,-0.4989511561470007,-0.4194245951151112,1,0,0,0,0,0,1,-0.3763124383991141,2,2,0,0,0.0219,0.2209,0,Low
1,0,1,0,0.5107585797653155,1,0,1,1,1,0,1,1,1,0,0.4639029784831909,0.5782464304460414,1,0,0,1,0,0,0,0.6245274555290097,6,2,0,1,0.064,0.1648,0,Low
1,0,0,0,-0.5897901055771212,1,1,0,0,0,0,0,0,0,1,0.357473505916123,-0.3934388682680722,0,1,0,1,0,0,0,0.4672948188640144,2,1,0,1,0.6403,0.129,0,High
0,0,1,0,0.3884753925050447,1,1,0,0,1,1,0,0,0,1,0.700043370741373,0.6365929903020843,0,1,0,0,1,0,0,0.9045262844961104,4,2,0,1,0.4753,0.1639,0,Medium
1,1,1,0,-0.4675069183168504,1,0,1,1,0,0,0,1,0,1,0.0032629175288506,-0.4178142741814663,1,0,0,1,0,0,0,0.0563235013179299,4,1,0,1,0.085,0.1888,0,Low
1,0,0,0,-0.2229405437963089,1,1,0,0,0,1,0,0,0,1,0.4871844256072372,-0.0468889796713111,0,1,0,0,0,1,0,0.6136951444435299,3,2,0,0,0.4792,0.1444,1,Medium
0,0,1,0,-0.1414184189561284,1,0,0,0,0,0,0,0,2,1,-1.5067052245164243,-0.7787026368449297,0,0,1,0,0,0,1,-1.3719003027100356,1,2,0,0,0.0164,0.2325,0,Low
0,0,1,0,-0.5490290431570309,1,0,0,1,0,0,0,1,0,1,-0.1680220148837743,-0.5099996328349268,1,0,0,0,0,0,1,-0.0867943057508342,3,1,0,0,0.3184,0.1737,0,Medium
1,1,1,0,0.4699975173452252,1,0,0,0,0,0,0,0,2,1,-1.513357066551866,-0.635119363460059,0,0,1,0,1,0,0,-1.3246320361552146,1,2,0,1,0.0087,0.2213,0,Low
1,0,1,1,-1.078922854618204,1,0,0,0,0,0,0,0,0,0,-1.5067052245164243,-0.9546908616205476,0,0,1,0,0,0,1,-1.3663200212417583,1,0,0,0,0.0662,0.1951,0,Low
0,0,1,0,0.9998913288063984,1,1,1,0,0,0,1,1,0,1,1.1573575106779928,1.416297150858489,0,1,0,0,0,1,0,1.1684407727605288,5,3,1,0,0.6125,0.1892,0,High
0,0,1,0,0.103147955564413,1,0,1,0,0,1,0,0,1,1,-0.3293291842432363,-0.1636041585742687,1,0,0,1,0,0,0,-0.1957739203077831,3,2,0,1,0.0525,0.1737,0,Low
1,0,1,1,1.2852187657470302,1,1,1,0,1,0,0,1,2,0,0.9494874470704384,1.559792187479872,0,1,0,1,0,0,0,0.9974215583503768,5,3,1,1,0.0057,0.2499,0,Low
1,0,1,0,0.3884753925050447,0,0,1,0,0,0,1,0,0,1,-0.8215654948659252,-0.291525406440126,1,0,0,1,0,0,0,-0.7012817709635099,2,2,0,1,0.4182,0.1841,0,Medium
1,0,1,1,-0.4267458558967602,1,0,1,0,0,0,0,0,0,0,0.337517979809798,-0.3145110833285934,0,1,0,1,0,0,0,0.3034971451775161,2,1,0,1,0.0991,0.169,0,Low
1,0,0,0,0.429236454925135,1,0,0,0,0,0,0,0,2,0,-1.5067052245164243,-0.6223691511361298,0,0,1,0,0,0,1,-1.2891808362390984,1,2,0,0,0.0254,0.2063,0,Low
1,0,0,0,-0.8343564800976626,1,0,0,0,0,0,0,0,0,0,-1.4900756194278202,-0.8918001084449039,0,0,1,0,1,0,0,-1.272439991834266,1,0,0,1,0.0665,0.2045,0,Low
1,0,0,0,1.4890240778474817,1,0,0,0,0,0,0,0,2,1,-1.5150200270607266,-0.3701223035165269,0,0,1,1,0,0,0,-1.2639054437063122,1,3,0,1,0.0074,0.23,0,Low
0,0,0,0,-1.2419671042985652,1,1,0,0,0,0,1,1,0,1,1.0076910648805537,-0.92204325913021,0,1,0,0,0,1,0,0.2115866268764744,4,0,1,0,0.9375,0.1269,1,High
0,0,0,0,-0.8343564800976626,1,0,0,0,0,0,0,0,0,0,-1.510031145534145,-0.9002708377396942,0,0,1,0,0,0,1,-1.3210212657933875,1,0,0,0,0.2412,0.1776,0,Low
1,0,0,0,0.7960860167059473,1,1,0,0,1,0,0,1,2,1,0.8181135668704638,1.0107168674886575,0,1,0,0,1,0,0,0.8923809660063302,4,3,0,1,0.0434,0.206,0,Low
0,0,1,0,0.6738028294456765,0,0,1,0,0,0,1,0,0,0,-0.8049358897773209,-0.0953309628258934,1,0,0,1,0,0,0,-0.5831111045764568,2,3,0,1,0.331,0.1788,0,Medium
1,0,0,0,-1.1196839170382944,0,0,1,0,1,1,0,0,0,0,-0.8265543763925065,-0.9103298287772578,1,0,0,0,0,0,1,-0.7203203783258684,3,0,0,0,0.2738,0.1957,1,Low
0,0,1,1,1.3667408905872107,1,1,1,1,1,0,1,1,2,0,1.476645928379196,2.1157720342139754,0,1,0,1,0,0,0,1.5272200459856646,7,3,1,1,0.0187,0.2657,0,Low
0,0,0,0,-1.2827281667186554,1,0,0,0,0,0,0,0,0,1,0.1579182448528708,-0.9782059590899396,0,1,0,0,0,1,0,-0.8004138299882044,1,0,0,0,0.9607,0.136,1,High
1,0,1,1,-0.6713122304173017,1,0,0,0,0,0,0,0,0,0,-1.4867496984100992,-0.8583142567014358,0,0,1,0,0,1,0,-1.2836005547708211,1,1,0,0,0.0504,0.1792,0,Low
1,0,0,0,-0.8343564800976626,1,0,1,0,1,0,0,0,0,0,0.5603546879970964,-0.6301119271321493,0,1,0,1,0,0,0,0.2253732046216307,3,0,0,1,0.36,0.153,1,Medium
0,1,1,0,-0.6305511679972114,1,1,0,0,0,0,1,1,0,1,0.9212171184198106,-0.2965328427680358,0,1,0,0,0,1,0,1.002017084265429,4,1,1,0,0.811,0.1289,0,High
0,0,1,0,0.6330417670255862,1,0,0,0,0,0,0,0,2,0,-1.4701200933214948,-0.542581057752649,0,0,1,1,0,0,0,-1.234691028960624,1,2,0,1,0.0473,0.191,0,Low
1,0,0,0,0.8368470791260375,1,1,0,0,0,0,0,0,1,0,-1.3570387787189853,-0.4345351408623284,0,0,1,1,0,0,0,-1.1513150587875367,2,3,0,1,0.2111,0.1655,0,Low
0,0,0,1,-1.201206041878475,1,0,1,0,0,1,0,1,0,1,-0.0117037270508933,-0.9306463435702312,1,0,0,1,0,0,0,-0.4869333122114387,4,0,0,1,0.2203,0.1831,0,Low
0,0,1,0,-0.8751175425177529,1,1,0,0,0,0,1,1,0,1,0.9694429731767632,-0.5329191321507787,0,1,0,0,0,1,0,1.008582121286932,4,0,1,0,0.9372,0.1385,1,High
1,0,0,0,-1.2827281667186554,1,0,0,0,0,0,0,0,0,0,-1.4934015404455407,-1.0001107356256866,0,0,1,0,0,0,1,-1.61513492435672,1,0,0,0,0.7528,0.1709,0,High
1,1,1,0,1.6113072651077522,1,1,0,1,1,1,1,1,2,1,1.556468032804497,2.530639236940856,0,1,0,1,0,0,0,1.6647575715861518,7,3,1,1,0.0387,0.2357,0,Low
0,0,0,0,-0.7935954176775724,1,0,0,0,0,0,0,0,2,1,-1.4784348958657971,-0.8936310212872673,0,0,1,0,0,0,1,-1.330212317623492,1,1,0,0,0.0137,0.2225,0,Low
1,0,1,0,-0.712073292837392,1,1,0,0,1,1,1,1,0,1,1.2837425093513857,-0.3295775106940669,0,1,0,0,0,1,0,1.2163655430175002,6,1,1,0,0.9048,0.1701,0,High
0,1,0,0,-0.9974007297780236,1,1,0,0,1,0,1,1,0,0,1.213898167979247,-0.6645683832739786,0,1,0,0,0,1,0,0.9038697807939602,5,0,1,0,0.9455,0.1589,1,High
0,1,0,0,-0.712073292837392,1,0,0,1,0,0,0,0,0,1,0.3474957428629605,-0.5026759814654727,0,1,0,0,1,0,0,0.4114920041812392,2,1,0,1,0.7916,0.1201,1,High
1,0,0,0,0.1846700804045935,1,1,0,0,0,1,1,1,0,0,1.129087182027365,0.5244440639095997,0,1,0,1,0,0,0,1.0594611582035798,5,2,1,1,0.457,0.1876,1,Medium
0,0,0,0,-1.2419671042985652,1,0,0,0,0,0,0,0,0,0,-1.5333125926581914,-0.9854634328867782,0,0,1,1,0,0,0,-1.3610679916245558,1,0,0,1,0.3189,0.1593,0,Medium
1,0,0,0,1.24445770332694,1,1,0,1,1,0,1,1,2,1,1.326979482581757,1.8748856698933751,0,1,0,1,0,0,0,1.409705883300762,6,3,1,1,0.2998,0.2169,0,Low
0,0,1,1,-1.201206041878475,0,0,0,0,0,1,0,0,0,1,-1.1258872679873848,-0.966977830936168,1,0,0,0,0,0,1,-1.162803873575167,1,0,0,0,0.1521,0.2098,1,Low
0,0,0,0,-0.712073292837392,1,0,0,1,1,0,1,1,0,1,1.2105722469615263,-0.365997234823491,0,1,0,0,0,1,0,1.0469875878627244,5,1,1,0,0.8503,0.1471,1,High
0,0,1,0,-0.3859847934766699,1,0,1,1,1,1,0,0,1,1,0.0464998907592218,-0.3322246135986889,1,0,0,0,0,0,1,0.1551273084915491,5,1,0,0,0.2243,0.1603,0,Low
0,0,1,1,0.5515196421854057,0,0,1,1,0,0,0,0,0,0,-0.9911874667696896,-0.2940842725812605,1,0,0,1,0,0,0,-0.8112461410736842,2,2,0,1,0.0738,0.2147,0,Low
1,0,0,0,-0.9158786049378432,1,0,0,0,0,0,0,0,0,0,-1.4917385799366805,-0.9271168730307354,0,0,1,0,0,1,0,-1.3896259026680935,1,0,0,0,0.2396,0.1586,0,Low
1,1,0,0,0.8776081415461278,1,0,0,0,1,1,0,1,1,0,0.0132406805820131,0.5484444635781722,1,0,0,1,0,0,0,0.1639901084705785,4,3,0,1,0.0627,0.1764,0,Low
1,0,0,0,-1.201206041878475,0,0,0,0,0,1,0,0,0,1,-1.1674612807088958,-0.9661837000647816,1,0,0,0,0,1,0,-1.1480325402767853,1,0,0,0,0.7321,0.1483,0,High
1,0,0,0,-0.4675069183168504,1,1,0,1,0,0,0,0,0,1,0.5819731746122817,-0.1914649166454151,0,1,0,0,0,1,0,0.8218068180251733,3,1,0,0,0.758,0.1297,1,High
1,0,0,0,-0.6305511679972114,1,0,0,0,0,1,0,0,0,0,-0.4440734593546064,-0.611626325181539,1,0,0,0,0,0,1,-0.3004862608007551,2,1,0,0,0.2093,0.1597,1,Low
1,0,0,0,-1.1196839170382944,1,0,1,0,1,0,0,0,0,1,-0.3010588555926091,-0.8878735724697147,1,0,0,0,0,0,1,-0.4419628086141436,3,0,0,0,0.4595,0.1618,0,Medium
0,0,1,1,-0.0191352316958577,1,0,0,1,0,0,1,0,0,1,0.7066952127768144,0.1927620699604654,0,1,0,0,0,1,0,0.7666605070445488,3,2,0,0,0.0452,0.2015,0,Low
1,0,0,0,0.266192205244774,1,1,0,0,0,1,0,0,2,1,-0.3659143154381659,-0.0379991257499558,1,0,0,0,1,0,0,-0.1366885871142565,3,2,0,1,0.0408,0.1898,0,Low
0,0,1,0,0.7960860167059473,1,1,0,1,0,1,1,1,0,1,1.258798101718479,1.257934219589479,0,1,0,0,1,0,0,1.2396714244438358,6,3,1,1,0.7308,0.185,0,High
1,0,0,0,-1.2827281667186554,1,0,0,0,0,0,0,0,0,1,0.216121862662986,-0.9774338874094248,0,1,0,0,0,0,1,-0.7718559189446665,1,0,0,0,0.9037,0.1519,1,High
1,0,1,0,1.5297851402675715,0,0,1,0,1,1,1,1,2,0,-0.1779997779369368,0.8197063337293099,1,0,0,1,0,0,0,-0.026395965153007,5,3,0,1,0.0235,0.2171,0,Low
1,0,0,0,-0.712073292837392,1,1,1,0,0,0,1,0,0,1,0.761572909569209,-0.4608738147633172,0,1,0,1,0,0,0,0.6058171000177265,4,1,0,1,0.7256,0.1397,0,High
0,1,1,1,-0.7528343552574821,1,1,0,0,0,0,1,1,0,1,1.0293095514957389,-0.4149465793681258,0,1,0,0,0,1,0,1.00333009166973,4,1,1,0,0.4599,0.2013,0,Medium
1,1,1,0,1.24445770332694,1,1,1,1,1,0,1,1,2,0,1.4517015207462896,2.075800780354183,0,1,0,0,1,0,0,1.643421201266267,7,3,1,1,0.1413,0.2206,0,Low
0,0,1,1,0.918369203966218,1,0,0,0,0,0,0,0,2,0,-1.4584793697594718,-0.4749475785395574,0,0,1,0,0,0,1,-1.2333780215563237,1,3,0,0,0.0077,0.2366,0,Low
1,0,0,0,-0.8751175425177529,1,0,0,0,0,0,0,0,0,0,-1.4834237773923784,-0.9171461187566592,0,0,1,0,0,0,1,-1.3738698138164869,1,0,0,0,0.1403,0.1878,0,Low
1,0,1,0,0.3884753925050447,1,0,0,0,0,0,0,0,2,0,-1.4834237773923784,-0.6403032733149437,0,0,1,0,0,1,0,-1.3049369250907057,1,2,0,0,0.0282,0.2018,0,Low
1,0,0,1,-1.201206041878475,1,0,0,0,0,0,0,0,0,0,-1.463468251286053,-0.9821545542560008,0,0,1,0,0,0,1,-1.4451004654997934,1,0,0,0,0.0491,0.1966,0,Low
0,0,0,0,0.103147955564413,1,1,1,0,1,1,1,1,1,1,0.7017063312502334,0.3632134378272492,1,0,0,0,1,0,0,0.8930374697084803,7,2,0,1,0.0822,0.1729,1,Low
1,0,0,0,0.103147955564413,1,1,0,0,0,0,1,0,0,0,0.608580542754049,0.2477776919948589,0,1,0,0,0,1,0,0.6543983739768484,3,2,0,0,0.7068,0.1351,0,High
1,0,0,1,-0.5897901055771212,1,1,0,0,1,0,0,0,0,1,0.5221065962933062,-0.388321135985803,0,1,0,0,1,0,0,0.4873181817795983,3,1,0,1,0.0891,0.1909,0,Low
0,0,1,1,0.9591302663863084,1,0,0,0,0,0,1,1,1,0,0.7998210012729992,1.1828888522434455,0,1,0,1,0,0,0,0.9183128622412664,3,3,0,1,0.0099,0.2243,0,Low
1,0,0,0,0.103147955564413,1,0,0,0,0,0,1,0,0,0,-0.327666223734376,-0.1218902286356006,1,0,0,0,0,0,1,-0.1094436834750193,2,2,0,0,0.145,0.1784,1,Low
0,1,0,0,-0.9974007297780236,1,1,0,0,0,1,1,1,0,1,1.173987115766597,-0.6080747954511712,0,1,0,0,1,0,0,1.3709721648738948,5,0,1,1,0.952,0.1909,0,High
0,0,0,0,-0.8343564800976626,1,1,0,0,0,0,0,1,0,1,0.7216618573565584,-0.5382133379600227,0,1,0,0,0,1,0,0.7512326700440165,3,0,0,0,0.9275,0.1229,0,High
1,0,0,0,-1.1604449794583849,1,1,0,0,0,0,0,0,0,0,-1.3171277265063348,-0.9639557217867246,0,0,1,0,0,0,1,-1.2737529992385666,2,0,0,0,0.1705,0.1783,0,Low
0,0,0,0,0.8368470791260375,1,1,1,1,1,0,0,0,0,0,0.8630135006096954,1.162241449587394,0,1,0,0,0,1,0,1.0486288471181,5,3,1,0,0.4016,0.159,0,Medium
0,0,0,0,-1.2419671042985652,0,0,0,1,0,0,1,1,0,0,-0.4473993803723273,-0.9662057592556532,1,0,0,0,0,1,0,-0.8834615483102165,3,0,0,0,0.6749,0.144,0,High
1,0,1,0,1.5297851402675715,1,1,1,1,1,1,1,1,2,0,1.6446049397740998,2.628339393312278,0,1,0,0,1,0,0,1.8689302229548928,8,3,1,1,0.1869,0.197,0,Low
0,0,0,0,-0.6713122304173017,1,0,1,0,0,0,0,0,0,1,-0.4889733930938382,-0.6726199879422038,1,0,0,0,0,1,0,-0.4708489715087564,2,1,0,0,0.4244,0.1325,1,Medium
0,0,0,0,-0.712073292837392,1,0,0,0,1,0,0,1,0,1,-0.1796627384457972,-0.6150896181484193,1,0,0,0,0,1,0,-0.1114131945814703,3,1,0,0,0.3989,0.1413,1,Medium
1,0,1,0,1.2852187657470302,1,0,1,1,0,1,1,1,2,1,1.3036980354577106,1.9053494124874,0,1,0,0,1,0,0,1.3929650388959298,6,3,1,1,0.209,0.2232,0,Low
1,0,1,1,0.8776081415461278,1,0,0,0,0,0,0,0,2,0,-1.4784348958657971,-0.5277572814867659,0,0,1,0,1,0,0,-1.2918068510477,1,3,0,1,0.0042,0.2438,0,Low
0,0,0,0,-1.1196839170382944,1,1,0,0,1,0,1,1,0,1,1.18562783932862,-0.7821438706209383,0,1,0,0,0,1,0,0.8694033364310698,5,0,1,0,0.9724,0.1631,1,High
0,0,0,0,-1.2827281667186554,1,1,0,0,0,0,0,0,0,1,-0.4906363536026986,-0.9868090435299612,1,0,0,0,0,0,1,-1.1204593847864728,2,0,0,0,0.7487,0.1638,1,High
0,0,1,1,-0.4267458558967602,1,0,0,1,0,1,0,0,0,0,-0.3226773422077947,-0.4768226097636646,1,0,0,0,0,1,0,-0.2213775646916446,3,1,0,0,0.041,0.1885,1,Low
1,0,1,1,-1.2827281667186554,1,0,0,0,0,0,0,0,0,1,-1.4867496984100992,-1.000022498862199,0,0,1,1,0,0,0,-1.6121806576970434,1,0,0,1,0.5946,0.1954,0,Medium
0,0,1,0,1.5297851402675715,1,1,0,0,0,0,0,0,2,1,-1.2921833188734282,-0.1234784903783738,0,0,1,1,0,0,0,-1.0147622887402756,2,3,0,1,0.0059,0.2415,0,Low
0,0,0,0,0.3069532676648642,1,0,0,1,0,0,0,0,0,0,0.3308661377743562,0.3021535974939687,0,1,0,0,1,0,0,0.4364391448629506,2,2,0,1,0.733,0.1369,0,High
0,1,1,0,1.6113072651077522,1,1,0,0,0,0,0,0,2,0,-1.3487239761746832,-0.2241786967083683,0,0,1,1,0,0,0,-1.142780510659583,2,3,0,1,0.0052,0.2461,0,Low
1,1,0,0,-0.2637016062163992,1,1,0,0,0,0,1,1,0,1,0.9561392891058796,0.0517376627167293,0,1,0,0,0,1,0,0.9800242102433946,4,2,1,0,0.8282,0.153,0,High
1,0,1,1,-0.7935954176775724,1,0,0,1,1,1,0,0,0,0,-0.1015035945293569,-0.6779803713240634,1,0,0,1,0,0,0,-0.1839568536690778,4,1,0,1,0.0383,0.1845,0,Low
0,0,0,1,-0.8343564800976626,1,1,0,0,0,0,1,0,0,1,0.6385138319135366,-0.5824861340398254,0,1,0,0,0,1,0,0.4978222410140028,3,0,0,0,0.3291,0.1837,0,Medium
1,0,0,1,-1.2827281667186554,0,0,0,0,0,0,0,0,0,1,-1.3154647659974743,-0.9977504022023984,1,0,0,0,0,1,0,-1.5274916801196556,0,0,0,0,0.3758,0.2078,1,Medium
0,0,1,1,1.6113072651077522,0,0,0,1,0,1,1,1,2,0,-0.3725661574736078,0.6605272123980414,1,0,0,0,1,0,0,-0.2410726757561533,4,3,0,1,0.004,0.2613,0,Low
1,1,1,0,-1.038161792198114,1,1,0,0,0,0,0,0,0,1,0.3508216638806817,-0.7737393188987635,0,1,0,0,0,1,0,0.2444118119839892,2,0,0,0,0.8934,0.1237,0,High
1,0,0,0,-0.4267458558967602,1,1,0,1,0,0,1,1,0,1,1.1906167208552014,0.0569656909533577,0,1,0,0,0,1,0,1.50522717196363,5,1,1,0,0.8859,0.1597,0,High
1,0,1,0,1.407501953007301,1,0,1,1,1,0,1,1,2,0,0.548713964435073,1.3728626040318166,1,0,0,0,1,0,0,0.6632611739558772,6,3,0,1,0.0216,0.1958,0,Low
1,0,0,0,-0.7935954176775724,1,1,0,0,0,1,1,1,0,1,1.135739024062807,-0.4346233776258159,0,1,0,0,0,0,1,1.1093554395670024,5,1,1,0,0.802,0.1872,1,High
1,1,1,0,-1.2419671042985652,1,0,0,0,0,0,0,0,0,0,0.1745478499414751,-0.946418665043604,0,1,0,0,0,1,0,-0.3927250309528715,1,0,0,0,0.7147,0.1239,0,High
1,1,0,0,1.3259798281671205,1,1,1,0,1,1,1,1,2,1,1.4699940863437542,2.127110458322106,0,1,0,0,0,1,0,1.5925421643496191,7,3,1,0,0.1734,0.2089,0,Low
1,0,1,1,1.5297851402675715,1,1,0,1,1,1,1,1,2,1,0.640176792422397,1.6292345203444552,1,0,0,0,0,1,0,0.8218068180251733,7,3,0,0,0.005,0.2192,0,Low
1,0,0,0,1.5297851402675715,0,0,1,0,1,1,0,1,2,0,-0.5471770109039534,0.5099952938885381,1,0,0,1,0,0,0,-0.3510370458663277,4,3,0,1,0.0269,0.216,0,Low
1,1,1,0,0.3477143300849545,0,0,0,1,1,0,1,1,0,1,-0.362588394420445,-0.0315137236336318,1,0,0,0,0,1,0,-0.211201757308315,4,2,0,0,0.6864,0.1711,0,High
1,0,0,0,0.6738028294456765,1,1,0,0,0,0,0,0,0,0,0.3441698218452398,0.6138940828949508,0,1,0,0,1,0,0,0.4722185966301413,2,3,0,1,0.2376,0.1724,1,Low
0,0,1,1,-0.9158786049378432,1,0,0,1,1,0,0,0,0,1,-0.3093736581369113,-0.7656877142305383,1,0,0,0,0,0,1,-0.2975319941410788,3,0,0,0,0.1118,0.193,0,Low
1,0,1,0,1.2036966409068497,1,0,1,1,1,1,1,1,2,0,0.7066952127768144,1.2919715511047432,1,0,0,0,0,1,0,0.7745385514703522,7,3,0,0,0.0228,0.2004,0,Low
1,0,0,0,-1.1604449794583849,1,1,1,0,0,0,1,0,0,0,0.8580246190831143,-0.8465787671576116,0,1,0,0,0,1,0,0.4728751003322919,4,0,1,0,0.7837,0.1484,0,High
1,0,1,0,-0.9566396673579334,1,1,1,0,0,0,0,1,0,1,0.7715506726223714,-0.6553917598712891,0,1,0,0,0,1,0,0.687551810935438,4,0,0,0,0.781,0.1397,0,High
1,0,1,0,1.407501953007301,1,1,0,1,1,1,1,1,2,1,1.5448273092424738,2.3296138305256875,0,1,0,1,0,0,0,1.710056327034522,7,3,1,1,0.7345,0.2121,0,High
1,0,0,0,0.7145638918657667,0,0,1,0,0,1,0,0,1,1,-0.9795467432076664,-0.2373259744679908,1,0,0,0,0,0,1,-0.8171546743930369,2,3,0,0,0.0222,0.2082,0,Low
1,0,1,1,1.5297851402675715,1,1,0,0,0,0,0,0,2,0,-1.3121388449797535,-0.2227007309199544,0,0,1,0,0,0,1,-1.1188181255310972,2,3,0,0,0.0013,0.2713,0,Low
1,0,0,0,0.1846700804045935,0,0,0,0,0,0,1,0,2,0,-0.9662430591367832,-0.4279173836007734,1,0,0,0,1,0,0,-0.8050093559032565,1,2,0,1,0.0223,0.2286,0,Low
1,0,1,0,1.6113072651077522,1,1,0,1,1,0,1,1,2,1,1.3286424430906172,2.286774881852556,0,1,0,1,0,0,0,1.416270920322265,6,3,1,1,0.1094,0.2357,0,Low
0,0,1,0,-0.6305511679972114,1,1,0,0,1,0,1,0,0,0,0.7782025146578133,-0.3644972098442052,0,1,0,0,0,1,0,0.7210334997451033,4,1,0,0,0.8712,0.1252,1,High
1,0,0,0,-0.6305511679972114,1,1,1,1,1,1,1,0,0,1,1.3901719819184537,-0.2712088916471523,0,1,0,1,0,0,0,1.106401172907326,7,1,1,1,0.4715,0.1925,0,Medium
0,0,0,0,0.103147955564413,1,1,1,1,1,1,1,1,2,1,1.6080198085791704,0.7179031678557228,0,1,0,0,0,0,1,1.626023853159284,8,2,1,0,0.0808,0.2213,0,Low
1,0,1,1,0.3069532676648642,1,1,1,1,0,1,1,1,0,1,1.5049162570298231,0.962782245724128,0,1,0,0,1,0,0,1.6352149049893885,7,2,1,1,0.0882,0.2274,0,Low
1,0,0,0,-0.5490290431570309,1,0,0,0,1,1,0,0,0,1,-0.327666223734376,-0.5472134878357374,1,0,0,0,1,0,0,-0.2253165869045463,3,1,0,1,0.185,0.1597,1,Low
0,1,1,0,0.5107585797653155,1,0,0,0,1,0,0,1,0,1,0.7066952127768144,0.6946968990585367,0,1,0,0,0,1,0,0.8126157661950691,3,2,0,0,0.7276,0.144,0,High
1,0,1,0,1.24445770332694,1,0,0,0,0,0,0,0,2,0,-1.516682987569587,-0.4628812011326554,0,0,1,0,0,0,1,-1.3078911917503822,1,3,0,0,0.0265,0.2111,0,Low
0,0,1,1,1.2036966409068497,1,1,0,1,0,1,1,1,1,1,1.370216455812128,1.9485633674053533,0,1,0,0,1,0,0,1.5498694237098505,6,3,1,1,0.0131,0.2804,0,Low
1,0,1,1,0.918369203966218,1,1,0,0,0,0,0,1,0,0,0.6867396866704893,1.070563452323986,0,1,0,1,0,0,0,0.8201655587697977,3,3,0,1,0.0427,0.2123,0,Low
0,0,0,0,-0.712073292837392,1,1,1,0,0,0,0,0,0,1,-0.3043847766103298,-0.611935153853745,1,0,0,0,0,0,1,-0.0966418612830885,3,1,0,0,0.3828,0.1483,1,Medium
1,0,0,0,-0.2637016062163992,0,0,1,1,0,0,0,1,0,1,-0.6718990490684861,-0.498661208726796,1,0,0,1,0,0,0,-0.5364993417237859,3,2,0,1,0.3907,0.1798,0,Medium
0,0,0,0,-0.712073292837392,1,0,0,0,1,0,1,1,0,1,0.9694429731767632,-0.3447321748230277,0,1,0,0,1,0,0,1.145791395036344,4,1,1,1,0.8013,0.1514,0,High
0,0,1,1,1.6113072651077522,1,1,1,1,1,1,1,1,2,1,1.7277529652171215,2.7220688953267684,0,1,0,0,1,0,0,1.860067422975864,8,3,1,1,0.0031,0.2687,0,Low
0,0,0,0,-1.2827281667186554,1,0,0,0,0,1,0,0,0,1,-0.4972881956381404,-0.9868972802934484,1,0,0,0,0,1,0,-1.1237419032972245,2,0,0,0,0.81,0.1412,0,High
1,0,0,0,-0.3859847934766699,1,1,0,0,1,1,1,0,0,1,1.0658946826906688,-0.0888455607095696,0,1,0,0,1,0,0,0.9094500622622376,5,1,1,1,0.3166,0.1897,0,Medium
1,0,1,0,1.5297851402675715,1,0,1,1,1,1,0,0,2,0,0.0032629175288506,0.9866723494383411,1,0,0,0,1,0,0,0.1485622714700464,5,3,0,1,0.049,0.1867,0,Low
0,0,0,0,-0.9566396673579334,1,0,0,0,0,0,0,0,0,0,-1.5083681850252848,-0.9425803658319022,0,0,1,1,0,0,0,-1.4490394877126953,1,0,0,1,0.3968,0.1492,0,Medium
0,0,0,0,-1.2827281667186554,1,0,1,0,0,0,0,0,0,1,-0.5455140503950929,-0.9875369968287322,1,0,0,1,0,0,0,-1.1477042884257105,2,0,0,1,0.5862,0.1582,0,Medium
1,0,0,0,-0.4675069183168504,1,1,0,0,0,0,0,0,0,0,0.3474957428629605,-0.3159449307352637,0,1,0,0,0,0,1,0.4009879449468347,2,1,0,0,0.4685,0.1477,0,Medium
0,1,0,0,0.5515196421854057,1,1,0,0,1,1,0,1,1,1,0.1412886397642664,0.4272953873099729,1,0,0,0,1,0,0,0.3307420488167532,5,2,0,1,0.1492,0.1728,0,Low
0,0,0,0,-1.2419671042985652,1,1,0,0,0,0,0,0,0,0,0.3341920587920773,-0.9439921540477004,0,1,0,0,1,0,0,-0.3326549422061196,2,0,0,1,0.8905,0.1278,1,High
0,0,1,1,0.8368470791260375,1,0,0,0,1,0,0,1,1,0,-0.1414146467420072,0.4456706933062239,1,0,0,0,1,0,0,0.0615755309351324,3,3,0,1,0.0127,0.2219,0,Low
1,0,0,0,-1.1604449794583849,1,0,0,0,0,0,0,0,0,1,-1.4967274614632615,-0.9811177722850238,0,0,1,0,0,1,0,-1.5291329393750313,1,0,0,0,0.3378,0.1399,0,Medium
0,0,1,1,-0.712073292837392,1,0,0,0,0,0,0,0,1,0,-1.4800978563746574,-0.8606966493155955,0,0,1,0,1,0,0,-1.2534013844719076,1,1,0,1,0.0103,0.2107,0,Low
0,0,0,0,-0.3859847934766699,1,1,1,0,0,0,1,0,0,1,0.8380690929767889,-0.0516317057087588,0,1,0,1,0,0,0,1.0249947138406894,4,1,1,1,0.6119,0.1421,1,High
1,0,0,0,-0.1821794813762187,1,1,0,1,0,0,1,1,1,0,1.1756500762754574,0.1771882812049394,0,1,0,0,0,1,0,1.1004926395879733,5,2,1,0,0.4898,0.1638,0,Medium
0,0,1,0,0.6738028294456765,0,0,1,0,0,1,0,0,1,1,-0.9662430591367832,-0.2227227901108263,1,0,0,0,1,0,0,-0.772840674497892,2,3,0,1,0.0483,0.1999,0,Low
1,0,0,0,0.9998913288063984,1,0,0,0,0,0,0,0,2,0,-1.4701200933214948,-0.5123158478764711,0,0,1,1,0,0,0,-1.305593428792856,1,3,0,1,0.0724,0.1948,0,Low
0,1,0,0,-1.2827281667186554,1,1,0,0,0,0,0,0,0,1,0.3109106116680311,-0.9761765135297296,0,1,0,0,0,1,0,-0.7249159042409205,2,0,0,0,0.9482,0.1274,1,High
1,0,1,1,1.4482630154273912,1,0,1,0,1,0,0,0,2,0,0.5154547542578644,1.362516843512919,0,1,0,0,1,0,0,0.6143516481456804,3,3,0,1,0.0056,0.2286,0,Low
1,1,1,0,1.6113072651077522,1,1,0,1,0,0,1,1,1,1,1.0775354062526916,2.138095935376288,0,1,0,0,1,0,0,1.2646185651255468,5,3,1,1,0.1342,0.2051,0,Low
1,0,0,0,0.8776081415461278,1,0,0,0,0,0,0,0,2,0,-1.4917385799366805,-0.5017053770671112,0,0,1,0,0,0,1,-1.256683902982659,1,3,0,0,0.0475,0.2131,0,Low
1,0,0,0,-1.038161792198114,1,0,0,0,0,0,0,0,0,1,-1.5116941060430058,-0.934506701972805,0,0,1,0,0,0,1,-1.2507753696633064,1,0,0,0,0.3388,0.162,0,Medium
0,0,1,1,1.5297851402675715,1,1,1,1,1,1,1,0,2,0,0.493836267642679,1.5249386659023494,1,0,0,1,0,0,0,0.7124989516171494,7,3,0,1,0.007,0.221,0,Low
0,0,0,0,0.1439090179845032,1,1,0,0,1,0,0,0,1,0,-0.3010588555926091,-0.1523539712296253,1,0,0,0,0,1,0,-0.2203928091384192,3,2,0,0,0.1302,0.1559,0,Low
1,0,1,0,0.755324954285857,1,1,1,1,0,1,1,1,1,0,1.5032532965209628,1.499835306690184,0,1,0,0,1,0,0,1.6467037197770182,7,3,1,1,0.6645,0.1758,0,High
1,1,1,0,-0.5490290431570309,0,0,0,1,1,0,0,0,0,1,-1.0161318744025962,-0.7542831125497919,1,0,0,0,1,0,0,-0.9953954295268418,2,1,0,1,0.4767,0.1769,0,Medium
1,0,0,0,-0.1006573565360382,1,1,1,0,0,0,1,1,0,1,1.1823019183108991,0.2865136311658273,0,1,0,1,0,0,0,1.166471261654078,5,2,1,1,0.6727,0.1706,0,High
0,0,1,0,-0.4675069183168504,1,0,0,1,0,0,0,0,0,1,0.3059217301414496,-0.3181508498224487,0,1,0,1,0,0,0,0.3934381523721063,2,1,0,1,0.5314,0.1456,1,Medium
1,1,1,0,-0.9566396673579334,1,0,0,0,0,0,0,0,1,0,-1.4967274614632615,-0.9281095366199686,0,0,1,0,1,0,0,-1.341372880560047,1,0,0,1,0.0166,0.2078,0,Low
0,0,1,0,0.755324954285857,1,0,1,1,1,0,1,0,1,1,0.952813368088159,1.0291583510575242,0,1,0,0,0,1,0,0.9734591732218916,5,3,1,0,0.2077,0.1693,0,Low
1,0,0,1,-1.2827281667186554,1,0,0,0,0,0,0,0,0,1,-1.4834237773923784,-0.9999783804804556,0,0,1,0,0,0,1,-1.6105393984416678,1,0,0,0,0.2481,0.2137,0,Low
1,0,0,1,-1.1196839170382944,1,0,0,0,0,0,0,0,0,1,0.1612441658705919,-0.8691012010377703,0,1,0,0,0,1,0,-0.208903994350789,1,0,0,0,0.6865,0.1823,1,High
1,1,1,0,0.429236454925135,1,0,0,1,1,0,1,1,1,1,1.1872907998374802,0.8899427974652797,0,1,0,1,0,0,0,1.2682293354873737,5,2,1,1,0.1736,0.1762,0,Low
0,0,0,1,-0.4267458558967602,1,0,0,0,0,0,0,0,0,1,-1.4734460143392158,-0.8016221361607817,0,0,1,0,0,1,0,-1.272111739983191,1,1,0,0,0.0649,0.1996,0,Low
1,0,1,0,1.4482630154273912,1,1,1,1,1,1,1,1,2,1,1.60635684807031,2.4570277170014925,0,1,0,0,0,1,0,1.7947453046119095,8,3,1,0,0.2102,0.2036,1,Low
0,0,1,1,1.3259798281671205,1,1,0,0,0,0,0,0,2,1,-1.3154647659974743,-0.2374803888040938,0,0,1,1,0,0,0,-1.0731911182316516,2,3,0,1,0.0018,0.2589,0,Low
0,0,1,1,-1.1196839170382944,0,0,0,1,0,0,0,0,0,1,-1.1425168730759891,-0.9351464185080888,1,0,0,0,0,1,0,-1.0278923627832814,1,0,0,0,0.2153,0.1994,0,Low
1,0,0,0,1.6113072651077522,0,0,1,1,1,1,1,1,2,1,-0.0383110951926602,0.9608851553091488,1,0,0,1,0,0,0,0.0648580494458836,6,3,0,1,0.0039,0.2445,0,Low
0,0,1,0,1.6113072651077522,1,1,1,1,1,0,1,0,2,0,1.1906167208552014,2.226751823490252,0,1,0,1,0,0,0,1.3552160760222876,6,3,1,1,0.0261,0.2353,0,Low
1,0,0,0,0.3884753925050447,1,0,0,0,0,0,0,0,1,1,-1.5067052245164243,-0.6385826564269395,0,0,1,0,0,0,1,-1.3019826584310292,1,2,0,0,0.0667,0.1804,0,Low
0,0,1,0,-0.5490290431570309,1,1,0,0,0,0,1,0,0,1,0.7316396204097209,-0.3187243887851168,0,1,0,0,0,1,0,0.624855707380085,3,1,0,0,0.8736,0.121,0,High
1,0,0,0,-1.2419671042985652,1,0,0,0,0,0,0,0,0,0,-1.5000533824809827,-0.9915738287582806,0,0,1,0,0,0,1,-1.5127203468212738,1,0,0,0,0.261,0.162,0,Low
