Gender,Senior Citizen,Partner,Dependents,Tenure Months,Phone Service,Multiple Lines,Online Security,Online Backup,Device Protection,Tech Support,Streaming TV,Streaming Movies,Contract,Paperless Billing,Monthly Charges,Total Charges,Internet Service_DSL,Internet Service_Fiber optic,Internet Service_No,Payment Method_Bank transfer (automatic),Payment Method_Credit card (automatic),Payment Method_Electronic check,Payment Method_Mailed check,Charges Per Month,Num Services,Tenure Group,High Value Customer,Auto Payment
-0.07530523,-0.06940692,0.065447584,0.27863118,0.23357795,-0.08311013,0.043579772,0.1475826,0.12506254,0.09579139,0.13497633,0.056621872,0.07065088,0.6961308,0.0711456,0.028740691,-0.10009586,0.009361208,0.19486058,0.06414364,0.04221687,0.0488549,-0.13772982,0.07236695,-0.14764258,-0.12233422,0.19438417,0.014516861,0.11223997
-0.17694467,-0.17365746,0.029051846,0.2106908,-0.24540631,-0.05512066,-0.09117741,0.09569945,0.14376412,-0.4539823,0.17504169,-0.13071343,-0.09437666,0.55354565,0.029337017,0.68875766,-0.16090982,0.009678961,0.28277636,0.033993453,0.047996227,-0.5069614,0.12588078,0.038815893,-0.30477968,0.07451036,-0.03782494,-0.005060548,-0.33159068
0.1170152,0.008843289,0.09545901,-1.5835638,0.8363561,-0.067453906,0.03899522,0.14301342,0.12453312,0.018141476,0.0698506,0.040237527,0.047206048,0.69840896,-0.1220362,-0.09241417,-0.059790708,-0.029284764,-0.18557477,0.05661824,0.034221187,0.038196106,0.10461295,-0.5996663,0.00448608,-0.060891856,0.20499007,0.007590131,0.09436665
0.11198048,0.040845938,-0.02640018,0.3112599,-0.28223008,-0.04833269,0.0911979,-0.3649098,-0.22277872,-0.42804942,-0.29312178,-0.101178534,-0.12178671,-0.52413523,0.034054965,-0.036655407,0.2408479,-0.024584936,-0.18616207,0.015500982,-0.4989005,0.05752929,0.12751836,0.06488028,-0.10854763,0.22200619,-0.072109185,0.012889878,-0.14086972
0.15220918,0.074880935,0.053947836,0.32363242,-0.01761628,-0.034278754,0.07884396,-0.19983616,-0.13815723,-0.22142622,-0.14086303,0.16152285,-0.10593872,-0.24945672,0.19681135,-0.0013424021,0.0070528,0.01678335,-0.083897024,0.015835002,0.120314755,-0.20184377,0.16054055,0.1567827,0.032638114,0.25987086,-0.46648467,0.0039018732,-0.09949291
0.11576483,-0.20747273,0.001725199,0.36311448,-0.09367615,-0.02375804,-0.037282392,0.11639018,0.18344967,-0.2886339,-0.41175994,-0.14723727,-0.067401275,-0.8878108,0.016728334,0.89352834,-0.17447479,0.014642071,0.14336433,0.02298599,0.06753017,-0.28469235,0.11496267,0.068801805,0.1106432,0.17626342,-0.13743941,-0.008174252,-0.13343336
0.15749039,0.03640012,-0.014094273,0.17871344,-0.04827602,-0.06271864,-0.001050056,0.11146514,0.056755707,0.08398294,0.07143337,0.052297104,0.053709257,0.5674602,0.0043754606,-1.0714295,-0.09857809,-0.029435456,-0.39341286,-0.5624472,0.0405184,-0.76376325,0.18780315,0.074476674,-0.39785758,-0.11187773,0.16024582,0.0029873208,-0.16099365
-0.096646234,0.018366734,0.0016276549,0.2436952,0.6820202,-0.06325924,-0.049297657,0.15699498,0.2226589,0.092986636,0.18224536,-0.053957157,-0.14670408,0.7173482,0.06655431,0.48929667,-0.009323281,0.00827915,0.2391743,0.068890154,0.01967519,0.057141833,-0.16145422,0.073993735,-0.018044805,0.08043116,0.23346137,-0.006466137,0.09647012
-0.12907293,0.03160469,-0.012034837,0.2114515,-0.5210855,-0.06649686,-0.002126046,0.094987296,0.11209252,0.05350128,0.08238115,0.027371392,0.06075519,-1.8295082,-0.047957737,-0.88667774,-0.54019624,0.020281322,-0.31846577,-0.16350368,0.034962878,0.08401145,0.118450545,-0.6140127,-0.40371504,-0.14170548,-0.045793917,0.006787968,0.10083892
-0.20655018,0.0073936903,-0.02007736,-1.8064712,-0.3107219,-0.047976993,-0.07932601,-0.1581823,-0.21605594,0.05062388,-0.17028132,-0.21199256,0.039462816,-1.8766794,0.050208177,-0.095265955,-0.30840415,-0.009472693,-0.092972524,0.013393343,0.07573128,-0.31309205,0.101618856,0.064907536,-0.17409822,0.15668131,-0.12743214,0.00060652697,-0.088403836
-0.32681808,-0.20469472,0.02540408,0.18404664,-0.108215846,-0.1520926,-0.042721257,0.09163494,0.08495663,-0.345999,-0.39371708,0.067355774,-0.2623743,0.48458594,0.059770267,-0.60032994,-0.26302496,0.008646292,-0.30756262,0.05314271,0.06720452,-0.40396458,0.12406938,0.026234105,-0.23559414,0.09322638,0.18460521,0.012910316,-0.24910693
-0.14034806,0.08108032,-0.038104165,0.23419401,-0.1239732,-0.07326669,-0.0067160204,0.133582,0.12073521,-0.2624358,0.13403517,0.0036682654,0.11187558,0.60876286,-0.15696791,-0.17435774,-0.07414682,0.010420178,0.19172075,0.048082396,0.036138985,0.081747405,-0.12511715,0.11405242,-0.19873522,-0.12778875,0.19996521,0.0079752905,0.12477956
0.12541983,0.07037613,0.0054033315,0.19239944,0.21985747,-0.062657095,0.006525282,0.09168917,0.16644086,0.06382103,-0.4997258,0.054193746,0.10094542,0.6444428,0.035950866,-0.49158815,-0.052023463,-0.019129599,-0.21904396,0.091171496,-0.27521008,0.03191095,0.08665667,0.10644375,0.20943828,-0.09851867,0.18700932,0.0056715095,-0.18324208
-0.08612728,0.0009198118,-0.015160211,-1.3669556,0.54725134,-0.034987118,0.033118643,0.08806007,0.045421388,0.056134146,0.057469785,0.03023534,0.022049597,-1.4925275,-0.042677853,-0.6157199,-0.09800295,0.0006935294,-0.11946908,-0.18440366,0.031052658,-0.61889756,0.13032557,-0.02861225,0.054716308,-0.09140278,0.18420482,0.0077227,-0.11653349
-0.27974835,0.022944676,-0.004770827,0.25482774,-0.43236053,-0.073575564,-0.002143472,0.15554583,-0.11546436,-0.4682476,0.111993566,0.10816804,0.0800276,0.5111845,0.06184559,-0.069820374,0.18264115,0.0029398506,0.20570546,0.029852739,0.07786834,-0.49365625,0.06301305,0.06393476,-0.15926684,-0.003945507,-0.19431649,0.00876488,-0.32461777
0.1059289,0.016049352,0.38186628,-2.3765686,-0.38548374,-0.06545095,-0.051689174,0.07411983,-0.3283508,0.06371288,0.10959251,-0.1904064,-0.008791939,0.5698689,0.02420058,-0.034462154,-0.6659707,0.023885615,0.14462873,0.02072063,-0.24940483,0.05320753,0.15519552,0.050740622,-0.25643602,0.040213283,-0.1617239,0.012621683,-0.20367688
-0.054809194,0.009120806,-0.0021927606,0.22014332,-0.397242,-0.07162044,0.04075649,0.13003303,0.098403655,0.057928205,0.069561675,0.029044857,0.04017856,-1.94958,0.020417111,-0.6182874,-0.3184496,0.01938022,-0.29517955,-0.15427078,0.024825707,0.096108876,0.09387323,-0.36220518,-0.060109057,-0.12933995,-0.46741194,0.005670735,0.17519552
-0.08812386,0.019221146,-0.017823782,-2.4105654,-0.22535206,-0.04480264,0.014848179,0.09718125,-0.25373098,-0.17983614,0.098029956,-0.08421836,-0.11400712,-1.0595933,0.0121570695,0.6938342,0.0034622874,0.0011238594,0.10098296,0.01594352,0.04147127,0.05488331,0.095647946,-0.40701753,-0.047981136,0.18283735,-0.057943612,-0.0042866794,0.13917805
-0.13131928,0.043023612,0.03561402,0.22599839,-0.02068196,-0.04016578,-0.024808401,-0.31867367,-0.240798,-0.35211283,-0.29194158,-0.111216374,-0.09736508,-1.6292592,-0.10220998,0.06868377,-0.05106771,-0.020858595,-0.1476009,0.01801953,0.017665816,-0.26286474,0.107324734,0.115055874,-0.1643329,0.09005694,-0.36028075,-0.00624683,-0.07569964
0.038461655,-0.0017138158,-0.0070037553,0.16402261,0.6262475,-0.04510244,0.047742393,0.16724277,0.099823594,0.047512304,0.07995794,0.028056603,0.02047262,0.6388619,-0.17756,-0.49327385,-0.2837157,0.013074373,-0.35967398,-0.24575995,0.037739407,0.09723076,0.20111942,-0.34359992,0.14804848,-0.066647016,0.1766558,0.00689613,0.11969266
-0.10454885,0.03429373,-0.00982068,0.23750095,-0.32612595,-0.07135936,0.020573592,0.13207975,0.074702576,0.081364654,0.05789725,0.014315136,0.060570933,-0.96255356,-0.10486992,-0.78527725,-0.63207704,0.017365819,-0.3395236,-0.13673213,0.049303014,0.107356414,0.17412052,-0.5952878,-0.40263233,-0.17565198,-0.1427568,0.007273175,0.115816176
0.086233415,0.049916416,0.028231246,0.38295144,-0.11963815,-0.020241883,-0.054036137,0.13200031,0.24923246,-0.2642909,-0.32140082,-0.13639256,-0.029814348,-0.9270299,0.031536486,1.3064742,-0.19146998,0.016508328,0.14467803,0.02298599,0.06045886,-0.32574385,0.09913182,0.0999961,0.29680887,0.23284434,-0.11468437,-0.00010802146,-0.14348637
0.11776551,0.11162267,-0.16352898,-2.3961914,0.08470357,-0.07361176,0.031067273,0.07478759,-0.1455072,0.105865784,0.08481623,0.16091855,0.06709542,0.5902444,0.03780237,0.078818515,-0.07843725,0.007995356,0.114952825,0.034568217,0.05397042,-0.20184033,0.150848,0.078713335,-0.06428389,0.013811071,0.19912204,0.008846502,-0.15678427
-0.07206552,-0.02574204,-0.0026203147,0.22699155,0.02729935,-0.076106824,0.046270113,0.13771151,0.15542568,0.14337817,0.14993232,0.038782343,0.04863975,0.6452562,0.05749671,0.020363223,0.03805064,0.020287475,0.20674919,0.05142972,-0.2282888,0.06157802,0.1439907,0.08301825,-0.06867814,-0.11215396,-0.051550288,0.016020874,-0.25584638
-0.1082685,0.025880383,-0.002822969,-2.4816067,-0.40928763,-0.03381993,0.029960077,0.1130632,-0.15684709,-0.15349412,-0.38268626,0.091589175,0.048316013,-0.7907344,-0.018230965,-0.044966873,-0.37046307,0.0024268676,0.045230612,0.013742672,0.041313414,0.055926185,0.082700476,-0.5245496,-0.17478171,0.17383504,-0.5584687,0.018399023,0.11009404
0.02977927,0.046359725,-0.017268557,0.24834833,0.074513465,-0.101073295,0.01125052,0.09787001,0.121189326,0.038498204,0.09380269,0.06597133,0.06368803,0.67912096,0.06960854,-0.64548737,-0.13671404,0.050527748,-0.21039203,0.13312232,0.038173206,0.03079839,-0.059253804,0.12307412,0.20815794,-0.07093021,0.19344775,0.008489585,0.09361414
-0.31100607,0.027875062,-0.003222736,0.16247603,-0.01069523,-0.10204274,0.026948726,0.14899154,0.16217788,0.0897282,-0.54447716,0.0441223,-0.19697657,0.5626016,-0.19604264,-0.4417181,-0.069888666,0.0005048153,-0.27017242,0.08434421,0.0394281,0.035200886,0.14982268,-0.5703008,-0.24527821,0.07689551,0.16623399,0.0067421645,0.11633278
0.08175168,0.06112678,0.035225205,0.3075745,-0.20132558,-0.043008156,-0.0272538,0.20206247,-0.30317158,-0.38657185,0.20200554,-0.08646336,-0.06422184,0.49027014,-0.006142659,1.089571,-0.11999457,0.010044456,0.27752435,0.03217416,0.035809606,-0.39152348,0.11107067,0.13150649,0.19507787,0.14131105,-0.41076335,0.004366703,-0.20798542
0.21029967,0.0418824,-0.00062851876,0.21687664,0.3682095,-0.0578194,-0.02299399,0.14640294,0.12502086,0.19075917,-0.73841065,0.09843687,-0.15929766,0.6912078,0.029963499,0.1480612,-0.12661816,-0.012465715,0.16527398,0.059323702,0.04864818,-0.27779207,0.1506705,0.08122331,-0.2352192,-0.0031954448,0.22551034,0.0006779199,-0.165264
0.08650556,0.016825896,-0.059476912,-2.053196,-0.13568276,-0.061022647,0.004473343,0.083385594,0.057863858,0.0024746654,0.049975865,0.040235646,0.050115325,0.5281504,0.015973844,-0.44695467,-0.051238097,0.00280781,-0.2005746,-0.21319573,0.042057257,0.06474347,0.119849704,-0.45460397,-0.12097402,-0.108063616,0.12583798,0.008690666,0.11593149
-0.12024497,0.0336464,-0.024125922,0.24539055,-0.47994202,-0.06656446,0.021712476,0.123526536,0.07943859,0.072935104,0.08012231,0.012461899,0.051866565,-0.95776606,-0.0679321,-0.97482646,-0.6535892,0.01297054,-0.31234092,-0.13724779,0.04700347,0.09633163,0.17005312,-0.6575983,-0.17869075,-0.16986956,-0.13910095,0.007273175,0.114973314
0.12686485,0.028694278,-0.0033762949,0.23255529,-0.56578755,-0.07056004,-0.05067768,0.085647956,0.066612124,0.108228825,0.06602504,0.061311517,0.042682886,-2.0341325,-0.032355644,-0.88465446,-0.65038157,0.014975807,-0.28442052,-0.15514888,0.06624294,-0.29287648,0.0828665,0.10680416,-0.29154906,-0.14355206,-0.45015165,0.0057190885,-0.1431464
-0.16311905,0.014136985,-0.004210476,-2.2211084,-0.9421561,-0.052581362,-0.022476982,0.10156585,0.14061256,0.16001646,0.086311266,0.10600075,0.018757544,-1.7733016,0.005813768,-0.002790335,-0.13539825,0.017855518,0.055264853,0.017868059,0.026622107,-0.24668564,0.06394825,0.0724093,-0.15059678,0.038673088,-0.3027831,0.008179708,-0.07558672
0.091771096,0.0060512084,-0.012002453,0.24688414,-0.060851958,-0.06796163,0.023287194,0.14672129,0.12148214,0.09341133,0.12020549,0.019298187,0.034864,0.6190557,0.041403,0.024759037,0.13246466,0.015283296,0.15660244,0.05209002,0.05521092,0.038153715,0.18094902,-0.6869592,-0.20539889,-0.15209694,-0.07069596,0.0071272925,0.11000566
-0.14756311,0.0457598,-0.012653806,0.18372382,0.1816505,-0.07992741,-0.04262407,0.13727503,0.15434603,0.056528978,0.12208692,0.055197056,0.07226274,0.62927276,-0.14813332,-0.2371393,-0.041434776,0.005821861,-0.23759857,0.113408215,0.041673418,0.036858503,0.110811554,-0.6410582,0.1284753,-0.069992356,0.20173964,0.0081749,0.10863602
-0.12188946,0.028663402,-0.0053975023,0.20481491,0.07548953,-0.09885941,0.016761754,0.12040705,0.07987273,0.045004446,0.08543672,0.04440964,0.062897064,0.5971628,0.0334551,-0.84056437,-0.058609568,-0.01583544,-0.431989,-0.4267893,0.037190977,0.10249963,0.17299229,-0.6196036,-0.26662123,-0.100333855,0.16791072,0.006330248,0.13701022
-0.12120414,0.018656598,0.007075404,-1.8804711,-0.107734285,-0.045708384,0.0051513305,0.08920157,0.08779186,0.032305,0.05725229,0.034174215,0.05389502,-1.1459343,-0.07999512,-0.6138389,-0.2579659,0.011961213,-0.11551858,-0.14921243,0.03756727,0.06980167,0.11802668,-0.56647223,-0.13554782,-0.14483576,-0.039556734,0.0103485435,0.09986406
0.11938201,0.04016828,-0.06464105,-1.822856,-0.35966748,-0.11163472,0.015594443,-0.15991811,-0.28089768,0.06371487,-0.27156216,0.062515154,0.06416789,0.48750183,0.031675372,-0.23182948,-0.12129612,-0.011886473,-0.11619845,0.013820615,-0.5939229,0.03646495,0.16993655,0.084039435,-0.21696489,0.07200406,-0.115389034,0.006694352,-0.1592709
0.07068685,0.021551732,0.27407014,-1.7843492,-0.74125284,-0.07992101,-0.04887176,0.052196644,0.06690387,0.075019956,0.08693933,0.031150214,0.04131066,0.5303786,0.022951957,-0.34206045,-0.101706564,-0.005044811,-0.21977009,0.03054091,0.05262101,0.026200846,0.19537708,-0.7614313,-0.17246386,-0.116047956,-0.17515334,0.0074485643,0.104649946
-0.16242032,-0.15331674,-0.0055375444,0.20961235,-0.3479003,-0.07953891,0.006204703,0.072739705,0.04664606,0.109193355,0.053874437,0.027669916,0.06158391,-1.0016192,-0.05332731,-0.99864537,-0.6981294,0.012075585,-0.3290079,-0.17078228,0.05744271,-0.71982795,0.13943987,0.0669235,-0.48919854,-0.17127517,-0.15457277,0.0066153267,-0.17028724
-0.33321324,0.034257174,-0.06906183,0.2187039,0.45701033,-0.0435506,-0.050279126,0.1236508,0.11836559,-0.3851543,-0.5452445,0.060627535,-0.15139478,0.6168492,-0.15954381,0.18755135,-0.05899381,-0.005322878,0.19175512,0.052466974,0.018387223,-0.49032784,0.1371428,0.063362174,-0.11573989,0.030385848,0.27614686,-0.030455472,-0.20420346
-0.19735445,0.02601671,0.14116992,0.22920732,-0.030193556,0.5297494,0.009718886,0.050367646,0.11307274,0.064792395,-0.7007618,-0.05155878,0.050432686,0.5614446,-0.22799823,-0.420163,-0.009561087,-0.0021072929,-0.25614238,0.056708947,0.038538076,0.049420122,0.12124134,-0.70790005,0.1004946,-0.0995724,0.18549985,0.007940591,0.11723862
-0.14948756,0.024692941,-0.05861868,-1.8870413,-0.21746297,-0.101660036,0.024850039,0.07365117,0.09538268,0.008025831,0.06803644,-0.090060614,0.07278665,0.5263464,-0.02824415,-0.23440504,-0.2584939,0.0048078923,-0.16511898,0.03545804,0.042218883,0.073026665,0.11968038,-0.4791646,-0.13791369,0.10505752,0.18119632,0.009159156,0.11832481
0.02854862,0.057013005,0.00050626416,0.2519332,-1.2925918,-0.02361524,-0.011663926,-0.5221957,-0.27032137,-0.28720382,-0.29097107,-0.08855527,-0.046899904,-1.9096824,-0.08499361,0.5890946,-0.19268706,0.025430523,0.05558784,0.01626787,-0.01109581,-0.2585193,0.06860058,0.1018299,0.19546261,0.13105698,-0.39270857,0.00747659,-0.08202107
0.08029276,0.017834269,-0.05744492,-1.9746628,-0.4226315,-0.08285284,-0.0021791488,0.03177387,0.10214014,0.011544596,0.07872506,0.015580148,0.043928728,0.5220227,-0.0050855153,-0.6978076,-0.22684218,0.0044650985,-0.2281101,-0.15137197,-0.13790695,0.05893001,0.14617099,0.077802606,-0.25891373,-0.1264556,-0.019979073,0.007918845,-0.17467998
0.07227391,0.026087858,-0.04258556,0.23783413,-0.22605719,-0.06453191,0.02407236,0.119069815,0.09016154,0.04931857,0.051087216,0.045730446,0.040601227,-1.1897428,-0.07796812,-0.9147477,-0.50516945,-0.0021951376,-0.2323935,-0.26420912,0.041045494,0.077679485,0.17103231,-0.6022393,-0.32605672,-0.17639783,0.1377643,0.0063132048,0.10816755
0.048479483,0.07274658,0.035278924,0.39530632,0.11295217,-0.030096972,-0.061587136,-0.6430202,0.16343173,-0.43110353,0.07902239,-0.1274332,-0.09149363,-0.652524,-0.02375665,1.0843905,-0.02544346,0.01741949,0.13175777,0.019313456,0.044861168,-0.37450972,0.11249446,0.1450655,0.16247761,0.2403831,-0.4357602,0.012493099,-0.13298562
0.13847071,0.057478674,-0.042901877,0.13906918,0.06353198,-0.11283249,0.010111917,-0.56880707,-0.4112954,-0.18809424,0.07231553,0.058877625,0.15904863,0.5341123,-0.105863184,-0.3772806,-0.17353398,-0.042313896,-0.2590647,0.04979357,0.10395346,0.031677186,-0.21963188,0.075221956,-0.34854618,0.08464795,0.12458591,-0.0024296027,0.09294028
-0.07690526,0.053200748,-0.021023529,0.27953115,-0.3184381,-0.12371311,0.04374356,0.12693088,-0.36587387,0.105243124,-0.35265353,0.06301151,-0.22737995,-0.61345935,0.06491508,-0.388516,-0.12682411,-0.028200777,-0.21385975,0.024944587,-0.3790655,0.042389657,0.20947304,0.0536459,-0.19777825,0.08413209,-0.05310651,0.006325674,-0.11841046
-0.10616603,-0.17777368,-0.015423723,0.20820744,-0.23112005,-0.16131976,-0.01835419,0.1047439,0.16179843,0.07301163,0.120950446,0.0448052,0.12714241,0.5403683,0.068284675,-0.29053113,-0.15082577,-0.00588663,-0.32486352,0.071406014,0.054030105,0.036566794,-0.09447049,0.12171712,-0.021923259,-0.13795678,-0.034863777,0.008574322,0.13814521
0.06900871,0.037012737,-0.015342067,0.14513245,0.22346109,-0.106700495,-0.047695924,-0.7155232,0.1363611,0.114759184,0.09011718,0.04714053,0.09029759,0.60676396,0.06514516,-0.4670493,-0.05579646,0.0011458745,-0.15634872,0.08722282,0.06557615,0.021309786,-0.13138653,0.09459752,-0.316923,-0.02593883,0.15999913,0.0023076609,0.0917615
0.13877442,0.028116727,0.008849997,0.21901008,0.14877068,-0.063184984,-0.010433882,0.10493845,0.17077744,0.107543744,0.17156026,-0.0443784,-0.10073983,0.6495848,-0.1117512,0.6591463,0.02842399,0.018003955,0.27472454,0.0480533,-0.22103392,0.048825506,0.15214042,0.06959313,-0.13573155,0.07475777,0.27165085,0.013742222,-0.18832767
0.04015788,-0.22947024,0.013434614,0.22112538,-1.1680114,-0.02239366,-0.0015283908,-0.5002793,-0.29598308,-0.28848466,-0.30551156,-0.09880438,-0.060524356,-1.9401491,-0.083691,0.6234802,-0.16854122,0.01503674,0.04895536,0.016648464,-0.0009497779,-0.19811007,0.090509675,0.070930436,0.11915171,0.13013896,-0.39854026,0.009689851,-0.08360371
0.1004764,0.047133178,-0.0069668973,0.22530484,0.21350862,-0.09719102,-0.0041190973,0.13861224,0.12329012,0.07828976,0.099251494,0.037955273,0.059428938,0.69396245,0.049999487,-0.3034317,-0.1289124,0.010985841,0.17641841,0.05017405,0.062004227,0.031984057,0.1703504,-0.59687054,-0.21157075,-0.17866023,0.20732124,-0.00018398993,0.11392564
0.13814715,0.031714134,-0.02896804,0.18383381,-0.5342497,-0.09017794,0.008829636,0.12513758,0.082094416,0.070952944,0.08155237,0.014043856,0.0429735,0.56319153,-0.1102497,-0.8395069,-0.23430507,0.011773366,-0.4784514,-0.20564556,0.045955837,0.08072941,0.20181958,-0.69244957,-0.2874646,-0.12701662,-0.15984748,0.007368072,0.11307239
0.101937294,0.024714999,-0.046242062,0.2236504,0.34008896,-0.07694625,-0.0072063706,0.14639774,-0.43065438,0.095383756,0.12822622,0.09736447,-0.21424705,0.6983944,0.10805959,0.118162975,-0.02823669,0.02001358,0.23015669,0.06523195,0.020567179,0.032638755,-0.16937615,0.11239537,-0.08174699,0.11449948,0.12452971,-0.001378401,0.07960642
-0.14021969,-0.14099833,0.051731206,0.31234893,-0.24337827,-0.07109715,0.0019792542,0.16682416,-0.3581558,-0.26297247,0.22025321,0.033053353,-0.14584583,0.58364606,0.054389056,0.6827932,0.13872835,0.02107415,0.32937038,0.037101567,0.0426694,0.07789428,-0.08643381,0.066900715,-0.094753176,0.067744285,-0.15802276,-0.025096644,0.1671063
0.09972191,0.03861698,-0.0024281896,0.22495127,-0.35572806,-0.06639222,0.04462309,0.06269329,0.12153701,0.06559421,0.07475642,0.06401877,0.043066632,-2.080862,0.025827896,-0.71798897,-0.22581793,0.005567978,-0.27698666,-0.17214288,0.04758308,-0.616053,0.11784328,0.030729946,-0.44918466,-0.19658986,-0.41540065,0.004842178,-0.15493777
-0.15438968,0.012840471,-0.005609213,0.22546005,-0.7376217,-0.075453214,0.025138816,0.13568164,0.12654805,0.09969828,0.16034319,0.008672423,-0.002476588,0.5459298,-0.12515286,0.049541213,-0.08416577,0.008665928,0.18280478,0.036374416,0.056760255,0.055641167,0.16678524,-0.9139754,-0.16390711,-0.11750586,-0.078940235,0.00842917,0.09949374
-0.09425204,0.013859767,0.028257351,0.23243134,-0.45180583,-0.066371836,0.052715532,0.11836527,0.055729713,0.04749208,0.07501358,0.031401027,0.041037645,-1.9691172,-0.020627875,-0.8860753,-0.46930084,0.019825699,-0.29337448,-0.143725,0.03153428,0.10978764,0.118688546,-0.54983747,-0.34507108,-0.17984739,-0.5362673,0.0076559163,0.17192689
0.04044218,0.005930183,-0.043618396,-1.7480735,-1.004083,-0.07129353,-0.095332734,0.07186331,0.058881227,0.03577259,0.07599105,0.019766485,0.03470143,-1.8842845,0.0111252265,-0.4079621,-0.3587426,0.017776549,-0.11462992,-0.10710609,-0.18286741,0.046248205,0.07403036,0.087122835,-0.2197602,-0.16180241,-0.3442061,0.00801017,-0.10360125
0.20453697,0.039230935,0.012049566,0.2031793,-0.60527295,-0.08774354,0.05927927,0.12177247,-0.16682634,0.12806705,-0.40039185,0.064259656,0.0856827,0.47073865,0.01979331,-0.16436194,-0.058716487,-0.0064572594,-0.3005354,0.029038133,0.12159428,0.036734913,0.26032862,-0.7490434,-0.13384543,0.109595835,-0.15883285,0.006150927,0.11775581
0.11915495,0.039049044,0.07206642,0.31345123,-0.4041732,-0.0635728,-0.039261267,0.16864166,0.14733659,-0.3204573,0.18790717,0.06458891,-0.15298219,0.5821734,0.03171062,0.082223885,-0.03231363,0.024033777,0.2529764,0.037904922,-0.24876396,0.07527594,0.098704234,0.07990666,-0.36048996,0.07098298,-0.23984869,-0.093905084,-0.2875835
0.08017357,0.047347102,0.019364707,0.21268798,0.20843701,-0.0814379,0.0096472185,0.09211414,-0.28382936,0.10522843,0.072564356,0.09956679,0.09266043,0.6771069,0.04776177,-0.2680979,-0.10913549,0.014625024,-0.22935615,0.13506313,0.084371164,-0.1776146,0.15385833,0.14388199,0.17772119,-0.053074166,0.16423342,0.0025196332,-0.14841922
0.07278256,-0.16803959,0.095700316,0.3549399,-0.15411834,-0.02546227,-0.044760596,-0.34582627,-0.2241521,-0.2007961,-0.52736926,0.090343565,0.097730875,-0.50372225,0.10449836,0.2789968,-0.07704279,0.018681146,0.08709518,0.015998585,0.09798398,0.0428555,-0.12588163,0.11475515,-0.13156539,0.25585932,-0.4147943,-0.014196085,0.11831116
0.08615253,-0.10255805,0.30182073,-2.1581771,-0.4797968,-0.04164482,-0.02848968,0.08981202,0.13139078,0.11252526,-0.55618525,-0.07817146,-0.08918282,0.6078204,0.044301238,0.6585616,-0.014666467,0.015415175,0.15324087,0.0277138,0.049056455,0.048810273,-0.12550594,0.061260987,-0.044943336,0.08069053,-0.22347036,-0.010564118,0.10555935
-0.0058596167,0.0265965,-0.033824828,-2.0341213,-0.9316942,-0.026004681,-0.013117515,-0.35896102,-0.22884475,-0.24246536,-0.21679991,0.07156745,-0.034714766,-1.7301697,-0.041450378,0.6490243,0.0035218261,0.011524345,0.038179316,0.013347498,0.0048356634,-0.20316102,0.051114846,0.087202296,0.3539302,0.15284863,-0.30582294,0.0032441707,-0.050846297
-0.080630854,0.021454273,0.21822761,-1.4847564,0.78299236,-0.07663815,0.039618835,0.09687994,-0.39546847,-0.0036531005,0.06892757,0.083469346,0.1334115,0.69205004,0.12329875,-0.11566638,0.13456564,-0.0773573,-0.16925251,0.054017656,0.03730031,0.0443102,-0.018530902,0.119313374,-0.022291642,-0.07588519,0.18132411,0.0074014664,0.0821634
0.062034834,0.08378867,-0.00530925,0.38668174,0.05671413,-0.025396971,-0.04653167,-0.33321726,-0.24853908,0.27600265,-0.359847,-0.09171123,-0.025008343,-1.1276795,-0.058694877,1.2034644,0.020153642,0.02538418,0.10626478,0.016878987,-0.004230617,-0.2012825,0.11826336,0.12528951,0.28676045,0.17439848,-0.39290172,0.01594673,-0.06127501
0.021319589,0.15667702,0.019880237,0.391971,0.21311429,-0.023460524,-0.017700007,-0.36369574,-0.21038845,-0.16787146,-0.28794596,-0.057052817,-0.055830963,-1.0653703,0.1678983,1.1501868,0.3303476,0.027886754,0.10527549,0.014530194,-0.10957882,0.05628987,0.08406081,0.1357364,0.36926523,0.06743927,-0.35156935,0.0014760242,-0.064941265
-0.08431682,0.020180667,-0.032809768,-2.2354789,-0.13208553,-0.050293945,0.043533474,0.05736541,-0.1859327,0.05884498,-0.31077456,0.085461184,0.020657161,-1.7759625,1.7168e-05,-0.12131593,-0.23549956,0.029102245,0.03890519,0.013706143,-0.14470223,0.06618136,0.045528825,0.0935082,-0.26858115,-0.014999098,-0.3304135,0.009855715,-0.08322865
0.068417296,0.036259063,0.06926683,0.32809123,-0.35402453,-0.08421326,0.003911118,0.16413875,0.09395884,0.11843069,0.14428365,0.051406797,-0.19508386,0.6123084,0.015417598,-0.07687611,-0.11351153,0.01753734,0.2328482,0.035937153,0.04582518,0.049021166,-0.21573089,0.11240689,-0.17834362,-0.18492152,-0.17750418,0.010969525,0.12207093
-0.08958896,0.10826858,0.01838561,0.36311394,-0.09114213,-0.032059196,-0.041819207,-0.41750672,-0.24185221,-0.13038713,-0.40769982,-0.054641917,-0.089864165,-1.2204286,0.14303754,0.9976553,0.013456372,0.028485416,0.109489426,0.015813258,-0.016816854,0.058938365,-0.10424252,0.12962542,0.14841892,0.006488487,-0.31911135,-0.0012310661,0.04491009
0.0578021,0.042429835,0.033120587,-2.2019,-0.15063535,-0.047002047,-0.03397679,-0.3343431,-0.10682207,-0.17555803,-0.1830371,0.10874151,-0.097959876,-0.87618685,-0.08789037,0.036154877,-0.041807793,-0.01297849,-0.094867,0.013925806,0.067337304,0.034681816,-0.12659186,0.11962808,0.09089448,0.28148088,-0.3224596,0.0084040025,0.06003171
0.06358221,0.03479634,0.03299291,0.245381,-0.2684038,0.45130417,0.0016963161,-0.5546628,0.091168925,0.096620396,0.10319054,0.029456431,0.07347109,0.5800856,-0.12896813,-0.6474225,-0.18928562,0.0011988408,-0.20818521,0.045881037,0.069522224,0.03072813,-0.13129617,0.1836429,0.011882825,-0.14965078,0.011400768,0.0072018136,0.10297335
0.07262258,0.013771604,0.0892871,-2.113474,-0.4491372,0.39033085,0.03910946,0.03483048,0.0057599265,0.066002,-0.30220166,-0.034912124,0.03557451,-1.1580029,-0.05737106,-0.3073175,-0.26621178,0.0005888536,-0.1185158,0.016580876,0.062249266,0.04931771,0.17086095,-0.565979,0.013097441,-0.1440697,-0.15089886,0.009016578,0.107676715
-0.014990334,-0.32384077,-0.05986668,-2.7053645,-0.5370032,-0.032207433,-0.014814431,0.09300684,-0.23276867,-0.120053686,-0.3516424,-0.079499766,-0.06397564,-0.98025715,-0.015282031,0.4472478,-0.12335102,0.0150437895,0.077966064,0.016599001,0.03859967,0.04574034,-0.07484373,0.086355075,0.08175173,0.1320008,-0.33904776,-0.012994433,0.08583301
-0.07430827,0.025588904,0.07735969,0.2707777,0.23825063,-0.0817013,-0.01728748,0.16447107,0.12663282,0.07811187,0.12585981,0.03634642,0.06482799,0.70485264,0.075544134,0.0054050665,-0.09121693,0.010321635,0.19333853,0.069216475,0.040390737,0.055808593,-0.11552488,0.092730895,-0.14288065,-0.12489172,0.18649861,0.0050845654,0.0921664
0.057928823,0.06920383,0.028019957,0.41185012,0.020521486,-0.037237894,-0.11475582,-0.4895948,-0.1913039,-0.27812585,0.10479679,-0.05191853,-0.058574725,-0.5036943,0.00034408923,1.103377,0.007705892,0.023792693,0.1318151,0.015875475,-0.27351668,0.08254408,0.048687566,0.15364325,0.08958879,0.16410698,-0.37501803,0.0018044784,-0.17889066
-0.18781215,0.06551149,-0.029018955,0.21621971,0.17454974,-0.05517945,-0.024618892,0.1086196,-0.4713599,-0.16829272,-0.45480713,-0.040306024,-0.16426773,0.5213184,0.14227086,0.947443,0.068177395,0.018826574,0.2458539,0.050955307,0.011322911,0.05448944,-0.115322754,0.0830903,-0.16433169,0.13909337,0.27273384,0.007841682,0.073998995
-0.10170922,0.023578295,0.012871785,0.19674246,0.74820715,-0.09888003,0.040412582,0.17300127,0.11545293,0.031558912,0.11232669,0.041047007,0.03737255,0.6985405,0.10036583,-0.32370406,-0.17393185,0.00012777094,-0.28912276,0.08888442,0.04473611,0.051450368,0.10293523,-0.64920664,0.03814797,-0.072561346,0.21538177,0.006881257,0.11581608
0.14407901,-0.085758455,0.0019947255,0.24809106,-0.29843533,-0.056069568,0.0140019795,0.13266529,0.14324953,0.21473178,0.16044958,0.14163357,-0.095089465,0.6423673,0.015578346,0.21010235,-0.14797296,0.00760005,0.21969306,0.040531468,0.063443445,-0.28568667,0.17255953,0.069179565,-0.13466801,0.04155587,-0.026840428,0.019516587,-0.25075328
-0.13759482,0.017192964,0.14291853,-1.6391429,-0.23790266,-0.0519598,-0.040673718,0.069913775,0.054297093,0.07047486,0.04822438,0.049128197,0.0688789,-1.942246,-0.025878716,-0.53760767,-0.25161853,0.0147042675,-0.15306188,-0.10983982,0.039484613,-0.33847073,0.10101235,0.10001402,-0.19287223,-0.15687184,-0.36375844,0.006264142,-0.092914
-0.14538465,-0.13400574,0.048579793,0.31857577,-0.30213174,-0.09174597,-0.044088114,0.15054937,0.12806316,0.10857198,0.13328883,0.09003802,-0.15956938,0.56263775,0.02592069,-0.016606428,-0.4594616,0.017031614,0.25696743,0.035422962,0.04132292,0.059718966,-0.1685186,0.073288985,-0.1717487,-0.16104811,-0.17814086,0.030809443,0.1323544
-0.090731084,0.04830529,-0.0011700103,0.20957242,-0.09370623,0.75752026,0.0035746184,0.11354537,0.19457081,0.0619866,0.15044937,-0.08909567,-0.09718043,0.62421066,0.08182639,-0.18766816,0.016919283,-0.0013207698,-0.22783525,0.075813144,0.04313121,0.04953737,-0.028992105,0.11234684,0.12983668,-0.083032824,0.18258671,0.0044125123,0.11586388
-0.05688917,0.11449037,0.034457766,0.26515403,-0.32382265,-0.034319483,-0.020039402,-0.71720487,-0.24997039,0.15891866,-0.48300818,-0.06324522,-0.116435565,0.28095838,-0.05226261,0.66592926,-0.14975335,0.021401118,0.19465075,0.021262096,0.054993868,0.03375841,-0.16398486,0.15955657,0.3059607,0.16425107,-0.44104424,0.005633117,0.062164456
0.040913433,-0.1279014,0.01328053,0.20352961,0.12052972,-0.10367588,-0.0041750874,0.13294864,0.14494188,0.05504161,0.088287644,0.05215131,0.057162642,0.67083013,-0.13648728,-0.84358543,-0.1427932,0.00971123,-0.22234434,0.13073562,0.03428951,0.026148982,-0.054752294,0.13269284,0.032162372,-0.0705945,0.19090863,0.008331632,0.09449187
0.05948643,-0.2307541,0.07249392,0.38579875,0.17575672,-0.03778804,-0.045052793,0.14960188,-0.2742322,-0.23596561,-0.58398074,-0.11579715,0.14172746,-0.70120317,-0.019453779,0.24871169,-0.24044323,0.019889116,0.15503319,0.019284822,0.064687945,0.083798595,-0.109259695,0.100223,-0.118032515,0.10656554,-0.34525695,-0.030472636,0.12139643
0.03782678,0.054869045,-0.103048325,-2.807181,-0.24452071,-0.023210963,-0.017920395,0.07512641,-0.1793793,-0.27730298,-0.33745044,-0.109078854,-0.029130232,-0.9771683,-0.06536997,0.50662005,-0.22504328,0.008917307,0.07944402,0.01575754,0.041306,-0.31773326,0.02386194,0.087101564,0.061569527,0.15610649,-0.3495073,-0.005077212,-0.13798791
-0.10016857,0.040426183,0.0023745925,0.2579748,0.7353475,-0.07666302,-0.0039153574,0.17430782,0.23556729,0.07457266,0.16696694,-0.093451135,-0.14588048,0.7450823,0.052166305,0.21167111,-0.020227946,0.02542173,0.23699096,0.061665796,0.0145648485,0.06614543,-0.16265695,0.0634852,-0.13261832,-0.027921773,0.2267135,0.006696428,0.110938646
0.081205405,0.010829891,-0.0015900992,-1.8122342,-0.05744671,0.18463653,0.026439589,-0.1766543,-0.17667733,0.064899236,-0.32252055,0.03285585,0.0686303,-1.3317754,-0.10944789,-0.36862534,-0.22783601,-0.018825192,-0.08723112,0.019376287,0.08266687,0.0185965,0.169473,-0.5282566,0.06688043,-0.029120384,0.14394824,0.005174431,0.09219765
0.08657332,-0.09074081,0.014644207,0.14577614,-0.11822691,-0.10252157,0.004193181,0.09246286,0.10491647,0.058292277,0.072027504,0.030164756,0.064221755,0.56899524,-0.06485483,-0.77849776,-0.100917876,-0.031338353,-0.39618456,-0.5089264,0.028303869,0.091244884,-0.1635193,0.07292894,-0.25905946,-0.09894411,0.14216828,0.008397674,0.09561681
-0.19263318,-0.18923992,-0.009866559,0.27097705,-0.1097628,-0.053913698,-0.050370283,-0.40173668,0.20094684,0.11304299,-0.4655527,0.1324093,-0.14883636,-1.4569813,-0.03725511,0.40721786,-0.1826161,0.01435234,0.06092816,0.017284876,0.026747553,0.022082714,-0.14286016,0.09838463,-0.19041978,0.12026478,-0.36901188,-0.024642754,0.08288636
-0.05276449,-0.2800898,0.042091418,0.24486192,-1.1956357,-0.02668503,-0.0038350723,-0.53165877,-0.26705348,-0.20716941,-0.41350153,-0.061092563,-0.041158292,-1.7675663,-0.05804378,0.5690574,-0.09663855,0.018127652,0.06632143,0.015056979,-0.073475406,0.044036705,0.07095448,0.07765452,0.19516423,0.087101616,-0.34916988,-0.00063053414,-0.086909115
-0.18487883,0.043615222,-0.02002498,0.29339185,-0.15273333,-0.06313893,-0.06715963,-0.46997866,-0.111797616,-0.3458114,0.027915278,0.1388415,-0.09507048,-0.38336435,-0.09068154,-0.102144785,-0.055905253,0.001740902,-0.18624209,0.018898373,0.086902715,-0.3446617,0.15996085,0.1482228,-0.061738737,0.24976268,-0.3972394,0.0014884005,-0.13360995
-0.10541293,0.012811181,-0.07650853,-2.1228619,-0.5880799,0.42704117,0.011270953,-0.3620692,-0.011072668,0.12781322,0.08363956,-0.09940127,0.06665313,0.50066346,-0.049776927,-0.281932,-0.28897798,0.014798838,-0.14759515,0.02213659,0.044675987,-0.5067744,0.1095898,0.13002451,0.03866048,-0.12314073,-0.42182568,0.0058070547,-0.18920359
-0.12843089,0.022023078,-0.05467216,0.18144377,-0.85179526,-0.04260152,-0.05763742,-0.3882537,-0.22737175,-0.22467235,-0.278046,0.077131905,-0.09829961,-1.6039757,0.024045002,-0.25932604,-0.2012499,-0.024263548,-0.13630344,0.01438579,-0.22619426,0.040067032,0.083575964,0.11934375,-0.30541384,0.16515334,-0.3562574,0.008422749,-0.08479978
0.16400233,0.041463718,0.008878446,0.28042674,0.37636194,-0.027094929,0.02801424,0.09920838,0.115242295,-0.31308916,-0.52955854,-0.11370951,-0.15445961,-0.9791875,-0.06645672,-0.097628914,-0.4779005,0.009507824,-0.13398135,0.055797633,0.042302385,-0.4473123,0.15011607,0.035321914,-0.09713381,0.10638869,0.18203951,0.006285167,-0.13183442
0.08230733,0.040618878,-0.043966826,0.38943392,-0.13654794,-0.059630875,-0.07416948,0.14243571,0.12438751,0.09859689,0.113927916,-0.12716629,0.034203522,-1.01707,-0.13698442,0.041456874,0.18559477,0.017484413,0.15508136,0.028191667,0.07372091,0.0558008,-0.15985687,0.053020205,-0.110225305,-0.013405689,-0.16551302,0.014699817,0.12589183
0.038461655,-0.0017138158,-0.0070037553,0.16402261,0.6262475,-0.04510244,0.047742393,0.16724277,0.099823594,0.047512304,0.07995794,0.028056603,0.02047262,0.6388619,-0.17756,-0.49327385,-0.2837157,0.013074373,-0.35967398,-0.24575995,0.037739407,0.09723076,0.20111942,-0.34359992,0.14804848,-0.066647016,0.1766558,0.00689613,0.11969266
0.14925052,0.0271243,0.02164481,0.2405023,-0.30637273,-0.16705038,-0.13830778,-0.58479494,0.15231031,0.103495196,0.08752335,0.04849537,0.070130736,0.45588425,0.0007492291,-0.29256463,0.111716084,-0.023724778,-0.31897262,0.028858626,-0.45827386,0.029373841,0.104077816,0.14606182,-0.08770962,0.01593906,-0.14273745,0.005982212,-0.18244185
0.17412508,0.05924287,0.049827028,0.37439743,-0.10793807,-0.03618014,-0.06777675,0.114628404,-0.23428619,-0.2201442,0.12059255,0.15054996,0.07799426,-0.6959295,0.10889289,-0.038435504,-0.07360465,0.00777318,0.12741126,0.02193969,0.11511646,-0.3892888,0.043278933,0.11167755,-0.09665745,0.2142789,-0.39940467,0.009906291,-0.17168874
0.13444988,0.04230956,-0.0025129826,0.22994876,-0.30891398,-0.07425085,-0.0009460277,0.07850203,0.04114041,0.08416663,0.06364673,0.039645888,0.057696417,-1.1006559,-0.041922707,-1.0423398,-0.72908974,0.009573015,-0.31225508,-0.18229201,0.06594451,-0.5930143,0.17841338,0.09754899,-0.64836365,-0.18274458,-0.12675796,0.005011242,-0.11970476
0.17969015,-0.00044340396,-0.024045553,0.19724561,0.5409545,0.31076145,0.045926612,0.17111485,0.09890628,0.062868044,-0.7364376,0.03072536,0.027957546,0.63324994,-0.18378767,-0.46680132,-0.085516594,-0.016709281,-0.21702373,0.06500735,0.047744587,0.06748644,0.13461666,-0.68277633,-0.16377038,-0.08078352,0.1864003,0.007037216,0.113365
-0.10476988,0.01978944,-0.042544965,-1.9191422,-0.41163418,-0.05875512,0.021493379,0.078358635,0.058091845,0.04785042,0.046479307,0.030370988,0.070586585,-1.7320398,-0.0146590825,-0.63982517,-0.10305132,0.014416206,-0.16518569,-0.09650257,0.03697414,0.08452877,0.132614,-0.4672015,-0.29654157,-0.15833846,-0.10880071,0.009552194,0.1040892
0.034470275,-0.010119314,0.0016550245,0.15497392,0.4847363,-0.05765357,0.046745647,0.1463543,0.08548865,0.035966113,0.0815684,0.02522793,0.060442444,0.59462136,-0.22027642,-0.64534736,-0.35661143,-0.017872915,-0.38802725,-0.44274163,0.02599491,0.0831533,-0.16399767,-0.035105947,0.06256339,-0.07101291,0.17186087,0.007211555,0.113213494
-0.25449127,-0.13174188,-0.010006957,0.17726257,-0.26510763,-0.14524992,-0.073361926,-0.49099213,-0.49513447,0.14290868,0.14134124,-0.16070953,0.030542308,0.4172858,-0.00035327906,-0.5238018,-0.37678894,-0.008589487,-0.36084864,0.02509314,-0.45282933,0.06548837,0.13552868,0.10857692,-0.13890514,0.12192348,-0.4218704,0.023759268,-0.23756772
0.030709203,0.104162216,0.03562074,0.32800633,-1.1578951,-0.035188295,-0.021455677,0.22840376,-0.29525468,-0.0789579,-0.4110787,-0.04974245,-0.06973286,-1.6977167,0.009616565,1.0177925,0.11558404,0.033194456,0.11908475,0.022016004,-0.0068900166,0.06699202,-0.039660838,0.101232596,0.3427182,0.11865513,-0.3130662,-0.00957455,0.007036631
0.10373502,-0.05273073,-0.012629719,0.2286927,0.53309774,0.20092565,0.03900169,0.19186467,0.11018322,0.05035237,0.09792926,0.032802958,0.012265511,0.6697813,-0.16058889,-0.83428997,-0.2258272,-0.016709281,-0.28905812,0.06619104,0.0436152,0.07599419,0.10744825,-0.64120394,-0.15912092,-0.1355215,0.18176615,0.0069475686,0.11541378
0.15224648,-0.1819819,0.03619414,0.28107074,-0.05481108,-0.029798634,-0.059358176,0.06917192,0.14217345,-0.3251454,-0.4188785,-0.23512541,0.07678108,-1.8729821,0.083780065,-0.19641633,-0.12579381,0.020281093,0.09928696,0.018058868,0.05680339,-0.50515157,0.039460205,0.085421346,-0.21176744,0.18005352,-0.43570334,0.025020983,-0.14849108
0.10603449,0.012247102,0.17381017,-1.6305238,-0.5560254,-0.058677543,0.0024270196,0.05572827,0.059116118,0.035577506,0.074046224,0.019373681,0.028466638,0.5251751,-0.025013551,-0.7529809,-0.15864037,0.01238021,-0.25223857,-0.15277378,0.049269065,0.060536437,0.15614085,-0.73903775,-0.34973535,-0.13486437,-0.041455027,0.0076960344,0.102530114
0.15829585,-0.18262483,-0.031080464,0.22531238,-0.34688973,-0.14755829,-0.14652838,0.127013,0.15026088,-0.26530507,0.06875368,0.06547526,0.1304311,0.46878284,-0.08431488,-0.3349215,0.21689852,-0.008512402,-0.3934286,0.048311207,0.06722667,0.034960013,-0.12294551,0.101361915,-0.11177481,0.055797946,-0.18314508,0.032745358,0.12239448
-0.13123874,0.009598914,0.01503025,0.17595977,-0.97114056,-0.083897494,0.021475585,0.08912667,0.029033259,0.07763823,0.07043214,0.027132738,0.0379067,-1.993297,-0.025324913,-0.8837297,-0.41108596,0.01036833,-0.24664372,-0.16905953,0.03254019,-0.64898694,0.048609495,0.078172885,-0.6026569,-0.17660491,-0.45869267,0.0030966876,-0.18923992
-0.14199217,0.00969622,-0.04015232,-2.0029123,-0.475469,-0.0580227,0.007756794,-0.33597106,0.0735232,-0.1503561,0.08763091,-0.08915801,0.03616149,0.49913055,-0.036108125,0.04814525,0.16960324,-0.0075069764,0.12084609,0.015233787,0.05675764,0.07038778,0.14122035,-0.6612126,-0.20103861,0.13270742,-0.012853463,0.016774924,0.12484298
0.06708293,-0.025926234,0.08117784,0.24850503,0.8109954,-0.059577808,-0.03963103,0.12214442,-0.3956799,0.050266597,0.13519336,0.09293893,0.085941195,0.74680364,0.064761646,0.15151341,-0.01777656,0.010837046,0.1978639,0.049408153,0.06207027,0.048370533,0.15216048,-0.6113552,0.14029972,-0.05993315,0.24369602,0.013568177,0.107574046
-0.16450402,0.019117694,-0.025247961,0.15371647,0.048652437,-0.075121276,-0.011056321,0.06717522,0.035010483,0.0854318,0.05758947,0.045962498,0.038513295,0.5297682,-0.011784784,-1.080582,-0.12826699,-0.042615917,-0.40725455,-0.56862015,0.04121615,-0.8441818,0.12272796,0.0550596,-0.30813432,-0.14277562,0.16771413,0.0049334783,-0.23982596
-0.15912311,-0.084121294,-0.013111707,0.21584314,0.084702656,-0.06503343,0.027950432,0.13207799,0.13542275,-0.24037531,0.12269207,-0.110226974,0.119805604,0.68530446,-0.2532153,0.42754978,-0.10260716,0.0054180506,0.2087031,0.067747585,0.016948132,0.06983283,-0.1314536,0.078994736,-0.20922041,0.057389915,0.20666885,-0.042128846,0.11193961
0.0924388,0.034374222,-0.028920257,0.20651469,-0.2657471,-0.05867766,-0.045950133,-0.42446807,-0.26040053,-0.21798843,0.07361719,-0.09929356,-0.14165038,-1.818635,0.1104583,-0.11800648,-0.29977804,-0.019380612,-0.16426343,0.018180536,0.028052324,0.059891608,0.108850725,-0.77059627,-0.17678505,0.12922564,-0.5196152,0.01223414,0.11065775
-0.099516176,0.06895283,0.055560954,0.22006828,-0.22457115,-0.048748795,0.033013556,-0.39657623,-0.3190607,-0.2651287,-0.33649248,-0.08578003,-0.079208545,-1.6056505,-0.07981298,-0.30864134,-0.12992321,-0.023781301,-0.17038928,0.015466823,-0.21183604,0.07436618,0.05958319,0.11410935,-0.28224337,0.115039565,-0.37036607,0.0136458855,-0.08278498
-0.111361966,0.0022652133,0.036672447,0.2164436,-1.0008589,-0.08386811,-0.13925317,0.12555403,0.041287404,0.044353414,0.08918413,0.028821668,0.051206205,-1.9138974,-0.040043145,-0.74811685,-0.51447,0.020447891,-0.2327584,-0.15582526,0.039449055,0.0698621,0.08075265,-0.5566369,-0.30488572,-0.17560251,-0.5354082,0.008075889,0.16936426
-0.13735493,0.04475251,-0.02732092,0.26086915,-0.428853,-0.067992814,-0.023021821,0.15263939,-0.3165694,-0.27165052,0.16565353,0.09505132,0.14100343,0.5980332,0.05662977,0.15267347,-0.06925197,0.02047617,0.26885545,0.034723412,-0.28651747,0.087008104,0.086292565,0.106991634,-0.24647477,0.07623826,-0.09426382,0.014126736,-0.26782623
-0.123151,0.018520473,-0.08490679,0.3328283,-0.19092076,-0.04657334,-0.05563272,-0.6970491,-0.27884892,-0.21394244,0.089083776,0.09477106,-0.18178351,-0.89284635,0.006695584,0.7419417,-0.33528507,0.021703266,0.15412338,0.018802114,0.05352973,0.071313925,-0.15797037,0.11616749,-0.1439869,0.20769155,-0.1485086,-0.0046338174,0.13093641
-0.109497204,0.0011114837,0.008721885,-1.5695957,-0.7236938,-0.03965928,-0.02865978,-0.2652773,-0.13462655,-0.26156706,-0.20342138,-0.11609948,-0.07654935,-1.6887677,-0.071402706,-0.123542294,-0.12052634,-0.005027556,-0.08081915,0.014409576,0.030844493,-0.20197855,0.08114491,0.075772256,-0.21288343,0.17398897,-0.30924463,-0.014540641,-0.07073267
-0.14022155,0.0017729794,0.1525084,-1.560045,-0.522763,-0.05515471,-0.057841443,0.05652741,0.07628748,0.03651552,0.08937462,0.019076,0.03589739,0.48839912,-0.037231665,-0.66516316,-0.17496157,0.0055165216,-0.25697204,-0.16933028,0.042376447,0.046824154,0.13629805,-0.7323004,-0.14521095,-0.08817712,-0.059407353,0.008300483,0.10209757
0.08248458,0.048240352,-0.017548338,0.357711,-0.28215793,-0.034488168,0.08266175,0.13897303,0.18479869,0.1698903,-0.5620907,-0.06895486,-0.05760346,-0.8198687,0.011045398,0.22851777,0.08202792,0.024127297,0.10965196,0.01897494,-0.34779167,0.050151527,0.109259844,0.054279685,-0.2104348,0.0987316,-0.15779942,-0.040319283,-0.14968388
-0.23329476,0.035822745,0.021605153,0.3440018,0.17513362,-0.12204644,0.0921886,-0.40455562,0.0689136,0.1609667,0.091956384,0.09659336,-0.19623849,-0.5058699,0.10608806,-0.28221455,0.20998402,0.01573696,-0.19454259,0.020329531,0.09823015,-0.3944458,0.1140153,0.13429487,-0.10220489,-0.06152891,-0.44467497,-0.0010005784,-0.12289524
-0.18169203,-0.19244477,0.030112114,0.2857992,-0.16349562,-0.07781187,-0.03273819,0.107824005,0.17096889,0.10503788,0.15399443,0.037733138,0.023499116,0.53573585,-0.07014936,-0.3271635,-0.56398976,0.022265622,0.24836248,0.03499605,-0.25299126,0.077107206,0.085639246,0.10800747,-0.27108008,-0.21469252,-0.44116798,0.027045816,-0.26500052
-0.18015707,0.0096508395,-0.030075327,-1.7238626,0.0021509896,-0.08842945,-0.018309847,-0.13166629,-0.42291006,0.096368805,-0.3496507,-0.0594238,-0.21605119,0.45478377,-0.04621739,-0.058712732,0.03184754,-0.012703308,-0.1676277,0.023332981,0.05216848,0.041017797,-0.14416128,0.05523458,-0.18683907,0.20965189,-0.058930494,0.027882516,0.08041536
-0.15249789,0.037610553,0.07972272,0.31716374,-0.31644094,-0.074146084,-0.047004502,0.1893199,0.09610908,-0.2598284,0.13570173,0.048933055,0.11413611,0.5421356,0.057572182,-0.047426153,0.17066526,0.01934478,0.26249495,0.042117864,0.050889432,0.10984479,-0.053858634,0.11415614,-0.1648996,0.011881325,-0.20215915,0.015261258,0.1658056
0.049046278,-0.3325158,0.08015944,0.3882304,-0.32897064,-0.040665634,-0.038837712,-0.74512374,0.13527821,-0.19214226,0.15604188,-0.09208621,-0.12017994,-0.62897897,-0.030695237,0.97708154,-0.10042388,0.016907664,0.13883367,0.019700019,0.046508268,0.06136231,-0.1357734,0.10655615,-0.108979546,0.16500138,-0.38257423,-0.0034054862,0.09911462
-0.15364967,0.005488854,-0.0047558243,0.19021757,0.762896,-0.053086244,0.046796847,0.1709163,0.08940776,0.044876132,0.105288915,0.023939151,0.022581834,0.63289964,-0.14881974,-0.68792963,-0.16732046,0.0039518066,-0.36328217,-0.2356808,0.033212043,0.09594016,0.18898396,-0.51474434,0.05060451,-0.06146841,0.18721096,0.0073695867,0.11748331
0.09372314,0.031819575,0.11656198,0.24721827,-0.3509533,0.25877714,-0.00030485727,-0.30071077,0.10990142,0.09932206,-0.40073627,0.04189611,0.074242555,-1.8605239,-0.046423156,-0.5715176,-0.10608856,-0.007767228,-0.1550471,0.027912531,0.06186294,0.022991851,0.115214825,-0.6525052,0.045129657,-0.08584864,0.0076412177,0.0065878076,0.100250475
-0.1870082,0.02267499,0.0017834228,0.23242779,-0.09421774,-0.07216637,0.00012186187,0.16911182,0.23245229,0.10128639,0.107064284,-0.059898607,-0.14667195,0.6899087,-0.21680681,0.35033435,-0.22069412,0.0076327757,0.2110007,0.05441638,0.025261987,0.051830046,0.16993856,-0.5870506,-0.20979907,0.027584475,0.23717412,-0.00975754,0.10776753
0.09258827,-0.28760147,-0.030856498,0.24375969,-0.7171384,-0.050467674,-0.02235615,0.17657073,-0.41293567,-0.265072,0.21427001,-0.08975878,0.082405396,0.54958105,-0.0017689615,0.42274353,-0.17227055,0.021415232,0.25195208,0.033905547,-0.28548878,0.085395746,0.07562826,0.10701531,-0.10148926,0.111122176,-0.36167818,0.0011720567,-0.2526248
-0.19143552,0.039735563,-0.0057964134,0.21023019,0.26828477,-0.053563707,0.0152868545,0.15256858,0.15324023,-0.14848286,-0.5385197,-0.12551516,0.10956074,0.64565784,0.09921375,0.32567105,-0.031394184,0.009008304,0.19746715,0.049191155,0.024031023,0.076585874,0.14167604,-0.5588649,-0.17459276,0.116604276,0.26817355,0.018014569,0.12943725
-0.06327169,0.010942054,0.046684317,0.23395687,0.4367511,-0.044102345,0.055476837,0.15343836,0.07910175,0.038038272,0.073669724,0.022163872,0.01556439,-1.2478468,-0.18585108,-1.1434678,-0.5491657,0.010939396,-0.19242041,-0.18732353,0.034530286,0.07228937,0.13721472,-0.24280694,-0.009009052,-0.11103365,0.16535714,0.0077131656,0.10757526
-0.09469338,0.030337356,0.27993307,-1.1662415,0.21800074,-0.07090744,0.0030246999,-0.5234169,0.1432193,0.039353076,0.082943074,0.063715704,0.09104476,0.6531534,-0.1770261,-0.08398201,0.005570492,-0.021122063,-0.10228218,0.055728313,0.033631742,0.029700661,0.01633103,0.11319937,-0.059791878,-0.0301071,0.2054716,0.0073603126,0.085873835
-0.14955552,0.029504154,-0.0049341256,0.14276999,0.39539045,-0.09059904,0.02159786,-0.84328,0.10290542,0.0843847,-0.54786694,0.06487033,0.106758825,0.5658578,0.19733296,-0.3222965,-0.040863585,0.003694038,-0.13366851,0.049977873,0.049360428,0.041492425,-0.044065364,0.1264131,0.0065212417,-0.0687579,0.22728491,0.0069380356,0.10883387
-0.05908142,-0.00086437934,0.011753102,0.14075728,0.62124175,-0.07205569,0.046560537,0.11206036,0.07487811,0.028358694,0.09451049,0.030469017,0.066281736,0.60953915,0.08774692,-0.692628,-0.20313329,-0.01990313,-0.37286377,-0.4330878,0.028811797,0.110656425,-0.13589373,-0.055164587,0.07724151,-0.06875928,0.18055427,0.006857085,0.13795975
0.042758588,0.024975294,-0.07558707,-1.9328905,-0.124196954,-0.06896785,0.033806823,0.05812518,0.08354836,0.04745575,0.07969047,0.03186318,0.05029314,-1.9893265,0.03635736,-0.49125248,-0.13252304,0.01904245,-0.12883644,-0.09886402,-0.12266167,0.08100578,0.11579461,0.08689838,-0.16941324,-0.1743502,-0.33844087,0.008147285,-0.11968682
-0.087044924,0.014809885,-0.088496916,-1.9942902,-0.14371088,-0.057777528,0.028899502,0.0687644,0.08072371,0.05247323,0.07394142,0.03485258,0.05528312,-1.8873377,0.022846382,-0.4488062,0.15080164,0.014238209,-0.13278463,-0.09581843,0.029414896,0.08209574,0.12798844,-0.45030627,-0.27233562,-0.14240147,-0.43299907,0.0089087095,0.13992548
0.09263394,0.06483104,-0.017414283,0.361808,-0.41351634,-0.045224927,-0.124182835,0.16388209,-0.3410023,0.13612793,0.148471,-0.061844945,-0.06883123,-0.960316,-0.07254192,0.6291161,-0.09792464,0.022683615,0.15275365,0.022864113,-0.34308338,0.057662003,0.09200095,0.12121197,-0.18986277,0.13043612,-0.32759628,0.007976061,-0.17447743
0.13768335,0.06311614,0.055766907,0.23312639,-0.15944031,0.26467648,0.02649741,0.059014786,-0.29890707,-0.2269334,-0.48001665,-0.17676198,-0.1341824,-1.9190892,0.103920594,-0.36333078,-0.30838937,-0.01195929,-0.16922629,0.020270992,0.045902498,-0.35693327,0.029659903,0.10189863,-0.22028197,0.042257756,-0.4835489,0.008540603,-0.110607505
-0.08669373,0.03983351,0.036443736,0.20300628,0.094950795,-0.088424645,0.0046664816,0.15356603,0.1337819,0.06348639,0.10552307,0.04870447,0.06449854,0.7050419,0.052969232,-0.2905827,-0.08523032,0.006859172,0.16959976,0.06609209,0.018299147,0.045940716,-0.11013135,0.11833837,-0.18039706,-0.09176092,0.18159384,0.0056438004,0.104345486
-0.11659171,0.021631146,-0.008987321,-2.3251479,-0.25601876,-0.04951007,-0.057823576,0.11436135,0.1008889,-0.17767835,-0.26863295,-0.06811786,-0.0984382,-0.8857374,0.0010910153,0.0065271896,-0.31699938,0.004042606,-0.13421145,0.016885132,0.047365196,0.0723852,0.09597865,-0.564387,-0.1464816,0.18591282,-0.49531558,0.013688225,0.10619379
0.128676,-0.14888158,-0.00068749406,0.23850927,0.10622853,-0.06929741,0.025112806,0.14249116,0.11191349,-0.2647067,0.15653571,-0.05035376,0.07284724,0.659659,0.037653185,0.393896,0.04806571,0.0072252774,0.25376195,0.059694216,0.033703953,0.05749809,-0.1361639,0.054590736,-0.14575453,0.12093378,0.22202298,-0.022124138,0.11561563
0.028271135,-0.45406646,-0.054973066,0.39068604,-0.333055,-0.025136288,-0.041442055,0.12383746,0.21130182,-0.35939407,-0.45748234,-0.12057839,-0.033810627,-0.783724,-0.026429847,1.0082195,-0.14552264,0.013396806,0.12908722,0.021514859,0.07458362,-0.24159303,0.08877016,0.09382437,0.20590137,0.22423291,-0.4225065,-0.0013032093,-0.14131008
0.1136143,0.018893937,0.008215982,0.17752746,0.5752341,-0.09481462,0.032293558,0.12336829,0.084918,0.089388,0.07140767,0.073276915,0.029976234,0.6923355,0.098409094,-0.61678004,-0.16091427,0.017288316,-0.2667328,0.122521795,0.061800502,-0.44008902,0.10080687,0.09248734,-0.09923661,-0.086708106,0.19124891,0.0018819398,-0.21334603
-0.057506308,0.017014077,0.1958205,-1.7806505,-0.07943569,-0.050760288,0.038939603,0.07343169,0.09028028,0.06409467,0.08139062,0.032024473,0.057764776,-2.0153081,0.016692633,-0.35784665,0.16898042,0.016369836,-0.14625779,-0.096823655,0.028889973,0.07904522,0.12711363,-0.40505078,0.0145065645,-0.111537114,-0.37074947,0.007406164,0.13873327
0.071050376,0.019971339,-0.0858074,-1.8887552,-0.2235308,-0.09408477,-0.006301447,-0.33939734,0.14454812,0.048395075,0.060661737,0.029692521,0.06426534,0.53790563,0.014294544,-0.3651406,-0.3519925,-0.01531207,-0.13752457,0.025344627,-0.26951286,0.011282526,0.104983374,0.10520959,-0.1702185,-0.11970613,0.14509092,0.003280099,-0.15109451
-0.11170032,0.040782575,0.051362522,0.2919769,0.097796015,-0.059064217,-0.019911934,0.11509958,0.17192912,-0.1901647,0.12992787,-0.06217902,-0.17774852,0.596702,0.071816005,0.925099,0.10239265,0.011760399,0.28359526,0.05959865,0.03192427,0.07722702,-0.12369093,0.07748757,-0.031537652,0.09074291,-0.039165433,-0.009070924,0.14627968
0.11185259,0.022347638,0.08843584,0.2100826,-0.77097416,-0.044666823,-0.06166879,-0.35682523,-0.20996912,-0.21398316,-0.35596725,-0.10138254,-0.11526036,-1.6650034,0.094055526,-0.21013501,-0.10496831,-0.023141796,-0.12811397,0.015843438,-0.24752484,0.04268178,0.04284334,0.110475324,-0.30629715,0.17051414,-0.37159365,0.0130900135,-0.09130784
0.07012446,0.02946848,-0.12239961,-2.356918,-0.07206689,-0.10214145,0.007025591,0.050139733,0.13499196,0.00097468693,0.06755459,0.047544803,0.07356697,0.5046032,-0.08709001,-0.2233161,-0.24087921,0.0015636252,-0.1578223,0.036623515,0.04707927,0.015890006,-0.07898541,0.11662048,0.034195185,-0.13523117,-0.01791059,0.0103378445,0.087078035
-0.11420095,0.04628604,-0.0012037448,0.201345,0.18789412,-0.08198822,-0.0015884095,0.0979939,0.19811247,0.07067961,0.12645328,0.057361,0.082481585,0.6698472,-0.16994926,-0.29624438,0.024022419,-0.01454607,-0.22274946,0.116400026,-0.14834762,0.043450873,0.08570743,0.09900807,0.25385487,-0.03144448,0.18074676,0.0074494663,-0.17884971
0.11522537,0.037470024,-0.0011815394,0.27307534,-0.20343779,-0.094146885,0.05360192,-0.4692793,-0.110413976,0.109440915,0.03765304,0.05040424,0.09780831,-0.7678149,-0.041166432,-0.20172851,-0.17551482,-0.006260078,-0.20836848,0.016015645,0.14590734,0.035324372,0.25920245,-0.6864061,-0.07691696,-0.0010212265,-0.11551487,0.0067185317,0.120205164
0.18981728,0.013027899,0.002903297,0.2550854,0.06291177,-0.046170525,0.0016174661,0.15004055,0.08237733,0.15219253,-0.58521104,0.09430466,0.0535865,0.63873476,0.023806196,-0.01757062,0.023446504,0.0071353163,0.1481031,0.049750403,0.06523675,-0.24870971,0.16486718,0.088613495,-0.14231499,0.00982843,0.26071993,0.0021509912,-0.17655694
0.05581236,0.025930969,-0.038882405,-1.977348,-0.40124825,-0.060293887,-0.082504936,0.065699615,0.083146766,0.029768057,0.053645607,0.040444147,0.060713228,-1.8216159,-0.035570808,-0.5687864,-0.06476648,0.021544492,-0.14659901,-0.10775804,-0.15494329,0.05137592,0.07678571,0.06755159,-0.20495155,-0.109866686,-0.13380781,0.008316457,-0.0958445
0.027133664,0.10381697,-0.015667466,0.34478635,-1.0146648,-0.021541698,0.0026269723,-0.5181694,0.36346477,-0.2810353,-0.19744365,-0.06933892,-0.039546367,-0.95698047,-0.014612569,1.233264,0.13594851,0.02428776,0.07756142,0.016949955,0.024448514,-0.27980283,0.0763639,0.11225302,0.6152406,0.22654311,-0.40443495,0.009321184,-0.04962394
-0.30088532,0.0038004357,0.065763965,0.32722884,-0.21805838,-0.05191301,-0.09534275,-0.3275822,0.08849836,0.22267105,-0.3082331,-0.16896832,-0.074149035,-0.44883624,0.029425763,-0.08820612,-0.15328187,0.00072127115,-0.1909756,0.018483354,0.1031836,-0.40046746,0.16988286,0.09268635,-0.12858902,0.27361923,-0.14514163,-0.0047224388,-0.09755735
0.029540358,0.15056722,0.02686636,0.40879747,0.101679794,-0.03362168,-0.015224123,-0.5613382,-0.2179381,-0.21359366,0.1836496,-0.055657238,-0.05925438,-1.0181435,-0.05573743,1.192253,0.17006464,0.029705113,0.12809096,0.016434541,-0.042322587,0.093732506,0.07668235,0.13137466,0.37258816,0.12838967,-0.3408789,0.0012517743,-0.09426815
0.1098643,0.0026286475,0.055933885,0.2796324,-0.19583717,-0.052304164,-0.054473374,-0.7367734,0.13548988,0.137966,0.1670767,-0.12784189,0.001674071,0.5115879,-0.034565803,-0.044416096,-0.29355082,0.01988433,0.16970585,0.026594656,-0.24262124,0.07360601,0.09554717,0.17106435,-0.39056945,0.1331825,-0.4528566,0.009245467,-0.24995743
0.03428709,0.010701657,-0.030440604,-1.7832508,-0.81021976,-0.06785612,0.04504768,0.08239238,0.052484762,0.034107763,0.07412807,0.016895598,0.026714366,-1.8966455,0.011959765,-0.59353507,-0.29385403,0.016268943,-0.1309411,-0.09899898,-0.12659559,0.070816375,0.09505447,0.07127804,-0.26062933,-0.17227055,-0.31745347,0.0076389136,-0.1146517
0.092700064,0.034963425,0.08377276,0.25559044,-0.14464182,-0.06342541,0.022260742,0.1178989,0.073225126,0.048030995,0.052193247,0.041028894,0.056563333,-1.1612042,-0.052057344,-0.96405584,-0.55066013,-0.0033978845,-0.2368396,-0.25620124,0.052922156,0.08262001,0.18127435,-0.58111954,-0.4142323,-0.16860709,0.14343302,0.0077436357,0.1069443
-0.09554447,0.037067257,0.00834095,0.2284329,-0.21054816,-0.07775099,0.03380791,0.09415247,0.113748014,0.056540415,0.06822566,0.038246535,0.0707739,-1.9423076,-0.0069467076,-0.7891268,-0.06281972,0.021597838,-0.2912803,-0.12854224,-0.1379802,0.11539553,0.11888764,0.086929634,-0.36506492,-0.1337538,-0.13210653,0.00577052,-0.122142226
0.06050204,0.017485611,-0.0093497345,0.25943696,-0.09081412,-0.07895042,-0.0060310024,0.14931259,0.101408646,0.094624504,0.12401986,0.024788368,0.10461611,0.64267546,0.0422414,-0.017991304,-0.08534525,0.010694405,0.18959579,0.059646055,0.045175068,0.03592871,-0.1591435,0.11638551,-0.21428625,-0.15530682,0.1770727,0.0016772037,0.09578746
0.08133751,0.0073648905,0.071641505,-1.999941,-0.011894887,0.36836046,0.0040565254,0.09166962,-0.3246575,0.026630173,0.06407366,0.041084338,0.056695636,0.5876851,-0.19152409,-0.57775325,-0.13465823,-0.021127507,-0.16772562,0.05608941,0.02940463,0.057469632,0.11936287,-0.5934804,-0.15302794,-0.12988512,0.1445513,0.007141576,0.10158684
0.064030245,0.042677566,-0.007189481,0.23576382,-0.01571437,-0.08563097,-0.043051418,0.14655735,0.10032572,0.12088721,0.124762036,-0.12526289,0.01870149,0.6834368,0.03284167,0.12608828,-0.053310554,0.021608375,0.23110786,0.04047256,-0.19961229,0.04947237,0.12972318,0.077892296,-0.11119382,-0.13505419,0.22091717,-0.0022546079,-0.1895859
-0.11249677,0.007627667,0.25179303,-1.5555267,-0.33882543,-0.07590216,-0.0038280594,-0.39888808,0.08332209,0.09245927,0.0772689,0.022931185,0.100957684,0.5377005,0.02226035,-0.3909172,-0.107005715,0.0009898256,-0.18501264,0.021233967,0.051142953,0.025035087,0.12010169,-0.7067768,-0.15374741,-0.11917139,-0.053812686,0.0066545783,0.10438491
-0.06553046,0.12121142,0.026551077,0.43481585,-0.18538441,-0.037100382,-0.082979955,0.1493267,-0.20511618,0.047190033,-0.6221487,-0.08623536,-0.094524756,-0.60076,-0.015094021,0.90666777,-0.21487008,0.021701869,0.1626025,0.022641446,0.05866487,0.029537229,-0.15840873,0.12342867,-0.021617394,0.19646294,-0.29507428,0.0028243507,0.0903308
-0.17442584,0.050624806,-0.009006339,0.16152342,0.13243261,-0.14775653,0.00390401,0.15031265,0.15389708,0.07683709,0.11046614,0.050201975,-0.18602508,0.6415048,0.072664656,-0.5058091,-0.20021486,0.004582662,-0.28513068,0.09992634,0.037914474,0.03786488,0.12454718,-0.5921548,-0.33847094,-0.11071121,0.16281185,0.005809195,0.116706334
-0.20636007,0.0319808,0.056805484,0.30213043,-0.22755907,-0.032807983,-0.048220728,0.1438796,0.17019035,-0.1626711,-0.460328,-0.12560235,0.09114437,-1.6313404,-0.10989588,0.42735657,-0.20444591,0.023730032,0.12951668,0.019225005,0.036291543,0.07504664,0.08733657,-0.54031575,-0.2173264,0.07527291,-0.18184914,-0.01893177,0.13497517
0.08324152,0.04172347,-0.0042578042,0.20237736,0.23010032,-0.07382511,-0.0208182,0.15579171,0.1363914,0.07718121,0.10951299,0.020155473,0.048275165,0.71459377,0.046429876,0.043167096,-0.093139336,0.012311952,0.17969677,0.06363029,0.059373375,0.03963286,0.16259655,-0.6139157,-0.1876766,-0.13385011,0.20546748,0.00080554414,0.11182785
-0.25633007,0.0069479956,-0.0028446664,0.23454133,-0.24076803,-0.06655729,-0.006348849,-0.5419622,-0.27360514,0.2659708,0.14447793,0.08081979,-0.109580226,0.5018919,0.022129426,0.288914,0.12830983,0.00642983,0.20319016,0.024183407,0.07621886,-0.25835666,0.17710088,0.10227116,-0.18418695,0.06914995,-0.18633048,-0.005891224,-0.2326411
-0.06742571,0.050430257,-0.014891157,0.2949839,-0.3534618,-0.14757633,0.022978175,0.12848802,0.1925418,0.11838231,0.101669796,-0.035188124,-0.16189179,-0.8751326,0.040124867,-0.3819137,-0.19075906,-0.014908391,-0.23070072,0.03556334,-0.28177422,0.050769802,0.17822853,0.074977174,-0.11432131,-0.024750518,0.014670661,0.0046502976,-0.1382238
0.2190964,0.0772657,0.04764894,0.2545874,-0.11347179,-0.048696566,0.036920164,-0.2422485,0.2830782,-0.14966176,-0.3098819,0.25918445,0.12741464,-1.4188684,0.24302804,-0.2583432,-0.044433907,-0.009040743,-0.124599814,0.017439594,0.09762872,-0.23722865,0.060573053,0.124683,-0.21385503,0.26826325,-0.48680595,0.004324976,-0.09500353
-0.1937493,-0.15026477,0.040875647,0.33422482,-0.104407825,-0.03270911,0.007673545,-0.39298835,-0.2012462,-0.37388936,-0.32667056,-0.14250237,0.046602618,-0.72272885,-0.02837351,0.44268087,-0.35040793,0.011605581,0.107765876,0.015727488,0.07979445,-0.383125,0.12635972,0.066925466,-0.033939376,0.15288335,-0.11187597,0.0005098456,-0.14191285
-0.09354978,0.03453189,0.007009019,-2.1320984,-0.77474266,-0.057021726,-0.053144373,0.0910847,-0.25237754,0.027378326,-0.33405474,0.10312642,0.055406105,-1.659758,-0.010932807,-0.089010604,-0.20603989,0.032123312,0.036553957,0.015763922,0.03668979,0.038443565,0.05224255,0.07156576,-0.25816864,0.14438915,-0.29681462,0.00988537,0.077683
-0.14338562,0.018491713,-0.07056931,-1.781771,-0.56799376,-0.04680037,-0.026885865,0.05246226,0.05657854,0.064812,0.053586055,0.044961337,0.038318478,-1.8215766,0.041651346,-0.65834457,-0.37085044,0.011834747,-0.15095755,-0.10829528,0.047494207,-0.32830128,0.09175792,0.096448265,-0.11234858,-0.16672039,-0.3480265,0.0073909406,-0.09620973
0.10622799,0.0015617841,0.002642889,-1.1952543,0.84628874,-0.042407513,0.025988365,0.06609433,0.038662285,0.04167383,0.045056105,0.05313401,0.02373011,0.64810914,0.032278527,-0.66746145,0.19167517,-0.004494629,-0.18867692,-0.27807826,0.03371432,-0.6681459,0.14350463,0.03753679,0.09864474,-0.094078146,0.17505589,0.0064889286,-0.12749608
-0.062379792,-0.60224444,0.035995908,0.32673365,-0.13219194,-0.026839282,0.0049540717,-0.5438451,0.3340914,-0.1995112,-0.401855,-0.06558426,-0.070468225,-1.0852681,-0.05503136,1.1077185,-0.09205698,0.015278294,0.115469,0.01779704,0.042898916,0.03893119,-0.12502357,0.09361926,0.17615145,0.2063635,-0.36489522,-0.00013183747,0.010417464
0.09003152,0.012648987,0.008027743,0.16533044,-0.061885566,-0.069570094,0.011875083,0.1268437,0.09460488,0.045560636,0.06068778,0.034362588,0.050767727,0.55785316,-0.11961903,-0.7082576,0.0005874565,-0.03104488,-0.41102988,-0.6280274,0.017309137,0.09752222,-0.1849731,0.06302616,-0.12429797,-0.10089454,0.14968537,0.007211555,0.078970514
0.11029013,0.012421414,-0.01569656,-1.5775192,0.96729875,-0.046411246,0.043329753,0.1624627,0.109959744,0.099746846,0.064006954,0.054563783,0.053002015,0.7244824,-0.04798283,-0.004922494,0.22317947,-0.0066676447,-0.15463077,0.04548528,0.017974967,0.05623476,0.14393277,-0.48538825,0.07441814,0.009022071,0.19407879,0.009878986,0.10184909
-0.018722363,0.02286473,0.10953894,-2.0472796,-0.23527932,0.27128983,0.027230337,-0.2747361,0.011018747,-0.08743298,-0.35924897,0.03183983,0.13841073,-1.1720165,0.0061494196,-0.27935746,-0.14750293,0.0012195066,-0.12140157,0.014691441,0.048646588,0.071185544,-0.09414763,0.10738532,0.101769686,-0.015230289,-0.19140026,0.012240101,0.099929646
-0.16621125,0.0001521745,0.15187764,-2.0452366,-0.95620257,-0.03350468,-0.054470994,-0.3696016,-0.16111428,0.14185406,0.07222322,0.09070932,0.0070927306,-1.0913777,-0.011297707,-0.06390126,-0.25584188,0.001066013,0.04872155,0.014866807,0.055400733,-0.2650944,0.09101075,0.08529804,-0.21298917,0.098718725,-0.28535002,-0.002313045,-0.119836524
-0.07357787,0.02401656,0.07889755,0.2789615,-0.48111707,0.37402588,0.029585326,-0.3976285,0.019091211,-0.2028434,0.11169283,0.022822758,0.072314836,-0.8562529,-0.05760642,-0.439452,-0.28423643,-0.0035007359,-0.18632887,0.018489074,0.049215466,0.08548756,0.17080256,-0.8051239,0.10941671,-0.16715464,-0.20403586,0.011156878,0.13647372
-0.07409669,0.041164443,-0.018658375,0.26956278,-0.04303013,-0.07685173,-0.023092318,0.14837055,0.12324159,0.10526055,0.13838696,-0.09588781,0.119129285,0.6592864,0.059164047,0.050069332,0.00041268335,0.009811433,0.24692509,0.051673405,0.029160425,0.06418542,-0.13494243,0.10532742,-0.1921745,-0.122721836,0.22086208,0.0010802096,0.11338973
-0.13380057,0.035181213,0.0011996264,0.20419611,0.07025316,-0.09114981,0.014864699,0.12594314,0.12989917,0.060434297,0.10746974,-0.13674305,0.07486069,0.61922127,-0.17876647,-0.25860217,-0.06608193,0.0008610999,-0.26013422,0.10537351,0.04190062,0.04780403,0.113100715,-0.61301196,0.15093665,-0.050056692,0.19145854,0.007729758,0.11630351
0.10918723,0.023916414,-0.03220515,0.26819065,0.047936436,-0.06882069,-0.0014662736,0.13252494,-0.44338366,0.116006576,0.13052917,0.063816145,-0.27399155,0.6342375,0.055140946,0.17230748,0.015974313,0.021866344,0.26448873,0.04781037,0.019616725,0.044082377,-0.2422641,0.060115647,-0.27765217,0.016767772,-0.0698829,0.0037969605,0.09622373
-0.14058056,-0.16252074,0.00029319373,0.20347263,0.7985046,-0.08606845,-0.0028165367,0.11254248,0.17184511,0.058487184,0.15535711,0.040720064,0.05920914,0.7672949,0.05163461,-0.13953045,0.17174281,0.017880931,0.21638015,0.05049649,-0.07621583,0.059005752,0.10282258,0.067401685,0.24369912,-0.05105187,0.23642418,0.010276023,-0.24646124
0.13045068,0.029694734,-0.059164856,-1.7861197,-0.14685304,-0.11415616,0.0065697622,-0.24484263,-0.3381762,0.049418867,-0.24991107,0.05424705,0.08847067,0.49247947,-0.012993896,-0.27806258,-0.17346226,-0.033181004,-0.11503628,0.013843414,-0.46945694,0.029348405,0.13495597,0.061094884,-0.24194565,0.10258569,-0.038433723,0.0023015458,-0.15411317
-0.1410887,0.023873422,0.0042052753,0.32366854,-0.4394383,-0.06346516,-0.042581283,0.1688832,0.20370464,0.15355252,0.1970588,-0.08039336,-0.08953328,0.5614098,0.050330047,0.33161673,-0.29968664,0.021217782,0.28667402,0.0382798,-0.15194836,0.08402849,0.15909718,0.09320536,-0.0017747956,0.07932828,-0.24566764,-0.027490605,-0.2629505
-0.08591761,0.03125875,-0.040783476,-1.9403087,-0.5206493,-0.07194419,0.011238003,0.042481355,0.10337821,0.06713313,0.059274323,0.03281655,0.07200351,-1.8002713,-0.017594993,-0.67464536,-0.099889524,0.016311238,-0.1630601,-0.09626313,-0.1199484,0.08311883,0.101176284,0.078798816,-0.09861038,-0.1500592,-0.1229427,0.008739216,-0.090622686
-0.08219374,0.04066521,0.015166391,0.26740375,-0.13907956,-0.07870754,0.073539674,0.118130244,0.09339774,0.080527976,0.06736866,0.029837715,0.069579825,-0.9044837,0.0061468417,-0.7829853,0.013731569,0.017782893,-0.29117498,-0.1303599,-0.18277767,0.12333587,0.15677583,0.07111807,-0.27244174,-0.1676553,-0.11283954,0.006205255,-0.15335256
0.08287182,0.016902657,-0.06042684,-2.182474,-0.1944151,-0.06103321,0.034763332,0.07365838,0.030721813,0.07020381,0.0708905,0.04296339,0.05025586,-1.0714395,0.007816054,-0.6489943,0.101328194,-0.0032648144,-0.13888694,-0.11796573,0.052100156,-0.47288632,0.15385357,0.013499652,-0.2748802,-0.20701665,-0.34824595,0.006279251,-0.14228383
-0.084247716,0.069937214,0.063144304,0.3057174,-0.113280974,-0.10323602,-0.004565229,0.1276103,0.10451762,0.07753023,0.11181373,0.025156867,0.106997475,0.61962485,0.061377928,-0.3860249,-0.07198181,0.009093649,0.21184288,0.049211305,0.03946106,0.05393867,-0.110928744,0.10451136,-0.16212747,-0.15951346,0.1770171,0.0051113,0.11313784
-0.2694964,0.05370848,0.011092623,0.21545629,-0.15011838,-0.13911551,-0.010542644,0.07377852,0.14198431,0.14897038,0.106574565,0.054740828,0.08827667,0.5512264,-0.15633105,-0.32307976,-0.10077849,0.015741076,-0.32356378,0.06713821,0.06966044,-0.24842063,0.0773998,0.12003065,0.12962158,-0.12717499,0.19353743,0.0011192955,-0.22295837
-0.12896828,-0.06551382,0.0021288102,0.2672963,0.09914639,-0.07448847,0.059592422,0.12223603,0.18599167,0.11778834,0.13645968,-0.083222605,-0.18030567,0.66412574,0.11554725,0.48211607,-0.07715471,0.0030105223,0.22936924,0.07132537,0.022295045,0.046651784,-0.14551744,0.079382606,-0.10693783,0.08356033,0.18633051,-0.01446945,0.089076556
0.046663545,0.04497098,-0.05173919,0.32839975,-0.2677563,0.46574125,0.057390936,-0.7580784,0.083647065,-0.24930091,0.16277067,0.054058626,-0.12594491,-0.7177911,-0.0294547,-0.5803359,0.10035762,-0.003773091,-0.13198647,0.021389246,0.07529108,0.076053776,-0.09335579,0.1417282,-0.1583651,-0.064839385,-0.45186657,0.012536914,0.14518617
0.1330925,0.012206628,0.0041081165,0.19836068,-0.5768974,-0.03237973,-0.05860856,-0.6399508,-0.28107363,0.14872248,-0.7074058,0.06803896,0.011510263,0.40825844,-0.040699355,-0.05057492,-0.30417907,0.020228429,0.08528678,0.018336425,-0.38967407,0.036789794,0.1109524,0.14758578,-0.25309083,0.11331079,-0.47994983,0.00645846,-0.22043057
0.15647553,0.010424967,-0.0059592,0.30078685,-0.20947437,-0.06848149,-0.08609537,-0.47088906,-0.23066625,-0.48130792,0.033048052,-0.2322736,-0.105690934,-0.6490425,-0.1005161,-0.12488021,-0.26748994,-0.002897358,-0.20719445,0.019197809,0.07968767,-0.39627698,0.18769757,0.055368036,-0.10307287,0.20950568,-0.0610886,0.0048479876,-0.14652024
-0.10693856,0.028637389,-0.043533877,0.23483299,-0.20424543,-0.06486575,0.019277293,0.12137274,0.09030042,0.051872507,0.069869414,0.026377043,0.059028305,-1.0956252,-0.10774558,-0.6950679,-0.6051163,0.0033485906,-0.21656069,-0.24107845,0.04584623,0.08422681,0.14760147,-0.584052,-0.4438536,-0.17030756,-0.07394978,0.008259687,0.105033584
0.07408254,0.018188104,-0.031985167,-1.867269,-0.451874,-0.062139347,-0.08251314,0.06519607,0.030319134,0.049347956,0.066971414,0.03421499,0.048796393,-1.8770736,-0.042505268,-0.63091326,-0.24556433,0.016491748,-0.14207993,-0.11332683,0.044233117,0.050210457,0.10404994,-0.5030481,-0.17567293,-0.11688275,-0.46993914,0.008776107,0.13549854
-0.16002624,0.03585605,0.0051961127,0.2642884,-0.25431573,0.5632326,0.03004789,0.13765092,-0.025726723,0.14589316,0.14190112,0.03863415,0.0665231,0.5844008,0.06492828,-0.4149075,-0.14656599,0.025142333,-0.288864,0.03951839,0.06995007,-0.5123827,0.09781684,0.14188464,0.110606946,-0.14358428,-0.48473975,0.004910284,-0.25845474
0.117631845,0.05880169,-0.046019103,0.34623563,-0.09836282,-0.025544297,0.04647754,-0.5774604,0.15945023,-0.24150018,-0.3930932,-0.10570598,0.08875898,-0.73407865,-0.013742909,0.22233689,-0.26352695,0.019220294,0.12344542,0.016790628,0.06769062,0.067617156,-0.1382514,0.09681605,-0.06717061,0.10110506,-0.15753433,-5.5466808e-06,0.12193675
-0.1929885,0.04037257,0.0674702,0.23861389,-0.680098,0.2102104,0.011352629,-0.40905267,0.12503846,-0.2532476,-0.39300528,0.12007001,0.052386314,-1.6454554,-0.051329423,-0.5963239,-0.07273831,0.0015131604,-0.16174506,0.01923576,0.04963176,-0.46225646,0.0019422239,0.10708021,-0.122785956,-0.0641037,-0.4939739,0.0047801803,-0.13177682
-0.09885991,0.009484708,-0.06911569,-2.1221209,0.15907435,-0.04951292,0.021668615,0.10477077,0.08778005,0.050203104,0.058543764,0.038746104,0.07675985,-1.867377,-0.018253485,-0.1321401,0.17364568,0.015050297,-0.14984241,-0.10088972,0.029291717,0.08312014,0.108117335,-0.3836464,-0.19754721,-0.13955894,-0.40570557,0.009432772,0.12597343
-0.097655974,0.031573348,-0.027815783,0.23735228,-0.19419488,-0.061519533,0.02089127,0.12484573,0.08821382,0.051595695,0.0698728,0.037530772,0.046051096,-1.114694,-0.101559356,-0.7473429,-0.5218947,-0.0025984114,-0.23190424,-0.24684453,0.04432536,0.0856131,0.1554927,-0.5531371,-0.3567129,-0.16726862,0.1272875,0.006786662,0.106040455
-0.16099797,0.056161843,0.13757333,0.3024605,-0.3969056,-0.06338308,-0.04203627,0.12726139,-0.2852453,-0.15904367,0.1518546,0.06916337,0.17711823,0.5823082,-0.11995961,0.056831572,-0.026002165,0.02515042,0.2944243,0.03260012,0.060700696,0.06902985,-0.08568211,0.12879682,-0.25664556,0.08534059,-0.039918073,0.019450173,0.13316567
-0.13136491,-0.15427805,-0.004992908,0.2073544,0.6915594,-0.07962544,0.008157705,0.12990192,0.15198721,0.059552003,0.16661003,0.0293632,0.092203,0.742358,-0.16104822,-0.1850866,0.16897455,0.007569966,0.1935737,0.066123895,0.02039836,0.055197526,-0.10697849,0.078312896,0.25301424,-0.046582155,0.21023285,0.012426353,0.114957035
-0.1605882,0.025330635,-0.017110223,0.21708035,0.3444083,-0.0698414,0.026020994,0.14726768,0.08968844,0.13468307,-0.8596401,0.042667832,-0.13002068,0.6732522,0.07603031,0.31858918,-0.17089106,0.017779898,0.20708266,0.050497957,-0.14791135,0.05204345,0.13330877,0.09739758,-0.12251376,0.07094732,0.2646548,0.006270502,-0.16578448
0.0797065,0.09207409,0.0011727905,0.32935137,-0.043960914,-0.02907115,0.02738885,-0.56244165,-0.23468973,0.19494224,-0.38093266,0.124866046,-0.12673987,-0.6427909,-0.018118463,0.36758578,-0.17873646,0.010907262,0.07485919,0.014872043,0.09028851,0.026918259,0.22831537,-0.75296664,-0.13670115,0.15457833,-0.57665896,-0.0025351646,0.117722884
0.09107906,0.028258514,-0.039745156,0.2532582,-0.25126222,-0.047168773,-0.030257097,-0.86008584,0.14905205,-0.29438102,0.08704194,-0.080729045,-0.14276429,0.48316944,0.01632174,1.1287277,-0.0947081,0.016219737,0.26808587,0.02951755,0.02335775,0.054385364,-0.19485082,0.14065813,0.0033207387,0.17208917,-0.1929991,0.002617639,0.09108284
0.086857386,0.044642676,-0.0022273515,0.23205556,-0.20443784,-0.08629957,-0.0281813,0.14586261,0.16481856,0.10813724,0.1264363,-0.04666332,0.03801223,0.6632306,0.031962495,0.058508918,-0.112832926,0.025954053,0.22079687,0.04047256,-0.20446539,0.050453257,0.1285797,0.088129684,-0.28014398,-0.14834407,0.19286846,-0.0022546079,-0.201158
-0.0122318985,0.16277282,0.00024259392,0.3483337,-0.053931955,-0.02093935,-0.014842326,-0.45572206,-0.24974942,-0.1907048,-0.33545735,-0.051352933,-0.047199912,-1.1133893,-0.08071961,1.0547957,0.30486345,0.029160993,0.10656995,0.015318698,-0.03310957,0.053503137,0.08005732,0.13151605,0.33862555,0.07646826,-0.34493375,0.0037170653,-0.070175715
0.13587631,-0.10546298,0.03454492,0.30217865,-0.5059003,-0.061305877,-0.010313279,0.11859495,0.15635206,0.17341705,0.10093667,0.14224441,-4.964182e-06,-2.0022094,-0.008213549,-0.13774237,-0.11897462,0.023744242,0.099773385,0.024652451,0.06909399,-0.30795568,0.07041836,0.10000426,-0.10527945,-0.11706745,-0.38159448,0.012903214,-0.12406969
0.042109296,0.0047356347,0.013572266,-1.6002115,-0.9890918,-0.04491052,-0.04532658,-0.31881386,-0.15656942,-0.17248425,-0.23774713,0.092273876,-0.042776447,-1.7718066,-0.04301142,-0.0658207,-0.23533902,-0.012284386,-0.07149812,0.012245601,-0.22161074,0.035981674,0.068633586,0.093501434,-0.060550757,0.15736261,-0.3029669,0.009347497,-0.06389162
-0.10468345,0.015376391,-0.0054098894,0.25718987,0.7359292,-0.074862346,-0.07027923,0.17750368,0.20949998,0.06584015,0.17245269,0.06705572,-0.15057497,0.75367063,0.08239893,0.32136655,0.009872666,0.009035941,0.21201879,0.07014714,0.015059884,0.05694429,-0.16650087,0.07683484,-0.080685265,-0.03127659,0.24046615,0.008637867,0.09789672
-0.16321914,0.01459708,-0.008816719,-1.8556162,-0.4230741,-0.048465367,0.017004557,0.033695642,-0.15767005,-0.27759504,-0.22583999,-0.18334727,-0.10563058,-1.9158014,-0.033548936,-0.22345126,0.07566815,-0.0017536706,-0.097655535,0.016174283,0.035546254,-0.3837353,0.07437415,0.013103178,-0.14583929,0.08925042,-0.11479078,0.01175153,-0.10610796
-0.06702993,0.024363818,-0.091472685,-1.9295853,-0.010711543,-0.067881346,-0.083656475,0.05323836,0.08370214,0.055460963,0.061301146,0.02998516,0.063167594,-1.8833702,-0.061339628,-0.42185986,-0.08651504,0.01775969,-0.14962953,-0.11212641,-0.13105497,0.07269729,0.06987696,0.105534226,-0.1417684,-0.13165471,-0.3295013,0.008447349,-0.0965299
-0.14358418,0.00036199958,-0.05580287,-1.6742961,-1.0201472,-0.04868518,-0.052019008,0.06588565,0.02642131,0.056394815,0.055378012,0.037371363,0.03743816,-1.806234,-0.001312435,-0.5905291,-0.3688991,0.011906874,-0.12327713,-0.10829528,0.039391737,-0.30191186,0.07173844,0.08738341,-0.21041289,-0.16161485,-0.34367445,0.0072500957,-0.10138308
0.10497579,0.06197571,0.084072955,0.22258072,-0.2659687,0.3580266,0.011833862,-0.3902332,0.13799115,-0.27350777,-0.35586214,-0.07621415,-0.13430306,-2.0945446,0.03027007,-0.2679081,-0.32496172,-0.019908104,-0.16301282,0.0150111485,-0.2662084,0.073242456,0.07479471,0.07407137,-0.16325215,0.11127797,-0.15429467,0.009197481,-0.10289205
-0.12785514,0.062367316,0.059185896,0.34714884,0.08712921,-0.081275076,-0.12402335,0.10574716,-0.3633407,0.08528105,-0.37515247,-0.16349314,0.07571992,-0.4316482,0.00538584,-0.38672432,-0.5545843,-0.035193846,-0.24901544,0.022207405,0.083983764,0.087327376,-0.15941045,0.092259355,-0.09542453,0.13713531,-0.38382548,0.0054200045,0.10883043
0.092825264,0.05519529,0.051683065,0.33048838,-0.32775277,-0.093429945,0.0433545,0.16498557,0.09866007,0.08770855,0.112808056,0.039383274,0.11722272,0.54363555,0.034580354,-0.26319015,0.25156578,0.017879821,0.24237199,0.035858907,0.06064124,0.043995786,-0.122470915,0.10393165,-0.049363904,-0.18274309,-0.16981563,0.01158069,0.13264927
0.17850812,0.05547538,-0.00018777864,0.28376323,-0.17172775,-0.03962342,-0.01373268,0.14735258,0.08674574,-0.34066206,-0.4544394,-0.10736051,-0.0988196,0.5802307,-0.042121395,0.79070866,-0.1311031,0.018368514,0.2387227,0.02289284,0.04166828,-0.48773786,0.1151016,0.07964361,0.09877512,0.07828791,-0.15215708,-0.0011061738,-0.25237942
-0.29919127,0.048662487,0.047982585,0.24069703,0.024172584,-0.11366274,-0.011894908,0.09622587,0.14181235,0.16947183,-0.47383478,-0.19414532,0.046682987,0.4673093,0.05500406,-0.42288998,0.08285037,0.00016356644,-0.28369832,0.059835423,0.052024607,-0.38820854,0.12840974,0.07505666,-0.0926432,0.08281891,-0.0028014337,0.0068040574,-0.2032485
0.06307189,0.030042816,-0.04220333,-2.0195198,-0.5106416,-0.06865491,-0.04403205,0.04200992,0.10141457,0.06601434,0.064661175,0.03610252,0.06452764,-1.8045682,-0.008868324,-0.48974678,-0.10497977,0.021950029,-0.15657063,-0.104612336,-0.15701388,0.047309533,0.11887494,0.076868705,-0.14978474,-0.12676288,-0.11630062,0.008531183,-0.09144077
-0.048368614,0.026473846,0.008960492,0.22247893,0.14534405,-0.1028998,0.011488148,0.097851075,0.100553624,0.0403743,0.11448942,0.04619666,0.06797894,0.6679093,0.09436123,-0.6339036,-0.06547892,0.0154204015,-0.25235912,0.116452456,0.041833267,0.03439196,0.08861927,-0.73414665,0.17694461,-0.097073935,0.18626148,0.0062945783,0.11053067
-0.0949346,0.058967862,0.06855903,0.39755344,-0.18816549,-0.058733497,-0.071887374,0.15398465,0.14120123,0.06478777,0.16543308,0.07342142,-0.08951425,-0.8437829,-0.08693013,0.048279516,-0.101527244,0.015770944,0.15500781,0.026531644,0.06707025,0.05606992,-0.12822546,0.12272108,-0.02610528,-0.007305352,-0.36497277,0.032051392,0.12481179
-0.038102046,0.003052204,-0.0021938027,0.15317306,0.7689813,-0.047405906,0.046796847,0.17423287,0.09623166,0.049815547,0.10792459,0.02414868,0.024088124,0.64022887,-0.15893777,-0.47711658,-0.12785631,0.01236333,-0.3573825,-0.23568363,0.03519594,0.10326541,0.19673538,-0.32781857,0.1925379,-0.05672531,0.19323531,0.0073695867,0.12898695
-0.05961679,-0.20938124,0.08240286,0.31844807,0.09109687,-0.0655815,0.01143265,0.21251702,-0.30992693,-0.1959415,0.19340566,-0.07967715,-0.15903719,0.50812393,0.03898688,0.9736344,-0.090392485,0.017580388,0.35457975,0.037272684,0.0345077,0.078852184,-0.12495433,0.12466112,-0.01290448,0.08976547,-0.35417587,-0.0100516,0.12641132
-0.08852966,0.055783346,0.03666785,0.38752365,-0.19662492,-0.06661492,0.028964937,0.16070026,0.118413754,0.10857468,0.1425437,-0.03849298,-0.15873675,-1.0371078,0.027099876,0.123869754,-0.092547484,0.012850775,0.1851167,0.025851203,0.06160992,0.07738193,-0.1614994,0.0706918,-0.073664434,-0.025940115,-0.19027905,-0.068185255,0.11859757
0.089766584,0.004541596,-0.041411385,-1.714567,-0.91493446,-0.054420505,-0.042256586,0.06615146,0.040386368,0.051738683,0.06271556,0.0416937,0.040803183,-1.8619726,0.010938437,-0.4424283,-0.3687233,0.012246463,-0.12466515,-0.11507521,0.04993501,-0.2945566,0.09421103,0.082936406,-0.3019697,-0.17117815,-0.3491474,0.006992311,-0.1030672
-0.13880222,0.07387381,0.13849805,0.3890496,-0.13080233,-0.061842363,0.0564816,0.12252818,-0.19873415,-0.1613148,0.084333375,0.11653877,0.13750143,-0.85174835,-0.16759329,-0.101441495,0.1848791,0.02891298,0.1511834,0.023322687,0.06730269,0.09069183,-0.08219729,0.09207566,-0.17239118,-0.0034963381,-0.13040298,0.013846344,0.13135622
-0.056377172,-0.3540853,-0.022685591,0.24282219,-1.5161748,-0.023584252,-0.016654355,-0.5140818,-0.3331662,-0.22613773,-0.38911915,0.07920109,-0.040847007,-1.4829742,-0.047841627,0.84207606,-0.020149278,0.019622479,0.053648945,0.015217872,-0.11445192,0.0237949,0.073737845,0.082551695,0.31573814,0.12926626,-0.39017597,0.00058198837,-0.060629867
-0.11825698,0.016544044,0.27581862,-2.244667,-0.34277904,-0.054383587,-0.0040385807,0.0585129,-0.22541016,0.11807475,0.10317123,-0.20421183,0.08185517,0.5719286,0.029152192,-0.16215253,-0.058809415,0.010284204,0.15324162,0.022578098,0.05014739,-0.2861853,0.1394024,0.08494589,-0.20122921,0.03890456,-0.038021512,0.012280859,-0.21679962
-0.14165486,0.068907954,0.115876935,0.312547,-0.13099147,-0.079027675,0.019830327,0.1694328,-0.1859179,-0.18192764,0.116877496,0.12502941,0.14498831,0.56921977,0.08812201,-0.089772165,0.11576569,0.027940223,0.27632144,0.031757187,0.049202587,0.103135,-0.07179518,0.1136252,-0.18246943,0.03495738,-0.16086994,0.014031627,0.15999931
0.08216672,0.029976668,-0.028049758,0.23109494,-0.19035214,-0.06842079,0.023837876,0.122485526,0.08585087,0.050603636,0.05243597,0.027786188,0.050971534,-1.1727893,-0.066323124,-0.9264538,-0.5096764,0.0035600418,-0.21489422,-0.24695969,0.038278744,0.078063354,0.16355893,-0.6794351,-0.3414064,-0.18349537,-0.043937646,0.007224922,0.10536317
0.29210806,0.056370106,0.0062629953,0.21707582,-0.065732114,-0.082115725,-0.0083140135,0.10044814,0.112166494,-0.38629913,-0.3210487,0.09302293,0.11746345,0.54480416,-0.041835304,-0.27973717,-0.27537435,0.004262965,-0.2573231,0.05216498,0.09463166,-0.36292943,0.13552484,0.07425848,-0.22741166,0.020996418,0.19705479,0.0058954554,-0.20216085
0.095734745,0.0388626,-0.040911626,0.31335586,-0.111409865,-0.0629648,0.021529835,0.13906318,0.09385221,0.08702446,0.0449205,0.02945185,0.050393976,-0.63767225,-0.040735487,-0.2524127,-0.07324339,0.013427562,-0.28474924,-0.14871007,0.059350464,0.08717971,0.206528,-0.5642729,-0.011359904,-0.15707007,-0.09551671,0.0072086416,0.12049581
0.15397584,0.015286292,0.4242084,-2.0553396,0.34541693,-0.061701715,-0.000250448,0.061737843,0.14190702,0.121225074,0.12179373,-0.014457318,-0.1214215,0.66243625,-0.11608446,0.5443126,-0.05569401,0.010549371,0.18139222,0.048480436,0.029616917,0.033426173,-0.16096951,0.05991973,-0.10966481,0.07649614,0.23037626,-0.048753247,0.075790696
0.14249593,0.03334418,-0.002846794,0.19030812,0.16317596,-0.062885955,-0.00092061097,0.0982779,0.068019025,0.08540737,0.0715689,0.05089363,0.053965233,0.56746805,0.013323555,-1.0208791,-0.07518614,-0.029435456,-0.39765137,-0.5492479,0.04423704,-0.7642767,0.18789317,0.07388596,-0.3596962,-0.12159212,0.16026019,0.0029873208,-0.1785439
0.150282,0.057495233,-0.035903767,0.2759374,-0.3980996,-0.043999292,0.029527042,0.18923342,0.12902087,-0.25398606,-0.7395014,0.049149763,-0.16702133,0.47846758,0.02084394,-0.13251142,0.2062028,0.01533311,0.20867401,0.03188974,0.056340158,0.061733156,-0.10105406,0.06860713,-0.0873066,0.117243476,-0.17916073,0.04222031,0.16125472
0.082462355,-0.048314735,0.0030242908,0.23303111,0.60719866,0.2507746,0.03675805,0.16576092,0.094779134,0.038243588,0.09883525,0.036802128,0.008215886,0.6857853,0.095029384,-0.8618202,-0.200274,-0.004496668,-0.2806838,0.070000246,0.04417135,0.07871814,0.090473846,-0.62510794,-0.14956203,-0.12916063,0.18601972,0.00590823,0.12869227
0.112373464,0.0051853177,0.05585012,0.2056632,-0.9291366,-0.05814749,-0.03278754,-0.47764012,-0.24289624,-0.3596071,0.08329421,-0.14725794,-0.08382442,-1.9711298,-0.0960666,-0.24570829,-0.13513428,-0.019591626,-0.13292275,0.018739644,0.012349134,-0.3808528,0.06455911,0.093057826,-0.2103711,0.13235852,-0.38102663,0.0071401945,-0.106311604
-0.050334617,0.070739776,-0.056678306,-2.6399548,-0.52079237,-0.04164121,0.09987089,0.095315166,-0.23826313,0.10742383,-0.4585013,-0.07628956,0.0011315497,-0.9816173,0.011264706,0.38086793,-0.13714388,0.013268094,0.07702943,0.014064907,-0.2169162,0.04827551,0.10239293,0.098737486,-0.023293406,0.060323026,-0.32004905,0.0017633744,-0.10910461
0.11486884,0.042042132,0.0022579061,0.21228343,-0.34709954,-0.07291779,0.005285048,0.07852477,0.05544839,0.07509835,0.05386522,0.04949845,0.054870147,-1.0881029,-0.033837285,-1.0703831,-0.5940307,0.009969753,-0.30415973,-0.23451337,0.06430955,-0.5577683,0.15221673,0.11186637,-0.61798316,-0.18556362,-0.0032794282,0.004632189,-0.111472175
0.10624805,0.05869176,-0.013071506,0.26112807,-0.38335085,-0.0830619,0.04242232,0.15934277,-0.27281177,0.101853244,0.1620131,0.04914879,0.0825171,0.5148189,0.040839206,-0.19067398,-0.50916725,0.025568523,0.21013911,0.03372823,0.06626969,0.043858074,-0.12806682,0.15648718,-0.26601762,-0.15260254,-0.43708628,0.006756403,0.13003804
0.067496985,0.14320758,0.031078868,0.37356457,0.18806271,-0.020296216,-0.014546205,-0.32086918,-0.29477552,0.20623428,-0.23333569,-0.087135285,-0.03781704,-1.2032342,0.12445627,1.3408898,0.02899451,0.023600437,0.0770571,0.016882816,0.022207443,-0.19665635,0.12205959,0.13104871,0.42776787,0.216845,-0.34322575,0.018851984,-0.07402624
-0.2447424,0.05090119,-0.024496399,0.18219891,-0.037408844,-0.117144816,-0.040501043,-0.46936923,-0.4107778,0.12914063,-0.44938052,0.07796587,0.18042938,0.4096818,0.054759033,-0.3736537,0.027244478,-0.03648619,-0.26629698,0.03041506,0.08929053,0.039462753,-0.18648826,0.091783114,-0.23991527,0.12816459,0.16456366,-0.00055869954,0.09037121
-0.20038229,0.05162595,0.057416297,-1.3972098,-0.33099693,-0.08058549,-0.0720404,-0.10042812,-0.2392597,-0.0074573946,-0.301171,0.07035859,0.18412898,0.46845454,0.049842805,-0.18294375,0.055955093,-0.02093096,-0.14604765,0.013550793,0.0792772,0.04743528,-0.15391687,0.10649425,-0.09821598,0.21238932,-0.16907617,0.011633763,0.08784947
0.13596588,0.020651909,-0.077998735,-1.9819831,-0.42583585,-0.11467162,0.04915294,-0.37472266,0.11854132,0.03388188,-0.22855729,0.04786462,0.06558065,0.47092047,0.06133244,-0.11089439,0.0994343,-0.008821874,-0.11123851,0.016558656,-0.42120415,0.029209966,0.12322146,0.09614367,-0.102598526,-0.011225339,-0.11605064,0.0072593256,-0.15991095
-0.062460646,0.08246618,0.013809602,0.29490566,-1.413278,-0.02653184,-0.017698351,0.20898002,-0.3057515,-0.25303662,-0.35740036,-0.09802679,-0.03375669,-1.5421879,-0.020065939,0.7747017,0.09804499,0.024184646,0.08286931,0.02092516,0.00098549,-0.25179285,0.051918376,0.092520244,0.25851747,0.09712604,-0.37917513,0.0020914057,-0.08932441
0.15197533,0.03142105,0.0055879606,0.21343593,-0.19739477,-0.16680364,-0.088818215,0.14471981,0.18040106,0.10516657,0.07919395,0.028816503,-0.1605263,0.5815628,0.03341729,-0.46860868,-0.20977329,-0.004740703,-0.33729342,0.065202326,0.07371302,0.024254886,0.14771059,-0.6454199,-0.19447933,0.039373517,0.17421547,0.002408707,0.113650426
0.10867608,0.06767661,-0.020685723,0.1856563,0.09852766,-0.09154854,0.0023783941,0.16337568,0.15729837,0.071103,0.0958003,0.028984591,0.07049409,0.6939622,-0.1296709,-0.27881214,-0.09013013,0.0110603785,0.16971356,0.06054394,0.019260107,0.03850294,-0.15079765,0.09314885,-0.17357433,-0.12589583,0.17461887,0.0058228746,0.09138003
0.20049153,0.039051782,0.01180585,0.26785454,-0.32042694,-0.061474144,0.007927896,0.15685758,-0.21137676,-0.37185428,0.097529225,-0.24793145,0.060865488,0.58225834,-0.022136018,0.048740033,-0.3389303,0.016912863,0.22474678,0.03084832,0.054384403,-0.48265076,0.0948266,0.06087372,-0.19961448,0.07351914,-0.16544907,0.012353445,-0.28022033
0.074212976,0.019378638,0.14964311,-1.8740375,-0.19894752,-0.060488626,0.020316444,0.07244944,0.018646343,0.085246556,0.046092723,0.0608515,0.056523323,-1.2998104,-0.0245021,-0.47509855,-0.07628556,0.0044016,-0.15993887,-0.12736258,0.052543707,-0.4994032,0.18388763,0.05240721,-0.36523265,-0.20469892,-0.36333713,0.0060673985,-0.12708777
-0.11642189,0.068306714,-0.0038064695,0.29543817,-0.53488535,-0.04891964,0.021764105,0.21197332,0.09916633,-0.4211723,0.12260003,-0.06531824,-0.102562666,0.57461333,-0.027682668,0.8438045,-0.23919116,0.012502269,0.2710096,0.034545593,0.022824591,-0.5592738,0.08516245,0.12648305,0.045508966,0.0642711,-0.4222592,0.006508333,-0.24837068
0.13954473,0.00034348667,-0.010831355,0.18498716,0.65258616,-0.049392153,0.047742393,0.16598175,0.09852792,0.044732522,0.07868863,0.028064772,0.019026643,0.63920873,-0.11331408,-0.7696318,-0.1395681,0.0046888907,-0.36661845,-0.25600588,0.03947095,0.092437424,0.20616964,-0.52637553,0.040220093,-0.07031249,0.18268785,0.00689613,0.11606606
0.09714079,-0.10404552,-0.009834497,0.1711459,-0.023324635,-0.12638052,-0.002043236,-0.58361644,0.1670866,0.13954492,0.08290423,0.035822753,0.0846254,0.55582124,0.008903064,-0.53510004,-0.28002948,-0.0030180286,-0.22518586,0.04944695,0.06486613,0.024668809,-0.14235225,0.09491226,-0.23213714,0.0073989965,0.15507692,0.0032822206,0.10826677
0.079535164,0.047403257,0.07227562,0.23292851,-0.8632582,-0.05072798,-0.072786905,0.15218446,0.18284887,-0.22645493,-0.4200294,-0.112397395,-0.06641191,-1.8240306,0.0038795504,-0.283518,-0.14673649,-0.019839112,-0.19339271,0.022796882,-0.18425734,0.07445686,0.038479835,0.1015635,-0.29675606,0.0669096,-0.41944546,0.011078535,-0.09782741
0.06961343,0.01653703,-0.010464398,0.22138667,-0.56894755,-0.08396197,-0.100305,0.11738277,0.057471827,0.05910242,0.06933911,0.037502542,0.04092514,-1.9545178,-0.008181691,-0.9267081,-0.62944794,0.02058353,-0.27698886,-0.16379414,0.053707737,0.043483794,0.091226324,-0.6370953,-0.22285406,-0.13761707,-0.5805478,0.0059934226,0.15255168
0.12680608,0.055459224,-0.0169282,0.357692,-0.014422734,-0.074700825,0.1284412,0.15357767,-0.28318998,0.07839132,-0.18069813,0.08176546,0.13293542,-0.5310727,-0.059698638,-0.08848748,0.63039625,-0.045950253,-0.19394323,0.027150624,0.12382887,0.033317845,-0.22950375,0.042084154,-0.05933153,0.009285085,-0.088672966,0.0091010565,0.105272815
0.22089417,-0.0043597766,-0.011312352,0.24807088,-0.19307227,-0.056491658,-0.0524295,-0.68378675,0.058256045,0.21976885,0.10964943,0.12173341,0.070153296,0.5452889,-0.018836783,-0.10677461,0.17709777,0.015066076,0.15942344,0.026628619,0.08679034,-0.3177562,0.1617128,0.13416238,-0.08326682,-0.006090088,-0.15531413,-0.0033869592,-0.20978527
0.07148379,0.041146077,-0.00014972933,0.40332526,-0.11463245,-0.04323623,-0.08545398,-0.50859934,-0.20939398,0.2642937,0.07960661,-0.12154142,-0.03402828,-0.85231024,-0.027755449,0.9189266,-0.13383791,0.012997186,0.1485732,0.018534947,0.06643938,-0.2473063,0.16631,0.097047105,0.16925585,0.2151399,-0.13856205,0.016501693,-0.12126911
0.116293676,0.026631748,0.016454771,0.32984176,-0.1363721,-0.049468305,-0.07163947,0.104880586,-0.22745286,-0.44309753,-0.31944537,-0.20956881,-0.11240176,-0.60605985,-0.06409082,-0.16676892,-0.20753984,0.00042808428,-0.22600906,0.020745559,0.08684062,-0.47511658,0.11900094,0.096170835,-0.13342728,0.19606751,-0.444632,0.012906629,-0.14824979
0.24636479,0.04760367,-0.01784986,0.1692967,0.043523174,0.29023552,0.006120362,-0.50206417,-0.2996301,0.15446135,-0.3917213,0.07799375,-0.20585866,0.5724805,-0.108858295,-0.27411833,-0.13721164,0.011080356,-0.22505653,0.07053877,0.12469629,-0.20327254,0.20700021,0.08698728,-0.17317809,0.06727273,0.1426955,0.004028684,-0.18375666
-0.06985002,-0.10368733,0.000310315,0.20101258,0.14299469,-0.09432884,0.00080967415,0.14657052,0.11505263,0.059314184,0.10738069,0.039018482,0.04502694,0.6502295,-0.16049409,-0.7098,-0.14712828,0.012392326,-0.25571758,0.11265759,0.040629625,0.028414203,0.11527502,-0.71345544,0.034122914,-0.088613406,0.1816639,0.008520037,0.115220904
0.07050948,0.035822038,0.0015004349,0.26804364,-0.18957216,-0.04306272,-0.06696966,-0.5285376,-0.259419,0.245613,-0.4031828,-0.07322429,-0.025182297,0.2575689,-0.048804957,0.87007314,-0.08607364,0.022815607,0.20291717,0.019070776,-0.32566193,0.041004714,0.14261179,0.16800143,0.23050876,0.16046284,-0.48718035,0.0056811287,-0.25117198
0.12228308,-0.20537777,-0.018108005,0.1938749,0.28832436,-0.079526834,-0.10750745,0.15477756,0.21666397,0.09233334,0.113449,0.04104957,-0.13319081,0.70480824,-0.13179249,0.1701863,-0.062409155,0.011188788,0.17623952,0.061571054,0.029394114,0.035534456,-0.15834762,0.09084427,-0.23408805,-0.11807231,0.1852965,0.0068792,0.08609398
-0.13853398,0.037443146,0.039238412,0.2590414,-0.06151651,0.4143697,0.057536922,0.112036146,-0.2232516,0.12994505,0.12253261,-0.12953593,-0.09439002,-2.177821,-0.033787176,-0.4268908,0.13336553,0.006417394,-0.19053525,0.025841987,0.02503178,-0.4028523,0.081817016,0.07204868,-0.2839121,-0.03861722,-0.39620802,0.001425473,-0.13585736
0.102785826,0.002125123,-0.003557622,0.19637834,-0.081854455,-0.062099922,0.04849022,0.15250678,0.09688623,0.03991666,0.0627042,0.029422704,0.010218898,0.58929425,-0.069665134,-0.86642206,-0.30075622,-0.009835843,-0.41038582,-0.45251217,0.03189699,0.08690447,0.21061325,-0.699755,-0.17612086,-0.07357267,0.15720116,0.00689613,0.09880058
-0.108180195,0.026652582,-0.0052660475,0.2594123,-0.03688573,-0.07817497,-0.026745008,0.15629481,0.15289108,0.14312062,0.13008384,0.04143951,-0.08670228,0.66034037,0.052403208,0.1320259,0.07650443,0.015225799,0.23792844,0.04438101,-0.13499364,0.059443813,0.19726066,0.08729014,-0.16926676,-0.111764036,0.26849574,0.021330401,-0.21461028
-0.14412174,0.026634948,-0.00023182046,0.21059474,0.79171276,-0.10546954,0.022953676,0.21050867,0.15770338,0.05821537,0.12518388,0.03894466,-0.12772499,0.6754106,-0.12310361,-0.26972535,-0.008189904,0.0038617472,-0.3071617,0.078464024,0.04029548,0.05068589,0.17352378,-0.56237435,0.031108906,-0.041375764,0.21286899,0.008549143,0.116361864
-0.14914876,0.03355564,-0.0143429395,0.19900124,-0.4592226,-0.11748699,0.0017769055,0.111821815,0.08492015,0.063006975,0.116091885,0.018735828,0.093575634,0.48332113,-0.11945288,-0.48845553,-0.29884294,0.005137272,-0.52567315,-0.35265502,0.038505528,0.09355183,-0.14101703,0.15649693,-0.37062678,-0.10686896,-0.026642438,0.007920146,0.10064021
0.105809666,0.013691984,0.003532121,0.23850748,0.16428694,0.32730368,0.009414425,0.1659888,0.1670109,0.07069628,0.100775056,0.04138531,0.04283346,0.67109233,-0.0542208,-0.8737058,-0.04266781,-0.015373446,-0.27179745,0.10163532,-0.20148775,0.058958936,0.059405636,0.10308953,-0.015114176,-0.12362759,0.16114289,0.0061216303,-0.21644239
-0.1570846,0.041205995,0.010061704,-1.9824939,-0.3277632,0.3494852,0.021136785,-0.24655339,-0.058263477,-0.28476465,-0.29847586,0.09406053,-0.19597942,-1.0500138,-0.059514057,-0.08479278,-0.16361678,0.02107997,-0.07990104,0.013202954,0.070498355,-0.32841262,0.21074717,0.04852978,-0.04880534,0.10435454,-0.11830378,0.008034314,-0.10085851
-0.1917188,0.07383109,-0.025950974,0.14193094,0.05358726,-0.09589936,0.016567033,0.13247165,0.17514136,0.08763098,-0.56557137,-0.17616692,0.0855735,0.57730025,0.076369576,-0.48697758,-0.18785413,0.0005366288,-0.24200742,0.08803727,0.040690783,0.05556962,-0.11205784,0.08282658,-0.30576125,0.017602786,0.1686229,0.0048237527,0.10558565
-0.16293252,0.032765426,0.08664252,0.33175316,-0.083636746,-0.03775418,0.05023212,-0.6132225,0.11719328,-0.24700278,-0.38027436,0.08830774,0.06468185,-0.65138674,-0.015336608,-0.13814193,-0.22531246,0.021601014,0.0925752,0.012802025,-0.36953524,0.093394436,0.075163595,0.09544934,-0.2038518,0.13091135,-0.14338487,0.013700773,-0.15834153
-0.12005981,0.07572809,-0.03651582,0.2708394,-0.3413921,-0.06713369,-0.00031699095,0.14709453,-0.2992657,-0.18277518,0.16392906,-0.14982313,0.20561036,0.59692895,0.056040138,0.123674095,-0.01882861,0.023692101,0.3076753,0.034515984,0.054487783,0.07444493,-0.092626944,0.11538338,-0.17762643,0.06555202,-0.051017646,0.028429875,0.15771453
0.06386761,0.024906317,-0.113968655,-2.9056315,-0.46850684,-0.0892965,0.00027999026,0.060929455,0.07507458,0.047589645,0.09798161,0.06606897,0.10415566,0.5040153,0.028236637,0.07881353,0.054078013,0.006718365,0.110115096,0.028058365,0.053505484,0.035990085,-0.12292829,0.0814916,-0.035481833,-0.12620181,-0.19131285,0.031823814,0.09459867
-0.08174042,0.010260814,0.007294368,0.21390818,-0.42548108,-0.07033244,0.045988575,0.12625635,0.08046319,0.060348794,0.06860623,0.0312864,0.038986206,-1.9617621,-0.0223625,-0.7468323,-0.33191672,0.019568866,-0.30830806,-0.15265976,0.025518287,0.104926564,0.09568167,-0.54224646,-0.2737782,-0.13413431,-0.50460887,0.0057095247,0.16762845
0.1802702,0.041631542,0.045392662,0.21036355,-0.7640064,-0.039478518,0.030552493,-0.28820562,-0.3592624,-0.10460205,-0.26208553,0.16485597,0.15190537,-1.8218204,0.17542794,-0.19544329,-0.119614154,-0.011371552,-0.06949549,0.016147029,0.0855556,-0.15985589,0.051270988,0.11554292,-0.16599761,0.122554354,-0.47418156,0.0045287213,-0.08644961
-0.005317873,0.05065298,0.1094199,0.2819782,-0.2343998,0.4913627,0.048368543,-0.37212083,-0.25566614,-0.20525375,0.15208478,-0.12149395,0.072274216,-0.9524524,-0.028184064,-0.21368553,-0.13519557,-0.010607334,-0.1804368,0.015538473,-0.4539427,0.075566426,0.12677264,0.08056467,-0.12374996,0.036788512,-0.11728842,0.0013775165,-0.153673
0.053646076,0.018352237,0.021888202,0.2252448,-1.0731633,-0.0849301,-0.11709707,0.11798028,0.07276998,0.04268051,0.09219789,0.024707332,0.043797415,-2.046748,-0.010638771,-0.7648395,-0.5342088,0.022662058,-0.19810581,-0.14375624,-0.24341804,0.041418895,0.07151965,0.10565548,-0.21435176,-0.1764545,-0.42632562,0.006695836,-0.13321948
0.10074921,0.03628994,-0.019998731,0.23797715,-0.39690137,-0.06509999,0.02064741,0.1010689,0.10400787,0.07125646,0.050561372,0.04076217,0.070431,-1.9357563,-0.046761308,-0.9402599,-0.13270332,0.020777872,-0.29424098,-0.13718021,0.03917602,0.0893172,0.15694235,-0.5535344,-0.3704908,-0.16431867,-0.09207422,0.006766526,0.1296814
0.19429235,0.012781872,0.02427837,0.36237586,-0.5713717,-0.036849413,-0.0708364,0.12909599,0.10030539,0.1692578,-0.5146194,0.14978114,-0.008107604,-0.7042443,-0.0061191986,-0.10430705,-0.210762,0.014842611,0.07477301,0.020713845,0.10754735,-0.25411204,0.10092862,0.12426087,-0.11953695,-0.001592427,-0.4033173,-0.0073421476,-0.14110331
-0.06969566,0.07541683,0.14781463,0.3568929,0.24631105,0.4406007,0.08049381,0.1684941,-0.27860835,-0.2314093,-0.56009156,-0.11954396,-0.1706547,-0.57944036,0.010622072,-0.1831473,-0.020123743,-0.010957828,-0.22434792,0.021442557,0.047738787,0.10794149,-0.12086343,0.09742287,-0.095049836,0.07018351,-0.40172344,0.017871527,0.111934125
-0.15181674,0.07402487,-0.042293247,0.23048589,-0.16749908,-0.041895386,-0.00610057,-0.69961524,0.2124145,-0.28315935,-0.4874452,-0.05693914,-0.12080253,0.43610492,0.04872487,1.2621608,0.06419046,0.014831655,0.26992682,0.020040687,0.0455609,0.033412,-0.15327668,0.11063338,-0.051420357,0.21445502,-0.19590202,-0.00586817,0.11026038
0.09188238,0.0071057724,-0.002199704,-1.662764,-0.83253616,-0.04677044,-0.033110417,-0.3177223,-0.20185873,-0.3005641,0.06512002,-0.14039256,-0.08289954,-1.8593787,-0.08701548,-0.18051203,-0.15695961,-0.0039583878,-0.0902518,0.014685071,0.019864311,-0.30837056,0.04735108,0.070862696,-0.21672349,0.14141665,-0.28806877,0.008521504,-0.0811944
0.09832026,0.026679307,-0.020294562,0.1639801,-0.00483754,-0.0691286,-0.029683236,-0.9795657,-0.27006215,0.09428802,0.07668614,0.06912164,0.14595427,0.6176484,0.11457167,0.046582494,-0.16814637,0.019536944,0.124793574,0.037510183,0.064156696,0.034037292,-0.12984137,0.09289207,-0.32733443,-0.03230049,0.14595006,0.0019719268,0.09273095
-0.086227186,0.029134097,0.0016970932,0.2043908,0.12403259,-0.095437646,0.015851988,0.17979039,0.11674333,0.046925396,0.10824039,0.038792383,0.035433065,0.6511619,-0.1810765,-0.7184447,-0.09027466,0.009918025,-0.25668457,0.11265759,0.039716832,0.03353432,0.12177318,-0.73686576,-0.0007204055,-0.0747379,0.18700352,0.007333917,0.10533456
-0.09263309,0.01450595,-0.009368498,-2.6508641,-0.2944101,-0.06445207,-0.06628458,0.0739707,0.11136189,0.16242793,0.121552,-0.06557107,-0.03679061,-1.0415444,-0.07697805,0.278085,0.1531324,0.012392003,0.10162188,0.01725998,-0.25060853,0.04964382,0.107190855,0.046061616,-0.23232019,0.050000425,-0.1712599,-0.049250867,-0.106096834
-0.118093334,0.01395277,-0.029283525,-1.9675727,-0.45275262,-0.046488605,-0.068285115,0.047996968,0.069419645,0.049046062,0.055804174,0.03236165,0.054337088,-1.6729592,-0.025402902,-0.5509745,-0.045896724,0.015289217,-0.15964839,-0.10308626,0.036783326,0.050523043,0.13327974,-0.445715,-0.16954492,-0.11955765,-0.13958755,0.009711137,0.10279288
-0.046509072,-0.0009642689,-0.066364214,-1.8763101,-0.6839006,-0.087082684,0.029350493,0.08803703,0.050446324,0.020652814,0.06418405,0.031681947,0.066199005,-1.6770326,-0.04198334,-0.5733989,-0.2825428,0.014426792,-0.11468356,-0.12296054,0.023481162,0.08330084,0.00686921,0.0862169,-0.16554746,-0.16984971,-0.31918398,0.009485663,0.12972023
0.102453545,-0.011078271,0.021118397,0.35296133,-0.16356906,-0.04799838,-0.0007127898,-0.6176663,-0.21046244,0.16346487,0.05463035,-0.10081164,-0.08579328,-0.9046264,-0.032580964,0.6233002,-0.35193005,0.009982247,0.13047355,0.015399625,0.08722567,0.029856283,0.23298714,-0.5770687,-0.06486671,0.12083396,-0.14390647,0.0010084937,0.121204294
-0.0856406,-0.17773888,-0.0020556124,0.23687775,-0.055808846,0.7695503,0.05366938,0.18629955,-0.32343787,0.14010294,0.21412094,-0.06032939,-0.1365761,0.50907594,0.05981692,-0.22581662,0.24423683,-0.0014344563,-0.31448922,0.040284816,0.056986634,0.07532713,-0.12011033,0.09995147,-0.26452947,0.004076049,-0.34815732,0.031037636,0.14413802
-0.16668004,-0.06628903,0.014655145,0.20235628,-0.91764057,-0.069073774,-0.06779153,0.08517096,0.05575921,0.078774534,0.07616181,0.043421596,0.043786287,-1.9716406,-0.01174558,-0.78936464,-0.5623925,0.015614127,-0.2337553,-0.14411062,0.043792427,-0.3881897,0.06401678,0.07971562,-0.3810871,-0.1545272,-0.4317478,0.007172939,-0.15965407
-0.19877504,0.008632756,-0.005158714,0.22413279,0.19456375,-0.05894074,0.025489606,0.10821323,-0.34040466,0.14778322,0.15913211,-0.075277865,-0.14697528,0.6686905,0.05794978,1.1554401,0.13972652,0.006516888,0.33521777,0.051183708,0.031387575,-0.31704286,0.13801713,0.04744051,0.0139584,0.09984322,0.32062584,0.025699575,-0.18678932
0.11842318,-0.0023129378,0.11139564,-1.1756804,0.66062737,-0.053154532,0.036044642,-0.79394215,0.09921506,0.02301765,0.051258408,0.03946552,0.056325044,0.68195075,-0.17625745,-0.0948071,0.025185283,-0.017980512,-0.15768151,0.040882945,0.037130985,0.034177106,0.12027393,-0.5676653,-0.19781353,-0.040610373,0.19381541,0.0067455624,0.09430242
-0.06500112,0.028303433,-0.046175905,-2.1425316,-0.34084585,-0.073017985,0.031011203,0.06691466,0.06819573,0.03853518,0.058706798,0.027755175,0.07131068,-1.0873611,-0.01707611,-0.46491447,-0.115069635,0.010366658,-0.16576852,-0.0984196,-0.17445137,0.09457169,0.14216664,0.07196984,-0.2736686,-0.15411232,-0.11089968,0.008652364,-0.11407455
0.093212985,0.03740495,-0.022826197,0.2204922,-0.0858472,-0.07671097,-0.016664196,-0.8059174,0.08709797,0.118261725,0.10144767,0.0037479042,0.10885419,0.5755038,-0.07175542,-0.1624442,-0.1366817,0.010128084,0.12110493,0.027057126,0.061963484,0.03594572,-0.18373117,0.119841576,-0.24421683,-0.1423008,0.15920378,-0.003340179,0.09344507
0.07358172,0.031991523,0.003564992,0.26775306,-0.35107395,-0.06501038,-0.005150068,0.15143518,0.15525828,0.15002078,0.15758695,-0.12104506,0.054907423,0.65040594,0.033232287,0.122529864,-0.1059642,0.020590669,0.23827696,0.04095443,-0.23623435,0.06297767,0.109625205,0.12370679,-0.15429501,0.025753526,-0.057086498,0.0041182414,-0.22267283
-0.2733378,0.050804034,0.02338988,0.23031966,-0.47850907,-0.16841601,-0.029712185,0.076398015,-0.3257664,0.12454076,0.096773215,0.099522926,0.10609511,0.48330882,-0.13781229,-0.33742464,0.030830242,0.002039561,-0.35629424,0.042874273,0.10343266,-0.2669327,0.19511917,0.120122485,-0.18686947,0.012709436,-0.03027187,0.005854104,-0.18697648
0.099449866,0.046132017,0.08738878,0.30579194,-0.099784955,-0.091361254,-0.015861953,0.14878987,0.12225337,0.101408236,0.12129804,0.014765679,-0.1472204,0.6465,0.03371351,0.076534234,-0.10003313,0.009569619,0.20642804,0.051655054,0.038138557,0.0425373,-0.17017636,0.08711889,-0.15580861,-0.15644412,0.20172037,-0.00063907745,0.09324887
0.11316729,0.011652853,-0.044636972,-2.1832976,-0.44324934,-0.0516891,0.006037649,-0.4788416,0.11855408,-0.17334808,-0.43006104,0.07727323,0.065262705,0.45275694,-0.06620625,-0.14783745,-0.3439836,0.006574118,0.062538184,0.01213661,-0.2716715,0.05978618,0.08778026,0.12600642,-0.2537231,0.14022174,-0.38546783,0.010932547,-0.21605386
0.073097564,0.05510419,0.06404335,-2.2422807,-0.3297885,-0.03155519,0.03390688,0.093366235,-0.3629631,-0.16748418,-0.3836283,-0.08877451,-0.093232535,-2.2208571,0.016292186,0.633088,0.014317963,0.024219945,0.098830454,0.016135147,0.016265327,0.043281544,-0.0437136,0.058109503,-0.12445026,0.10981581,-0.12143432,-0.01025459,0.055391677
-0.11197947,0.036981117,0.065832615,0.27412438,0.3152581,-0.07953074,0.059044443,0.13753831,0.1112971,0.102084376,0.12617254,0.043013096,0.06531889,0.69624543,0.06272622,0.106406584,-0.107103966,0.00997249,0.20032631,0.057379384,0.055442296,0.04548633,0.1671997,-0.54958135,-0.090401866,-0.1193411,0.21409602,0.014155596,0.1186088
-0.17137791,0.047773764,-0.023939066,0.20591086,-0.40034485,-0.18741512,-0.14340721,0.18048319,0.14234586,-0.27977428,0.09790088,0.064720474,0.100767374,0.5024014,0.036876343,-0.30344027,0.019017339,-0.014803544,-0.39629015,0.045464557,-0.2516951,0.09614347,0.09401701,0.10372963,-0.15075174,0.041668553,-0.20197412,0.009346158,-0.2569061
-0.22320013,0.05023716,-0.045971237,0.2141754,0.24787447,-0.051367473,-0.027008174,-0.68278325,-0.34310064,-0.195987,0.12000795,-0.043027524,-0.23600127,0.56825113,0.04092564,1.3211114,0.17237757,0.011774606,0.30660942,0.039910268,0.019005587,0.03531769,-0.2052764,0.047620565,0.026258552,0.14438042,0.298652,0.026429556,0.105044246
-0.1508014,0.0070726387,0.24192527,-1.7244499,-0.2451336,-0.09487319,-0.0042931726,0.05739586,0.11241043,0.050415568,0.07932084,0.022363583,0.061201207,0.53793216,-0.09783278,-0.86665,-0.012558569,-0.008492224,-0.20008367,0.03061543,0.044177186,0.03082084,0.080090135,-0.67334723,-0.2029204,-0.17140256,-0.05691493,0.0069058314,0.10576325
-0.27642262,0.029042283,-0.013882224,0.31965417,-0.2027725,-0.030772714,0.066506095,-0.49243173,-0.1707294,-0.27929628,-0.31273818,0.12666856,0.07256784,-0.4634766,-0.0358344,-0.074942544,-0.446971,0.0071512717,0.07202431,0.015580905,0.0843033,-0.34387314,0.124462865,0.078637876,-0.26055032,0.11667362,-0.11419891,-0.030371485,-0.16350965
0.034380376,0.12220026,-0.001842218,0.39706743,-0.4455411,-0.035491753,-0.08041771,0.08368599,-0.40868396,0.11039812,-0.64042634,-0.07384479,-0.0030687954,-1.4707235,-0.039698526,1.0570331,-0.051138777,0.027498432,0.14287335,0.020629372,-0.1466127,0.031928,0.1219899,0.11860483,0.2780771,0.12443621,-0.35600334,0.0012611261,-0.10563324
0.09022712,0.05703266,-0.03906087,0.22880702,-0.07136681,0.6091606,0.0026346443,0.13601074,0.22082719,-0.2241508,0.14275408,-0.066742875,-0.09476356,0.6008749,-0.13528481,-0.18821724,-0.0595586,-0.008877478,-0.22338787,0.062118143,0.046862174,0.06325558,-0.09996185,0.12033059,-0.105366215,-0.0018446018,0.012425428,0.013497751,0.12094531
-0.14072722,0.016083702,-0.10305031,-1.9819804,-0.657799,-0.07844338,0.004507133,0.055696968,0.035817623,0.032941263,0.06399123,0.021544965,0.052324813,0.44223613,-0.021579519,-0.41570237,-0.1720337,-0.0006213803,-0.23897928,-0.1284963,0.042775314,0.092693135,0.18448901,-0.67778736,-0.23436683,-0.18266852,-0.1384717,0.009883206,0.11038333
0.041008305,0.056269746,0.04244079,0.34246317,-0.1287858,-0.12671204,0.13642557,0.14560129,-0.30945006,0.086163476,-0.31524134,0.07205934,-0.17308578,-0.6175365,0.010693102,-0.29497567,0.23390251,-0.026893899,-0.19622259,0.019645844,-0.55545235,0.041563597,0.13718736,0.053166565,-0.14568293,0.12080524,-0.08404764,0.010650694,-0.13335952
-0.1648105,-0.24594988,0.03826559,0.289659,-0.21101438,-0.05714514,-0.039147742,0.14198838,0.17983113,0.12456871,-0.8711183,-0.07193164,-0.13026492,0.49223205,0.07403078,0.81087595,0.15199852,0.013945013,0.27248996,0.033581253,0.036468267,0.06614666,-0.128758,0.06821744,-0.118300565,0.08343669,-0.25244156,-0.015100774,0.13441674
0.1503553,0.085962236,0.041126177,0.24769677,-0.48775688,-0.10647128,0.014106843,0.08901633,-0.36107183,0.11788274,-0.5134316,-0.085467264,-0.2325692,0.4676634,0.008679207,-0.14046052,-0.14352669,-0.03950352,-0.3351017,0.029793177,0.08250163,0.06302694,-0.2619556,0.09811768,-0.13237938,0.12186919,-0.13976851,0.0065894676,0.09768836
-0.06477124,0.05504964,-0.051675413,0.22517389,-0.338734,0.6079105,0.02768611,0.18448035,0.054270543,-0.2845677,0.17938986,0.021951277,0.057551455,0.58369416,0.044436723,-0.47155508,-0.28483555,-0.0027988239,-0.273653,0.039010145,-0.22882886,0.1273967,0.061010126,0.170481,0.083104156,-0.14598648,-0.51568264,0.007164212,-0.2830034
-0.16463143,-0.066231124,0.056056302,0.32639873,-0.2626589,-0.0790241,-0.0073092696,0.13639827,0.13494787,0.13611668,0.19001493,0.066869274,-0.11623611,0.562489,-0.15313958,0.1557928,0.17127444,0.014245268,0.28114685,0.03909981,0.043915324,0.05870734,-0.12803508,0.050403487,-0.12708792,0.007370306,-0.20593326,0.064077295,0.1280454
-0.12454432,0.04790926,-0.020964086,0.30337927,-0.30656672,-0.07546248,0.026862359,0.18506886,0.15020101,0.12390992,0.18939133,-0.046737697,-0.10627251,0.5830813,0.05533863,0.09691918,0.2422405,0.014908131,0.2826708,0.035857767,0.041743267,0.060868096,-0.14390269,0.07705425,-0.27403536,0.020908043,-0.22766009,-0.06312341,0.1476982
0.10177952,-0.0047894,0.31147167,-1.9167143,-0.06339943,0.16347447,0.00040852593,0.08703092,0.13352408,0.047335017,0.058808424,0.034060918,0.055095103,0.6062546,-0.16622259,-0.85741144,0.063130595,-0.016897157,-0.14469677,0.054034226,0.03900753,0.03359343,0.036451258,0.14257693,-0.06209938,-0.12768266,0.18617162,0.008249781,0.088438034
0.09025571,0.028719291,0.021004008,0.23915562,-0.3599413,-0.06761044,-0.13758539,0.10925182,0.06309722,0.06248376,0.08686961,0.042550027,0.055847548,-1.9667183,-0.036481895,-0.8476723,-0.5316178,0.019910406,-0.26575753,-0.16154635,0.05448723,0.061119795,0.10492474,-0.58913326,-0.27827355,-0.12757343,-0.5601236,0.00812341,0.17049845
0.09872363,0.082626686,0.055231065,0.35878572,-0.24202466,-0.03323759,0.16093266,-0.3831143,-0.24682127,0.17695935,-0.45999098,0.05907601,-0.052195102,-0.44273666,0.023823088,0.31137773,-0.058586463,0.017408647,0.05315034,0.013503649,-0.3229015,0.039263368,0.15568286,0.1478884,-0.1815689,0.08207461,-0.40670615,-0.0029621366,-0.109946944
0.20923774,0.03087451,-0.03140835,0.1911355,0.55227655,-0.044450074,-0.026903654,-0.49340624,-0.24652179,-0.21800895,-0.495143,0.04133568,-0.13894612,0.60329306,0.017638672,1.1510719,-0.10891713,0.019494195,0.23689733,0.03129061,-0.20052724,0.043431222,0.13115129,0.07027329,-0.06323944,0.17200954,0.30532667,0.022469647,-0.19258253
0.087575585,0.08134004,-0.053227924,0.3423963,-0.34212,-0.035431065,-0.11496876,-0.6779401,-0.23618625,-0.24683796,0.15090421,0.086388,0.13706142,-0.64386785,-0.040982332,0.22489426,-0.15513323,0.021170326,0.12132128,0.018764263,0.068697006,0.053471956,-0.12367082,0.13456039,-0.07469773,0.16979665,-0.34095827,-0.044867802,0.14311714
0.16566452,0.06601004,0.0008409639,0.23794702,-0.4349447,-0.10263676,0.02468012,0.09404133,0.17445597,0.10640589,-0.4356504,0.039934784,0.0662251,0.509989,-0.04842865,-0.4696163,-0.22524577,-0.021102987,-0.2947997,0.030575236,-0.42443374,0.035090424,0.15537141,0.13976975,-0.11451117,-0.15321848,-0.18260147,0.00829341,-0.19622375
-0.2137049,0.04097484,0.030169144,0.2844862,-0.30637106,-0.10627283,0.029305901,-0.3138608,0.037798468,0.15511647,0.085513994,0.0471482,0.07216589,-0.86030823,-0.029528141,-0.29248676,-0.28619534,0.008731989,-0.23017234,0.020973684,0.0800158,-0.39026302,0.1376219,0.12553921,-0.11846401,-0.14270204,-0.18756868,0.0051744194,-0.13157439
0.11370964,0.021117734,0.06422722,0.25626162,-0.23586677,-0.07686971,-0.030038374,-0.48061243,0.19839427,-0.24719054,-0.41124707,-0.14472729,-0.11019543,-1.6319692,-0.09509599,-0.33166623,-0.09751561,-0.022681423,-0.19269364,0.019148108,0.033100612,0.0740233,-0.020254824,0.12572704,-0.12570427,0.15279722,-0.44316593,0.0388486,0.09134442
0.121610075,0.057560362,-0.06910898,0.31516373,-0.09640346,0.41348612,0.019291067,0.11079118,-0.42111272,-0.24248566,-0.36077276,-0.063575596,-0.22997445,-0.8326299,-0.0843554,-0.30500695,-0.12406116,-0.043989576,-0.19184628,0.03325364,0.06406256,0.05714083,-0.22953764,0.039048035,-0.21526942,0.19614677,0.11661413,0.005103357,0.0909466
-0.14198734,0.011057402,-0.029682098,0.27473316,-0.3063151,-0.08236424,-0.039535344,0.15279873,-0.32827032,0.16128291,0.15314382,0.09163993,0.04150381,0.56354856,0.07721001,0.0061428174,0.09110516,0.024650453,0.23753056,0.033094216,-0.2885408,0.062089056,0.12969062,0.0883429,-0.22575118,0.0023460644,-0.18513511,0.008002113,-0.24762234
0.10596374,0.057337105,-0.02112817,0.28129408,-0.42181063,-0.06300636,0.009455322,0.1370162,0.19077274,0.10587794,0.14781724,-0.0837568,-0.13453455,0.62656236,-0.09661728,0.0012265921,-0.08488998,0.0123232985,0.25095108,0.034934785,0.050413087,0.052611504,-0.20786503,0.08904272,-0.095579095,0.03282731,-0.055829845,0.030523425,0.11713075
-0.15309992,0.0137228705,-0.05911077,-1.8187038,-0.49352625,-0.1408291,0.026632473,-0.34527412,0.045900326,0.0840717,0.075229056,0.015346803,-0.09387297,0.47991198,-0.035509393,-0.25954518,-0.061993722,0.0057285917,-0.18873094,0.018522447,0.056021582,0.05054683,0.22011593,-0.61184824,-0.1590535,0.050374992,-0.14124228,0.009381063,0.103499845
-0.16724293,0.027312025,-0.0028915852,0.29536104,-0.34073925,-0.05308588,-0.020478133,0.09608912,0.12824593,-0.42881665,-0.3964724,-0.12894686,-0.1026999,-0.5358844,0.026835822,-0.1691973,0.055869,0.020797726,-0.20025298,0.033801775,0.053398594,-0.4223517,0.12688619,0.046671145,-0.09111908,0.24216567,0.03503721,0.0071644126,-0.1503465
-0.09532217,0.022155842,-0.13415575,-1.8341914,-0.090774775,-0.06967885,0.00488827,0.046882827,0.08841906,0.004852421,0.056516957,0.043509044,0.096956365,0.4989942,0.051063135,-0.78909904,-0.013857707,-0.018921752,-0.19296521,-0.31766847,0.03410764,0.074385054,-0.0151425535,0.118034296,-0.09264323,-0.106290005,0.14822108,0.010264604,0.091330856
-0.112378605,0.04697916,-0.053251334,0.19989097,-0.35012004,0.29749575,0.074796766,-0.43361244,-0.3448353,0.1515987,-0.47245497,-0.09195606,-0.02260126,-1.7646291,-0.04768031,-0.43967164,-0.36761725,-0.02575878,-0.15825684,0.014447711,-0.22828321,0.059958603,0.09274257,0.11749564,-0.2628917,0.06578499,-0.4343687,0.0043186015,-0.089630775
-0.23955183,-0.1607476,0.0022578621,0.165698,-0.37727568,-0.15651873,-0.031248324,-0.41777194,-0.27157295,0.18611197,0.11273043,0.09686621,0.09715575,0.4704959,0.028254068,-0.43233758,0.045500625,0.014900091,-0.30912372,0.0352736,0.10913572,-0.21317579,0.20270059,0.10864956,-0.18699965,0.14511286,-0.037507486,0.001979522,-0.22936684
-0.28886208,0.021598537,0.044227306,0.2085461,-0.9089186,-0.04582497,-0.03306157,-0.40766862,0.19256988,-0.19514039,-0.25206622,0.18141846,0.07252844,-1.506904,-0.10084279,-0.37134355,-0.10475151,-0.01778198,-0.10714409,0.018531095,0.055348754,-0.34139228,0.0292852,0.11195127,-0.102066875,0.2054746,-0.4473756,0.0037327663,-0.07710518
-0.085492834,0.056920078,0.08795886,-2.2912831,-0.244159,0.3241013,0.03418279,0.057963923,-0.21527135,-0.062182467,-0.45095006,-0.062888846,-0.083993,-0.9494775,0.019163337,-0.18841913,-0.38207838,-0.0049826205,-0.08148964,0.015701111,0.034424327,0.060852915,-0.08462883,0.093948945,-0.1643518,0.050158475,-0.34807655,0.015729783,0.09593121
-0.16126147,0.030206377,0.0020283875,0.18597114,-0.4348317,-0.15228936,0.03673857,-0.65247554,0.12959792,0.1452865,0.10742831,0.035088614,0.07252551,0.48817647,0.0023898063,-0.3309342,9.522421e-05,-0.012853924,-0.35476354,0.028191129,-0.3212941,0.065095805,0.10828234,0.14610377,-0.13095517,-0.12076367,-0.17237917,0.006495844,-0.23217544
-0.09393453,-0.0033799983,0.0020664397,0.12785617,0.51750046,-0.052485332,0.01552425,0.12745196,0.0512932,0.08540582,0.0953252,0.02949022,0.027108701,0.5620205,-0.09435025,-0.65199345,-0.39503437,-0.01640026,-0.37811548,-0.46481693,0.039132793,-0.80768853,0.16048388,-0.06703637,-0.15625012,-0.053821586,0.17844543,0.003672189,-0.29135647
-0.1777065,0.016647441,-0.0005469388,0.22840732,-0.42413622,-0.072399594,0.02561828,0.121088535,-0.20275815,0.19584005,0.14425269,0.1383995,0.087219596,0.61434454,0.06984616,0.065925755,0.016685538,0.0052406355,0.21644558,0.0338264,0.053450458,-0.29493722,0.14079668,0.11139639,-0.0031377827,0.027838083,-0.0419799,0.013810105,-0.23493049
0.06925196,-0.2812607,-0.03047224,0.23628056,-0.17951554,0.6915565,0.008210627,0.1906744,-0.3620961,-0.36189437,0.25227007,-0.11577494,-0.10262919,0.47293842,0.024152713,-0.24633229,0.09279522,-0.006326856,-0.26275206,0.0396439,0.05810582,0.08645841,-0.10787153,0.10367696,-0.09987447,0.07397621,-0.35684994,0.025654119,0.13456076
0.0049222386,0.054322418,0.048216667,-1.868346,-0.4257172,0.34592468,0.059807073,-0.16201608,-0.27240038,0.09747653,-0.35987657,-0.14603491,0.01120323,-1.834015,0.075659476,-0.31176984,0.08847113,-0.014513262,-0.080565944,0.0119687375,-0.3364928,0.049829848,0.05551659,0.09129945,-0.19097877,0.15007183,-0.2826903,0.005530761,-0.10375377
0.10934632,0.06321563,-0.038505346,0.21992859,-0.09358629,-0.07115976,-0.0360261,-0.440405,-0.26935598,-0.24212143,-0.3742751,-0.14499992,-0.1387957,-1.5888854,-0.11172933,-0.3080753,-0.14099972,-0.025243679,-0.16739015,0.018229159,0.0318601,0.04747948,-0.011406263,0.12299238,-0.31837186,0.091040954,-0.43366542,0.022866871,0.06433989
-0.14897412,0.042884324,0.014034127,-1.6275827,-0.2871712,-0.041797873,0.041682478,-0.23677789,-0.24803619,-0.06890609,-0.24074864,0.08082714,0.09817976,-1.662527,0.13151652,-0.23842987,-0.3917332,-0.0088307,-0.05899122,0.011414494,0.053156182,0.0339033,0.09101295,-0.540468,-0.20533387,0.15285623,-0.48496726,0.011047121,0.09001379
-0.053493574,0.005563234,-0.042992383,-1.5237931,0.15184402,-0.07757835,-0.046370056,-0.5023637,0.09352802,0.015847912,0.07410442,0.06272853,0.072275944,0.61505413,-0.14126502,-0.10338635,-0.097870015,0.03205888,-0.104960635,0.04411395,0.025042064,0.038194533,0.152875,-0.5940595,0.22685795,-0.0152348615,0.17729737,0.0070123817,0.078782514
0.08870165,0.027762001,0.04884389,0.37016878,-0.29035202,-0.03643569,-0.064132206,-0.7911975,0.17177185,-0.29146394,0.06042105,-0.08957839,-0.07935282,-0.8514144,0.018308785,0.83197516,-0.31565624,0.018644715,0.15726888,0.017628754,0.05847373,0.055863235,0.13508067,-0.7061759,-0.01287085,0.23451485,-0.16559225,-0.00092421746,0.13734813
-0.15160607,-0.12128898,-0.0051005026,0.19814445,0.260686,-0.07508499,0.036635812,0.110537864,0.13685778,0.10322373,0.14016002,0.004798457,0.059323587,0.6747584,-0.16349997,-0.18333463,-0.15656058,0.011414832,0.1988421,0.054336466,0.051434636,0.039845005,0.1654198,-0.56592643,-0.14858462,-0.13924657,0.23319347,0.009447862,0.12128782
0.12319826,0.040646926,-0.0014572457,0.22305188,-0.16080397,-0.11941484,-0.059393045,0.11980833,0.15739116,0.07214023,0.090115935,0.037235096,0.07874645,0.54389805,0.044322893,-0.41959783,0.03147455,-0.0039428454,-0.30375737,0.06435216,0.069173224,0.00096221716,0.16551557,-0.8004274,-0.13522951,-0.14906281,-0.06268211,0.006254174,0.1099215
0.17131446,-0.017070474,-3.513982e-05,0.17928964,-0.28832626,-0.036018092,0.0021687895,-0.46818563,-0.35225567,0.13966954,-0.4695563,-0.08750946,-0.048896432,0.47687152,-0.0034829355,0.88287383,-0.008432005,0.006537077,0.23058124,0.018901622,0.07946262,0.02721215,0.29736927,-0.6967996,0.0055905324,0.21341541,-0.08865923,0.007555433,0.061212555
-0.16858165,0.039523274,0.10867575,0.21814437,-0.7089272,-0.07209038,-0.057922255,-0.43864453,0.14434275,-0.17918867,-0.3631887,-0.11532741,-0.13378127,-1.6380652,0.0481608,-0.21319933,-0.14590977,-0.017959934,-0.13153675,0.01773085,0.037786342,0.056606773,0.05903291,0.12168719,-0.23684733,0.12857494,-0.39838013,0.038780395,0.0761544
0.061739318,0.01593189,-0.08894163,-1.9815794,0.06675815,-0.054591317,0.017769318,0.04732394,0.065243594,0.06654683,0.0553089,0.06393638,0.052543472,-1.8254083,0.04506071,-0.3384641,0.065311335,0.0021259296,-0.14328678,-0.113758266,0.040367376,-0.4835307,0.13153416,0.03886205,-0.28354296,-0.19594856,-0.31285977,0.007372183,-0.11618774
-0.16091976,0.041132953,-0.03844267,-2.5427637,-0.45379743,-0.07096718,0.011313372,0.035892416,0.07116016,0.052089766,-0.5455639,-0.062328544,0.07611693,0.48008615,-0.07518292,-0.060728244,0.014478889,-0.0007200466,0.097464725,0.020299926,0.04940803,0.069275126,-0.1025383,0.09129976,-0.19167897,-0.02945775,-0.19145155,0.017462663,0.121484466
-0.22899355,-0.13213381,0.060527474,0.26023972,0.24031487,-0.043761574,-0.02668971,0.09694838,-0.23202069,-0.24755053,-0.67712384,-0.06908136,0.11350341,0.5399573,0.04012922,0.30596414,0.23199295,0.003791932,0.27718356,0.03438882,0.033821113,0.060470257,0.21947592,-0.4196041,-0.07354188,0.16014303,0.26765645,-0.060307406,0.11445366
-0.17272703,-0.15069866,0.056444254,0.2877109,-0.030049032,-0.08388113,-0.0925032,0.1268344,0.12811992,0.2069285,0.11305874,-0.10561359,0.05465697,0.6776277,0.04022004,0.08786143,-0.14044416,0.007830023,0.25511456,0.049799662,0.04401247,-0.3389299,0.13786595,0.052967366,-0.14190887,-0.097703695,0.22448207,0.0055411905,-0.21949226
-0.053230606,0.07084325,-0.024140578,0.23869705,-1.2019625,-0.02834846,-0.014004128,-0.59503025,-0.26558965,-0.13780825,-0.35207492,-0.059294168,-0.086126715,-1.9249507,-0.055372003,0.6710171,-0.1430369,0.02835551,0.07144618,0.016631847,-0.016062265,0.05212824,-0.05767129,0.106991224,0.0778741,0.097348586,-0.3453884,0.0011721958,0.052059557
-0.080025405,0.038508248,0.0022956603,0.22025383,0.7053308,-0.080520965,0.010584343,0.120166875,0.12753642,0.04839896,0.15612897,0.04457567,0.09621655,0.75404674,0.06893259,-0.13778955,0.039097305,0.006580659,0.18959196,0.06137778,0.020463515,0.05996548,-0.09827614,0.08983989,0.2772312,-0.05047881,0.2195428,0.007344408,0.11812896
-0.22967637,0.01818208,-0.021514267,0.16526866,-0.7001422,-0.14744398,-0.102173276,-0.52654314,0.11111639,-0.2602569,0.11016957,-0.10243099,0.05669843,0.38506973,-0.03282117,-0.3621579,0.14202853,0.015168283,-0.33207494,0.034622733,0.05208026,0.061424553,0.15815982,-0.81964856,-0.1237621,0.123088725,-0.046146985,0.008189932,0.12035768
0.08152401,0.022152757,0.029059999,0.34156847,-0.17997704,-0.06253122,-0.037561867,0.21326596,0.14952552,0.09934554,0.1914762,-0.056570183,-0.13771531,0.579551,0.033309903,0.4915006,-0.16493833,0.0152772125,0.2829293,0.043777473,0.030622717,0.06936096,-0.13110398,0.14839183,-0.07194761,0.15729043,-0.37337798,-0.0024677743,0.13075788
0.10909694,0.028854216,-0.023871982,0.19212806,0.27027085,-0.06879507,0.0031072793,0.16907549,-0.5459891,0.084987536,0.093735225,0.06292564,0.0915303,0.70983315,-0.17510079,0.01795479,-0.015464577,0.04131316,0.2016139,0.047292896,-0.2268061,0.04407906,0.16802332,0.09779917,-0.25875127,-0.009318867,0.20073876,0.005605348,-0.15704958
-0.109179676,0.06891824,0.06499311,0.4102101,-0.18000232,-0.05963999,0.039864983,0.20236872,0.14626779,-0.23879483,0.13878714,-0.04226867,-0.18485539,-0.8520769,0.039333716,0.44109935,0.19333751,0.016227007,0.19290544,0.025507538,0.04116533,0.09426719,-0.111268766,0.061762422,0.0029234388,0.081082515,-0.17220585,-0.04463386,0.16006659
0.06318831,0.021484641,0.09526644,0.32199103,-0.014028242,-0.056245454,-0.061829813,-0.5013861,-0.20261785,-0.3190493,-0.39955962,-0.106804356,-0.1645494,-0.48382747,-0.109158605,-0.16818944,-0.26380157,-0.018732416,-0.21627529,0.018577227,0.06541725,0.06663032,-0.1679388,0.13478027,-0.20351009,0.1668317,-0.42520687,-0.059728373,0.10886961
0.10418128,0.02828145,-0.01473996,0.20431931,0.078916594,-0.07813555,0.019300662,0.1350625,0.106905356,0.05499467,0.072832264,0.04097944,0.059225213,0.6199215,-0.089131825,-0.5098002,-0.029878628,-0.009238216,-0.41041338,-0.3869821,0.04026588,0.08127595,0.19508982,-0.5667504,-0.11797751,-0.10528711,0.156185,0.00689613,0.11532659
0.076018155,0.00920109,0.04241786,0.20942946,-1.0455371,-0.051504433,-0.06319887,-0.38447127,-0.32356548,0.16469845,-0.3858864,-0.08297751,-0.027949277,-1.8840404,-0.049577698,-0.15724482,-0.08457604,-0.026212538,-0.11583119,0.016474558,-0.25999802,0.037287112,0.080186,0.101203665,-0.25969437,0.17316246,-0.36957726,0.008470218,-0.058915865
0.14777066,0.023950735,-0.055627428,-2.2025533,-0.39286762,0.34777308,0.03524814,0.056768544,0.008050921,0.08724861,-0.19748512,0.04518941,0.04422918,0.49594083,-0.06783279,-0.54642826,-0.14513513,0.021000141,-0.13189346,0.026196452,0.07081109,-0.3671476,0.13954,0.09495456,-0.049681265,-0.13387121,-0.11787659,0.007609019,-0.1932533
-0.17115925,0.044400524,0.003298767,0.20388256,0.14989729,-0.10651606,-0.009865444,0.06556245,0.08071788,0.13588263,0.10160105,0.07493092,0.08269613,0.670771,0.098195046,-0.73246557,-0.027282039,0.028123997,-0.22278334,0.14119364,0.04837569,-0.36073574,0.033009995,0.08794674,0.08698572,-0.096704505,0.18476379,0.0025668084,-0.20677292
0.18717246,0.007033122,-0.025323207,0.32632962,-0.04430251,-0.031753086,-0.0507293,-0.6454706,0.1113639,-0.40845552,0.077425465,0.15643774,0.06347211,-0.7221448,-0.101022415,-0.17880355,-0.04579597,0.014141772,0.08887924,0.017271874,0.08264271,-0.4848536,0.106700554,0.12924781,-0.16096815,0.15573166,-0.44800568,0.0043030893,-0.17341243
-0.15145728,0.05012799,0.041365236,0.21963617,-0.87632596,-0.1579035,0.006663993,0.13113871,0.12402074,-0.14518464,0.11000816,0.030684823,0.045782406,0.45101434,0.0529341,-0.42170915,-0.0014487089,0.017320765,-0.37919945,0.045329284,0.049125485,0.066620834,0.11790032,-0.8952363,-0.0761558,-0.13093558,-0.040788792,0.011169482,0.12185622
-0.10962153,0.032751575,-0.018847756,0.20034759,-0.5059147,-0.06866489,-0.0012651962,0.09334742,0.09780195,0.046784326,0.0798369,0.036980305,0.047691904,-1.9406266,0.024203854,-0.83421373,-0.5024814,0.019892238,-0.32320377,-0.17161216,0.0364095,0.08212768,0.083585516,-0.6211717,-0.4551326,-0.14992984,-0.040276125,0.0063441214,0.115368165
-0.12685399,0.059227224,-0.017868027,0.23985706,-0.16016625,-0.09681394,-0.0032825978,0.11824522,0.14843826,0.08527056,0.12202502,0.009442642,0.10174917,0.608195,-0.16071871,-0.36526436,-0.09389505,0.010361556,0.19639835,0.046646,0.03860236,0.047881313,-0.13716635,0.113705784,-0.24717453,-0.14909191,0.17924304,0.0032816897,0.11140505
0.10484442,0.0057454864,-0.006538089,0.18800764,-0.09700967,-0.060296543,0.046145026,0.15537815,0.09689328,0.03989354,0.06840303,0.0308628,0.011314625,0.5938743,-0.10890941,-0.64385885,-0.2882514,-0.00886271,-0.41215932,-0.44460064,0.03308466,0.07721526,0.20877115,-0.61974895,-0.24406855,-0.07284293,0.1561757,0.00689613,0.097718395
-0.1523832,-0.03655196,-0.11718287,-1.8028517,0.6398524,0.19880916,0.031366654,0.12943602,0.08454902,0.029771116,0.08829353,0.031174306,0.017766917,0.6377349,-0.16507629,-0.9010567,-0.16928451,-0.041379455,-0.18314557,0.0429661,0.015592481,0.07005678,0.10521369,-0.6107034,-0.03994393,-0.091442965,0.17981637,0.007564017,0.09492291
-0.10756765,0.02046057,0.08195224,0.22395292,0.1704153,0.47797135,0.010447347,-0.44567403,-0.2835587,0.073227815,0.12698062,0.035139583,0.094617456,0.61688,-0.23023571,-0.37770477,-0.09165242,-0.00562307,-0.17150906,0.070109844,0.076602064,0.04023397,0.180161,-0.7023799,0.24939838,-0.08747011,0.17404357,0.0070191673,0.11100551
-0.08180497,0.06719664,0.06614075,0.31428877,-0.28166524,-0.09431275,0.015722167,0.12405427,0.092285015,0.09704916,0.14211622,0.030456655,0.13508563,0.6116722,0.051594876,-0.30550462,-0.14036597,0.014226496,0.2713939,0.035011638,0.04829347,0.07807305,-0.12661144,0.15846546,-0.124152586,-0.14247799,-0.20271659,0.009644311,0.1429668
0.15292944,0.050169483,0.06516723,0.2479987,-0.37938616,-0.10041299,0.031113809,0.11757802,0.13589673,0.06698075,0.085201874,0.027652368,0.07357491,0.56108946,-0.0076508247,-0.53219306,0.03431282,0.018857835,-0.44779408,-0.18778737,-0.22549947,0.118928514,0.19780122,0.08620087,-0.03178892,-0.15300193,-0.11179344,0.007714876,-0.20116024
-0.110545866,0.019701222,-0.013573179,-1.9406865,-0.19407113,-0.068866506,-0.034755576,0.052965976,0.093288325,0.0588273,0.055652358,0.029745571,0.06431624,-1.6829621,-0.055068765,-0.48890895,-0.029077739,0.015541995,-0.15494736,-0.10485776,0.03386346,0.050836526,0.13390088,-0.41398045,-0.07955698,-0.09704481,-0.0866818,0.009906022,0.09651516
0.10918802,0.07972296,0.060840536,0.2756661,0.39340097,-0.066712245,-0.005631078,0.13838719,0.116080806,0.07063593,-0.76086044,-0.09273029,0.0745682,0.66988647,0.02857834,0.12390536,-0.10835564,0.0075247716,0.18002285,0.05458554,0.045681056,0.0565719,-0.15209281,0.07601915,-0.30699015,-0.001029509,0.20425561,0.002925339,0.0890515
-0.12763807,0.022787387,-0.033827934,0.27534646,-0.24063581,-0.08671819,0.03400802,-0.54170966,-0.2382778,0.09401022,0.061632745,0.03393822,0.12700512,-0.7223777,-0.07196793,-0.2521868,-0.08569605,-0.00618168,-0.14827353,0.017722147,0.10294597,0.038563102,0.20430435,-0.635143,-0.1553225,-0.02103275,-0.04912169,0.005707163,0.103151925
-0.104628965,0.012841217,-0.02236532,-1.5069463,0.117185526,-0.040932056,-0.00914128,0.07464983,0.07050332,0.054561388,0.06219288,0.04876363,0.045788348,-2.0115106,-0.02408426,-0.70251673,-0.12751476,-0.0008335796,-0.12029384,-0.19104542,0.012871233,-0.5132922,0.06691713,0.052847255,-0.14441468,-0.117766805,0.14526595,0.007314494,-0.06210023
0.11296552,0.010889056,0.034911748,-1.8592571,0.14655325,0.30022505,-0.0026826519,-0.2550809,0.07156424,0.043403167,-0.37633008,0.033789508,0.04201979,0.56662565,-0.04272855,-0.4522935,-0.03533716,0.004662152,-0.10616485,0.03789513,0.05698394,0.027427113,0.13993175,-0.6538508,0.11286357,-0.063086346,0.14850567,0.006794867,0.10178832
0.05832061,0.034613017,-0.07054999,-2.5646532,-0.24614622,-0.041115206,0.042854976,-0.46247718,0.10302359,-0.205228,0.0677412,-0.077480346,-0.07486707,-1.1927601,-0.022316864,0.6052207,-0.16448218,0.012142116,0.09009176,0.013013663,-0.109665364,0.05939536,0.11597331,0.06727123,0.0886955,0.106011905,-0.14259642,-0.0026257343,-0.11819888
-0.15225938,0.03472553,0.028224628,0.32266152,-0.34714082,-0.09178046,0.096442565,-0.65623635,0.09293692,0.10396912,0.092838496,-0.09938212,0.037530076,-0.4484369,-0.043694228,-0.31055194,-0.28920835,-0.0074148006,-0.1782726,0.01839883,0.0696775,0.06390711,0.12931004,-0.8164137,-0.15432432,-0.05611644,-0.63450736,0.00047544553,0.13180356
0.081401415,0.023645064,0.077510536,0.24738953,-0.9942711,-0.08589371,-0.07203732,0.16556309,0.1684326,-0.2146248,0.11879317,-0.08811505,-0.056882154,-1.9784129,0.015226386,-0.11913974,-0.11508278,-0.01991866,-0.1890137,0.027488947,-0.17237622,0.08335982,0.03888022,0.09556315,-0.22620496,0.10730837,-0.39221177,0.011016577,-0.11034521
0.0505114,0.005930183,-0.043618396,-1.7461545,-1.0467788,-0.07129353,-0.095332734,0.07186331,0.05845573,0.03577259,0.07599105,0.01982944,0.034711387,-1.8815329,0.0059034196,-0.5232013,-0.3590159,0.017776549,-0.11462992,-0.10710609,-0.18286741,0.046248205,0.074066184,0.087122835,-0.2165167,-0.16204354,-0.3442061,0.00801017,-0.10360125
-0.27573195,0.004400296,0.0039636535,0.24191116,-0.41451958,-0.059678786,-0.053242866,-0.6646588,0.12676594,0.22401439,0.1396831,-0.14581409,0.026644371,0.53740954,-0.012603632,-0.07571083,-0.31385076,0.014843794,0.2014841,0.0264887,0.04773904,-0.44617498,0.114062764,0.122790955,-0.19847785,0.13178337,-0.18838057,-0.0034791827,-0.26061827
-0.040863723,0.07631304,-0.08033208,-2.9040585,-0.19372833,-0.026434422,0.026352528,0.07210671,-0.12169365,-0.19815919,-0.25683987,-0.06576988,-0.022800872,-1.0414661,0.055895537,0.798636,-0.12571156,0.004250927,0.075763255,0.014978826,0.036236502,-0.28276482,0.0522285,0.0962164,0.26821622,0.17423934,-0.31215087,-0.004228437,-0.1151799
0.10476975,0.025896067,-0.013382657,0.19417742,-0.25596172,-0.08919825,0.0174386,0.115730956,0.07743794,0.0476863,0.06390079,0.037309203,0.052141212,0.5821676,-0.019266691,-0.97255474,-0.150255,-0.016071193,-0.40956554,-0.37378803,0.04561398,0.09000377,0.18189862,-0.73072135,-0.35534266,-0.1327948,0.15773642,0.006004021,0.12905364
-0.08107284,0.035750758,-0.015748875,0.23187469,-0.34540448,-0.08599926,-0.14602432,0.07928874,0.07795827,0.060039163,0.09906879,0.030769965,0.054534994,-1.9645612,-0.004561365,-0.8096273,-0.5172594,0.021769334,-0.24999261,-0.14425038,-0.21357578,0.079583265,0.07588663,0.119477555,-0.3096762,-0.16889991,-0.42627892,0.0067497957,-0.15081094
-0.11555878,0.052864257,-0.04781711,0.21010429,-0.0044643674,-0.057017516,-0.08188557,0.12500182,-0.28976983,-0.20408088,-0.3603811,0.09245592,-0.06535672,-1.6854665,0.010527541,-0.29622242,-0.3743607,-0.02773745,-0.22058783,0.020220166,-0.14717561,0.08241942,0.10104592,0.10107305,-0.27109906,0.13781345,-0.40662888,0.008796411,-0.1121578
0.09338395,0.015976314,0.16491085,-1.5975015,-0.43527564,-0.047248688,-0.044105753,0.05089378,0.038074147,0.10436201,0.06462947,0.042014524,0.04743932,-2.0510185,-0.038049232,-0.6349948,-0.30777064,0.0152525455,-0.14681807,-0.12228333,0.05661287,-0.24713676,0.092173755,0.10076926,-0.2219836,-0.13255599,-0.35346228,0.004525125,-0.13474917
-0.16847506,0.044033088,-0.01797035,0.3504591,-0.15273972,-0.08350374,0.1205923,0.24740084,0.07099328,-0.29892734,-0.25947326,0.04811228,-0.22862831,-0.28580585,0.058676656,-0.2224712,0.5969831,-0.0032220639,-0.1914026,0.025512053,0.08131327,0.061947566,0.17572048,-0.44979933,-0.10392968,0.18651965,-0.11060152,0.012851553,0.14272037
0.12061379,-0.13217416,-0.012198773,0.21269377,-0.11831706,-0.038719725,-0.0025101146,-0.63285255,-0.2717466,-0.43175203,0.048841137,-0.12374363,-0.09906824,0.37214193,0.0583282,0.4968474,-0.23353353,0.013979751,0.19881469,0.022789642,0.04449343,-0.27544338,0.16243184,0.11717622,0.10981302,0.09536663,-0.50231194,0.012174555,-0.2669327
-0.16198958,0.024451936,0.08300084,0.26747584,0.0076692402,-0.07634875,-0.002425431,-0.7711569,0.14611222,0.1394011,0.13871732,0.031326327,-0.17855725,0.5791983,-0.08720887,0.018062063,-0.016383108,0.010469888,0.19669613,0.025607882,0.042727113,0.062110845,-0.22361465,0.0623762,-0.19888014,-0.004965134,-0.008887625,0.0032552413,0.111832686
0.08073352,0.06086926,-0.031903353,0.37606788,-0.2823334,-0.046062194,-0.12634808,0.18237886,0.19644354,0.17565937,0.21145453,-0.05367183,-0.03251359,-0.9216157,0.029230736,0.43483272,-0.06839836,0.022823028,0.13894844,0.024941348,-0.22447208,0.04929783,0.119381994,0.12656121,-0.021744061,0.15192649,-0.32137966,-0.0062933504,-0.16001445
-0.21062367,0.038791433,0.016955923,0.25020713,0.0029912195,-0.092976354,-0.020316323,0.11973415,0.085659884,0.16492625,0.12475088,0.060769502,0.052877918,0.5977097,0.053826716,-0.3949677,0.06271856,0.002125973,0.19685805,0.04995861,0.051396392,-0.35953417,0.12581626,0.09304228,-0.29422835,-0.1579469,-0.024428891,0.004174497,-0.25423127
0.084881626,0.06127484,-0.06971909,0.20139796,-0.28295135,0.24320257,0.057407197,-0.45059347,-0.38354662,-0.2596136,-0.5074313,-0.105615996,-0.05997495,-1.7299391,-0.081573546,-0.44234616,-0.33196235,-0.019659774,-0.15571052,0.014288265,-0.22491093,0.058524564,0.05885115,0.11141739,-0.25467554,0.07074126,-0.47660014,0.0076113916,-0.09755638
0.13017479,0.043589253,0.010735321,0.31448376,-0.12815996,-0.10495414,0.072751254,0.123665184,-0.19108433,0.15189968,0.04898941,-0.23710726,0.08903098,-0.8959872,0.03303732,-0.18681173,0.036692403,-0.0072965985,-0.21854769,0.027964076,0.12699185,-0.3324064,0.18777142,0.053703707,-0.09272136,-0.013017083,-0.11273598,0.0057577835,-0.15115471
-0.23287232,0.022320196,-0.012626638,0.1725689,0.6135192,-0.05281067,-0.074928336,0.12854373,0.08946233,-0.16209808,-0.8816842,0.06311563,0.096010424,0.5863745,-0.18546236,-0.15994985,-0.06258273,-0.0071772095,-0.23489237,0.068434365,0.036265288,0.05688146,0.14069793,-0.59070766,0.11261485,-0.031877093,0.21319692,0.010393575,0.12171593
0.12652896,0.035893083,-0.07308632,0.2801687,-0.066660024,0.23644418,0.03561641,-0.4137937,-0.177051,-0.19348817,-0.3446527,0.045995913,0.08925089,-0.77751005,-0.0838974,-0.31310597,-0.19419299,-0.0062781074,-0.0987284,0.026148641,0.11401025,0.018202856,0.1821189,-0.58309406,-0.10948732,0.088896215,0.004795497,0.008939285,0.09689074
0.09145018,-0.16305463,-0.016914392,0.22241645,0.27988052,-0.065935425,0.03173797,0.15540937,0.12091267,-0.22623391,0.12479727,-0.17276864,0.06431504,0.7108516,0.05869009,0.1589824,-0.040666953,0.007957611,0.21782048,0.07214721,0.016236784,0.0742561,-0.13273121,0.07613709,-0.13043018,0.09138193,0.18811896,0.011922045,0.10263491
0.079737246,0.020310437,-0.005799152,0.20877534,0.5606082,-0.10457931,0.04151894,0.18270302,0.1407843,0.03541753,0.09735024,0.032221556,0.06690767,0.68352735,-0.20510618,-0.50216794,-0.15937206,-0.00037574337,-0.27258393,0.10542969,0.0361178,0.064520106,-0.07344274,0.109605595,-0.043763284,-0.07883034,0.21160533,0.007145513,0.106761105
0.1438366,0.02620316,-0.11076105,-2.13713,-0.09182272,-0.09187366,-0.01451929,0.07716974,0.07563392,-0.18212013,0.043598082,-0.18944739,0.08390107,0.51753104,-0.019637797,-0.30238917,-0.13275716,-0.0038461376,-0.1432379,0.03828525,0.047464672,-0.41205427,0.08682878,0.03255642,-0.23586047,0.0115958415,0.17453212,0.005074446,-0.18807729
0.09998764,0.0017549982,-0.060147554,-1.7719666,-0.04488321,0.2721839,-0.014152493,-0.47883934,0.06733516,0.05820075,0.038205814,0.06218221,0.02675284,0.5871728,-0.13506581,-0.5262671,-0.174583,0.019884458,-0.1007086,0.05699255,0.026995385,-0.35908756,0.112000264,0.094406664,-0.27890575,-0.12075608,0.1403798,0.004400716,-0.14790748
-0.032905106,0.048782986,0.0104214875,0.21672408,0.20193532,0.6386389,0.0034818908,0.15086657,0.17336217,-0.124652736,0.16544202,-0.10476109,-0.112474784,0.68736875,0.13683213,-0.2054981,0.015543599,0.013841109,-0.19735017,0.1328712,0.028174048,0.100945085,-0.04471591,0.11785301,0.13614826,-0.044697892,0.19830672,0.011543088,0.11595931
-0.09588613,0.03126104,0.00538764,0.18655351,0.70912063,-0.1244999,0.02477113,0.15558061,0.13116947,0.033923287,0.10384467,0.026896318,0.034129836,0.69531125,0.1035127,-0.5026727,-0.13697463,-0.0143289715,-0.31011632,0.08693917,-0.17663643,0.08360404,0.0549463,0.09692926,-0.056785367,-0.06956594,0.18719375,0.0056800526,-0.22412398
0.07248155,0.025550425,0.0060936944,-1.8898243,-0.262121,-0.055205263,-0.0019140616,0.06432922,0.075624235,0.054419786,0.045166016,0.032079164,0.059024617,-1.8388095,-0.03493048,-0.67554945,-0.1044186,0.015033792,-0.16282839,-0.09721755,0.038092334,0.074275225,0.1490175,-0.43734258,-0.29089144,-0.13625193,-0.08866273,0.009479844,0.102755785
-0.08835151,0.06509348,0.051284607,0.30789414,-1.1317275,-0.06300792,0.0052335938,0.25705233,0.12614927,-0.22521383,0.17637646,-0.03130964,-0.17060663,0.4875818,0.022305934,0.24949059,-0.30409938,0.013857107,0.21635017,0.03516715,0.009344053,0.093752965,-0.08728856,0.1322946,-0.07110017,0.08644923,-0.35782453,-0.037310485,0.17120005
0.08511526,0.019130198,0.030167386,0.29413536,-1.1543146,-0.04581827,-0.026420668,0.19116187,-0.3335569,0.22694087,0.14071362,-0.14037378,-0.05119132,-2.142073,-0.01998898,0.4516027,-0.15360376,0.022125006,0.09302098,0.023607463,0.0075354627,-0.3303448,0.08595429,0.09434643,-0.19252372,0.08360922,-0.3185848,0.012632322,-0.14903688
-0.18740305,0.04026454,0.012742291,-1.8636272,-0.14831677,-0.050734594,-0.03622167,-0.1782651,0.08984711,-0.09871969,0.03862469,-0.16350444,0.06705933,-1.7245561,0.17943007,-0.24115972,-0.16953473,-0.0035376209,-0.08286427,0.015504145,0.040736724,-0.32236853,0.037400797,0.09991114,-0.07212668,0.15391022,-0.31508857,0.00429188,-0.08178528
-0.15536766,0.049950927,-0.03089052,0.34427524,0.09437629,-0.041841045,0.016333403,0.1359929,0.15616135,-0.21909024,0.1312349,-0.0125261005,-0.14151202,-1.1019514,-0.124362975,0.6185307,0.0034194642,0.008589149,0.15682502,0.04103414,0.035067473,0.073217735,-0.17469664,0.046696372,-0.019043373,0.06727077,0.19853622,0.020591537,0.11205927
0.12558673,0.027005166,-0.009816704,0.32438117,-0.26321372,-0.040345352,0.07318379,-0.66852903,-0.16649391,-0.33655876,-0.21716708,-0.14007154,0.084153645,-0.3626868,-0.05244015,-0.014838692,0.22797613,-0.0077895164,-0.1592787,0.0157466,0.13476261,0.062314115,0.18966804,-0.55080795,-0.06637514,0.26629254,-0.061949037,0.010797146,0.12620002
0.13253927,0.0458601,-0.0061436845,0.20113704,-0.36428145,-0.10569971,0.0077203126,0.11343756,0.13633558,0.10345894,0.07982371,0.017866585,0.06367452,0.5737501,0.0049489336,-0.7538503,-0.27052775,0.020888643,-0.4769682,-0.18986623,-0.18791035,0.107803054,0.21018417,0.12862833,-0.2903389,-0.12603766,-0.15869083,0.00631817,-0.20134406
-0.10899535,0.030035915,-0.0061146263,0.26710817,-0.41741827,-0.066624366,0.041705895,0.11796413,0.052309893,0.07535922,0.057429057,0.027505439,0.07619913,-0.82691014,-0.09172887,-0.8901867,-0.1411546,0.017331965,-0.31356287,-0.13788857,0.04718841,0.10748309,0.18085545,-0.6099144,-0.37997982,-0.19607815,-0.11916272,0.007382365,0.13913132
0.041362144,-0.29667068,0.08539457,0.30856684,-0.47983977,-0.055835858,-0.007231603,0.22670084,-0.29429922,-0.18495466,0.24199624,-0.07932922,-0.13603978,0.48637128,0.018235061,0.99085826,-0.18187743,0.018038036,0.31621695,0.037218038,0.04056487,0.059653543,-0.120295115,0.11276816,-0.094342336,0.09542794,-0.36982584,-0.005548594,0.11693884
-0.18038009,0.06793721,-0.005189093,0.20112908,-0.23176163,-0.10818843,0.05614741,0.1219784,0.10902446,0.09934159,-0.45884138,0.038004242,0.14909388,0.4460503,0.07686247,-0.2907138,-0.053182308,-0.004905718,-0.34764722,0.035516083,0.061089613,0.0778161,-0.13851939,0.15244848,-0.12016328,-0.15279077,-0.2428275,0.0075255027,0.1283891
0.12956801,-0.12357591,0.014989997,0.20003176,-0.5461458,-0.038205296,0.028145745,-0.28227994,-0.30551076,0.18633294,-0.3484072,-0.1964312,0.03883229,-1.9480187,-0.092875384,-0.43623173,-0.102829345,0.009161077,-0.16927738,0.017046342,0.07434862,-0.22114576,0.11418436,0.07983831,-0.14608672,0.09337002,-0.40558577,0.008393883,-0.09467358
0.12662508,0.046795387,-0.012451503,0.20591676,-0.28319582,-0.15260313,0.019814463,-0.3910889,-0.2243054,0.12877925,0.093872,0.048881285,0.14777291,0.5090918,-0.061865162,-0.22174598,-0.036919236,-0.035193786,-0.33310977,0.021901563,0.112185396,0.032212574,-0.2649074,0.14524542,-0.14331076,-3.1015137e-05,-0.15660666,0.0056785704,0.1023739
-0.07977347,0.029224955,0.0009517198,0.2169586,-0.2653403,-0.060776778,0.058026623,0.10949811,0.11985172,0.0648321,0.084348805,0.03463745,0.04645415,-2.0058029,-0.004034791,-0.57146305,-0.21938501,0.019881662,-0.2890881,-0.14319052,0.028760219,0.106552064,0.12396543,-0.43903986,-0.1855398,-0.1423657,-0.46341145,0.006153371,0.16065599
-0.06602223,0.05033853,-0.008234968,0.258202,-0.26626754,-0.086031064,0.04504936,0.13238542,0.08341869,0.0725677,0.063363284,0.022766907,0.08202842,-0.94812983,-0.055242218,-1.0026116,-0.10833449,0.017738776,-0.31294355,-0.13138092,-0.18062401,0.10748262,0.13501348,0.051217906,-0.2689129,-0.1577515,-0.13463764,0.0061068055,-0.15482017
0.06906965,0.042837836,-0.058330905,0.28277293,-0.23659542,-0.061214205,-0.033444952,0.19815658,-0.3152663,-0.2059507,0.12777981,-0.080476224,-0.15251303,0.5243867,0.037726708,1.02656,-0.17687847,0.022694027,0.3375329,0.038648818,0.024148645,0.0606544,-0.15107824,0.1103318,-0.12683277,0.13691615,-0.15741885,-0.0035366726,0.10844683
0.073186584,0.09583045,0.052895255,0.32437667,-0.32722467,-0.054583076,-0.06121192,0.2507271,-0.27492106,0.10540244,0.22574511,-0.06154559,-0.15015386,0.58172435,0.027297083,0.9731997,-0.16510075,0.021341637,0.29239696,0.03775992,0.050299846,0.045725755,-0.12308439,0.14266384,-0.060461752,0.09562428,-0.35311615,0.0059233387,0.11872538
0.120542385,-0.1861892,0.0025781873,0.17434993,0.08743232,-0.065949164,-0.020864286,0.16052562,0.1617842,-0.22719179,0.08980072,0.035565812,0.07650807,0.69224596,-0.12578073,-0.14410335,-0.025386862,0.012268024,0.15150246,0.061440744,0.021033527,0.061711174,-0.1262877,0.08379486,-0.13739271,-0.08422433,0.18048073,0.010770685,0.10533315
0.17089982,0.056979723,-0.014274282,0.13720563,0.13561,-0.09015379,0.0057374462,-0.7095534,0.13775077,0.11104405,-0.3713488,0.042998906,0.08646859,0.5484721,-0.08614221,-0.45356154,-0.1227312,-0.008843727,-0.17226504,0.06458707,0.066546835,0.017841808,-0.1458796,0.08729669,-0.25952393,-0.0056545376,0.16018409,0.0011603744,0.08659787
-0.086785674,0.02308773,0.18406743,-1.3903278,0.8675043,-0.060718805,0.0391562,0.14261544,0.1226729,0.096587256,0.07507288,0.0658274,0.11893492,0.7254295,0.108339496,-0.029099695,0.20629111,-0.023764307,-0.15643996,0.06249592,0.020732438,0.07007932,0.02427833,0.117959924,0.10356909,-0.0007684599,0.23673896,0.009095459,0.099569865
0.06664,0.030962324,0.014556391,0.24743104,-0.10536638,-0.10310668,-0.1274537,0.08945947,0.10358437,0.054020327,0.08255869,0.06689667,0.07702582,-1.8263657,-0.008548835,-0.64727926,-0.53578186,0.02039185,-0.2558824,-0.19356029,0.044849887,0.06559845,-0.009745147,0.1263218,-0.2268264,-0.14530677,-0.42635676,0.006654441,0.15583053
0.12421297,0.03632093,-0.033828724,0.31559613,-0.39345062,-0.04578045,0.072448365,-0.45163074,-0.25845447,-0.4378226,-0.29966474,-0.11913315,-0.1270865,-0.47697565,0.036797673,-0.11352454,0.17886616,-0.024787161,-0.18449943,0.016398791,-0.5418445,0.059338782,0.096342,0.046759088,-0.14946711,0.22332399,-0.07776492,0.013185252,-0.14854465
0.20846094,-0.16792443,-0.030082857,0.24822213,-0.2790695,-0.043805573,-0.059837364,0.09693605,0.1620678,0.1099767,-0.8221401,-0.07718075,-0.097651444,0.55446523,-0.13864128,0.6974794,0.13976434,0.015077838,0.21851626,0.03388844,0.050465737,0.048338525,-0.14804785,0.06605908,-0.14419515,0.0992446,-0.2128295,-0.012530788,0.13253348
-0.050339777,-0.14556527,0.011779215,0.21546407,0.26937515,0.6855449,-0.017690592,0.11552343,0.13928582,-0.14458856,0.16988228,0.032391723,-0.14423962,0.6831962,0.16998073,-0.18292582,0.12755789,0.015491641,-0.1782953,0.13272363,0.02533866,0.09283448,-0.030608347,0.09643921,0.1378301,-0.0223751,0.21100338,0.012959278,0.12633303
-0.09184272,0.046585556,-0.016341157,0.24477834,-0.07705123,-0.08336358,-0.007654339,0.1379008,-0.2747282,0.09058307,0.13167676,0.042711552,0.16972715,0.62251157,0.09691653,-0.12919366,-0.042150494,0.025623726,0.24468033,0.047076225,0.06900938,0.05035922,-0.12555124,0.12151576,-0.084063955,-0.13279788,0.18116486,0.0029960289,0.10930517
-0.16008015,0.005387998,-0.015105184,0.19836213,0.6135183,-0.05609456,0.046796847,0.16804323,0.091753766,0.044963993,0.107361086,0.023939151,0.023058271,0.59715223,-0.13085912,-0.675925,-0.20000625,0.003977848,-0.36105248,-0.25618514,0.03621492,0.09502116,0.16537002,-0.5594726,-0.019005585,-0.05980202,0.18429478,0.0073695867,0.11725225
0.13170242,0.035487432,-0.00137617,0.29959378,-0.07037788,-0.063170634,-0.069541164,0.10948801,0.008386958,0.14485607,0.07787337,0.0461346,0.054165248,-0.79390526,-0.05591401,-0.82616025,-0.37554663,0.011721948,-0.24770446,-0.15895371,0.08830885,-0.38197777,0.14600174,0.116483256,-0.17608048,-0.1717773,-0.4632601,0.0063380045,-0.18663746
-0.042549256,0.032643117,-0.053059295,-1.9059865,-0.97564787,-0.026395116,-0.008825928,-0.34102526,-0.20824547,-0.21057591,-0.23320027,-0.06390963,-0.032954466,-1.8326024,-0.059569977,0.36185142,-0.19662002,0.014341233,0.04173814,0.013347498,0.0055808495,-0.22210564,0.049758874,0.080959484,0.096952386,0.12011384,-0.30443653,0.0048160315,-0.06310083
-0.16934091,0.025955476,0.04268564,0.29832447,-0.479792,-0.07538427,-0.013772816,0.14936619,0.09376631,0.14066353,0.1541899,0.04138744,0.018569026,0.5270194,-0.12872589,0.07847942,0.24887668,0.01782307,0.22709635,0.03487758,0.06206295,0.058626022,0.12665741,-0.7429416,-0.13869914,-0.1125916,-0.20079741,0.03732537,0.12900208
-0.1246811,-0.12488123,-0.0039596334,0.28389516,-0.14794433,-0.07291425,-0.023843786,0.14292935,-0.27842695,0.105455875,0.18121652,-0.12218046,0.11554182,0.6053242,0.05575249,0.10236916,0.08175997,0.022434615,0.29141128,0.036672827,0.06276742,0.07202951,-0.121802665,0.099204674,-0.15705104,0.08811891,-0.2031504,0.04312558,0.1445927
-0.22463076,-0.008095676,-0.02146862,0.2340234,-0.06888718,-0.05063854,0.049682472,0.18103708,-0.20658468,0.13135418,-0.6504686,0.059907764,0.062009044,0.4589828,0.02516375,-0.1805676,-0.2546653,0.013173285,0.17001,0.020816118,0.044615097,0.048408195,0.11336622,-0.9646133,-0.3225897,0.06786278,-0.7044459,0.010278056,0.11615135
0.023940608,0.030144144,0.021851817,0.31833273,-0.34163195,-0.08858625,0.06611925,0.11246244,0.07970976,0.0647142,0.08632653,0.0233288,0.032931995,-0.78680074,-0.077503815,-0.60049224,-0.27732456,0.019855775,-0.2911138,-0.14942928,-0.2711718,0.11045292,0.11605589,0.110603325,-0.2952545,-0.17684211,-0.40314287,0.0065920367,-0.18534198
0.04618213,0.040696662,0.0797953,0.26238033,-0.37121838,-0.082631335,0.018990383,0.10931106,0.07803859,0.056848712,0.069097295,0.02253053,0.07005431,-1.1742071,-0.12469821,-0.8547229,-0.69602454,0.01726189,-0.34402236,-0.19180952,0.043892156,0.089442335,-0.16678448,0.0948174,-0.30067062,-0.18811001,-0.1629273,0.008862592,0.09477264
-0.060261417,0.020100044,-0.067772046,-2.0945625,-0.52510303,-0.07022847,-0.1158448,0.08168287,0.04306044,0.05434716,0.08767285,0.021185843,0.032788835,-1.0439649,0.025412768,-0.5089278,-0.19011281,0.010460356,-0.13780503,-0.10907271,-0.22086693,0.06858375,0.112097755,0.10910919,-0.1248047,-0.17530218,-0.3507772,0.007518609,-0.13828269
-0.21452904,0.044122938,-0.017826583,0.22842279,0.36009255,-0.06004697,0.0017371033,0.1286336,0.19385532,-0.23182088,0.17246,0.0021003785,-0.13315532,0.6374654,-0.17552735,0.4991325,-0.13944054,0.00836148,0.23858665,0.052462064,0.035756808,0.061766993,0.15736695,-0.5522117,-0.16016753,0.103126,0.26534095,-0.005032333,0.120050855
-0.09523416,0.034937147,-0.0023461713,0.22625045,-0.4892452,-0.088601016,-0.12774263,0.078768246,0.07453296,0.061915144,0.09407418,0.033252113,0.039711572,-1.9833905,-0.03945654,-0.8952388,-0.4397841,0.021092385,-0.27583066,-0.15856083,-0.19323902,0.095091976,0.049765516,0.11615697,-0.3210532,-0.15237355,-0.40697035,0.007176148,-0.1637183
-0.070229895,0.059205763,0.017099554,0.24877302,-1.2836313,-0.025613854,-0.008504876,-0.5204293,-0.27909315,-0.2694959,-0.28997704,-0.06359882,-0.052234188,-1.8446231,-0.07207584,0.49098715,-0.17788771,0.024948858,0.056051474,0.016159318,-0.015630439,-0.27171788,0.05770676,0.10168954,0.13749981,0.11194357,-0.36541012,0.007919815,-0.08453463
-0.092798255,0.038581733,-0.03415611,0.21407893,-0.34677583,0.43459824,0.0479176,0.08903716,0.071273394,0.09391661,-0.7442033,0.009694181,-0.24484228,0.5156892,0.1201169,-0.3519065,-0.31131452,0.0026514106,-0.277846,0.037585884,0.044912957,0.07115839,-0.15743914,0.13873804,-0.057502396,-0.12402297,-0.26953587,0.013496594,0.122846946
0.08215323,0.0013892299,0.05698088,0.3866631,-0.11838977,-0.048096295,-0.07890208,0.21263453,-0.07115427,0.15330814,0.09950525,-0.08968498,-0.11915622,-0.90033793,-0.0700358,0.58355975,-0.4299468,0.011444972,0.16618012,0.022515254,0.06989617,0.024479646,0.13335526,-0.7916748,-0.056432128,0.11936928,-0.5456002,0.0020980784,0.115931384
0.05179712,0.032673147,0.0076559256,0.311242,-0.22601053,-0.08496526,-0.11738141,0.12272233,0.066729166,0.053180765,0.04537424,0.02938887,0.12372107,-0.9123206,-0.08010005,-0.7532451,-0.33345118,0.017522873,-0.2935761,-0.20875949,0.056947924,0.054856703,-0.22366166,0.09297394,-0.097290784,-0.19144146,-0.13120884,0.009236556,0.11214324
0.29953313,0.010919372,-0.0034673705,0.26453432,-0.2725369,-0.043021306,-0.04134486,0.09590809,-0.20422402,0.17954999,-0.5706941,0.1281318,0.0799754,0.53195786,-0.032859143,0.056201242,0.17156342,0.0076254043,0.13195702,0.024670186,0.09963436,-0.20869464,0.17299186,0.086090736,-0.19910033,0.13487422,-0.17189038,0.00863886,-0.24720919
-0.11964426,0.009555651,-0.0019646077,0.21726052,0.5127892,-0.048405953,0.031881087,0.1276129,0.117006496,0.03784556,0.08107259,0.033496138,0.0179665,-2.2534347,-0.08533668,-0.86312246,-0.44260064,0.0027247027,-0.21259229,-0.19989559,0.021931654,0.07693512,0.12088738,-0.45040533,-0.37006623,-0.08248628,0.1566125,0.0058893734,0.09658509
-0.09686796,0.06277123,0.105564274,0.2818171,-0.16583334,-0.11027032,0.03374763,-0.44051588,-0.22207324,-0.20550056,0.0893707,0.07883322,0.10160998,-0.695304,0.005998523,-0.34597537,-0.21034645,-0.019644547,-0.22301334,0.0164492,-0.5318598,0.07250492,0.12801528,0.08708407,-0.10947337,0.085649826,-0.15218905,0.009404099,-0.13437584
-0.07817158,0.010502879,-0.092302226,-2.3532188,0.11188061,-0.056882583,0.037394397,0.109905444,0.061425947,0.051409997,0.089562826,0.028344737,0.05892824,-1.0517777,0.0061541493,-0.07143894,0.21261929,0.008951402,-0.13165765,-0.0983275,0.036374178,0.08194852,0.16150871,-0.38686973,0.03856699,-0.15144998,-0.36528695,0.009586143,0.12832652
-0.12072699,0.08825239,0.0635053,0.26812175,-0.2354018,-0.04955418,-0.031999435,0.15563564,0.30262795,-0.16042829,-0.6408075,-0.06454095,-0.12653764,0.47805786,0.066127524,1.2915231,0.062023863,0.015632883,0.2942888,0.03936066,0.042799465,0.048096854,-0.11543628,0.087561436,0.029699907,0.20159325,-0.069025874,-0.004135265,0.11321451
-0.082969636,0.040772516,-0.029883973,0.2233508,-0.26266092,0.6996931,0.051359348,0.13521914,-0.25220558,0.101788804,0.16179393,0.031477395,0.03961557,0.5516691,-0.16875772,-0.39841825,-0.1660715,-0.005645232,-0.2769041,0.032323323,-0.2787456,0.08571628,0.12966807,0.13284071,0.10374352,-0.11266426,-0.1289475,0.0054632784,-0.23521322
-0.07624326,0.056692652,0.024974339,0.26182345,0.6340562,-0.07346388,0.0057025766,0.11299646,0.13999535,0.049905624,0.15196972,0.03356984,0.10239623,0.7499804,0.062135085,-0.09943546,-0.112927556,0.00568062,0.20721868,0.06127477,0.02147751,0.07142863,-0.09787832,0.08549347,0.12410277,-0.054327037,0.21840137,0.009727819,0.1167933
0.1402429,-0.12107101,-0.03382476,0.22674055,0.19650826,-0.055719182,-0.06469397,0.07852715,0.1157968,0.08362248,0.066655315,0.069423236,0.08737092,-2.040105,0.028091421,-0.6721291,-0.46460342,0.0154023515,-0.26352888,-0.16253021,0.063587524,-0.4243639,0.11800641,0.09243205,-0.32760948,-0.17770933,-0.44581136,0.007884587,-0.13361879
0.07825229,0.037877735,-0.0021344465,0.22783616,0.8166006,-0.067813665,-0.00092413864,0.16953011,0.18289058,0.069619104,0.15069862,0.052030656,-0.140499,0.7409759,0.05572236,0.27429992,0.07687248,0.0068038097,0.19087307,0.06382014,0.014436911,0.050944008,-0.1354069,0.08362919,0.17354114,-0.051452234,0.23461114,0.007784868,0.0981198
-0.10826752,-0.17041926,-0.0015054279,0.18107249,0.30954212,-0.08334423,-0.035733454,0.12921955,0.12208982,0.09049872,0.12745512,0.028874075,0.057614565,0.7017279,0.07558507,-0.17030253,-0.10910466,0.0118354615,0.16625533,0.056498535,0.032052875,0.046099965,0.15246305,-0.55962694,-0.20079985,-0.15167263,0.21979435,0.004952828,0.120363906
-0.072428435,0.035445254,0.013713361,0.20933986,-0.3819638,-0.07981583,-0.14282075,0.081659235,0.09435123,0.072339244,0.096951075,0.028272301,0.044140678,-2.0023224,0.024606803,-0.6360011,-0.44928905,0.022311583,-0.26260644,-0.1494208,-0.18315352,0.09245784,0.07823257,0.12440051,-0.30771542,-0.14142013,-0.4338791,0.00524725,-0.15666325
-0.1364307,0.08903566,0.010652364,0.23304676,0.16185962,0.43338928,0.049482152,0.13532232,0.08821302,0.04610214,0.12143725,0.036158524,0.0012033836,0.65547144,0.09737864,-0.76040274,-0.11527866,0.01799716,-0.26151586,0.11760647,0.037988342,0.084895454,0.088823944,-0.6925033,-0.074677385,-0.046023235,0.17902721,0.0075678052,0.12808837
-0.06965156,0.0041356552,-0.05376931,-1.7188488,-1.0449077,-0.062631965,-0.1043892,0.070599616,0.05080252,0.03864028,0.07367859,0.021287384,0.035033967,-1.8258327,-0.0012481943,-0.56427526,-0.35339066,0.016749576,-0.119718514,-0.106909595,-0.15586369,0.052482635,0.06121608,0.094419286,-0.26322335,-0.1563494,-0.34305274,0.008166043,-0.10116477
-0.09749314,0.07503753,-0.07502029,0.39116946,-0.22741039,-0.051395085,-0.07334677,0.18465996,-0.33727077,-0.23543777,0.11377812,-0.080405496,-0.15582256,-0.9612928,0.057688188,0.87225723,0.098809086,0.023222601,0.2076889,0.026095826,0.051191986,0.07963446,-0.099790804,0.0629255,-0.07807831,0.13350447,-0.15051524,-0.010347455,0.14871158
0.16987062,-0.18325596,0.012974597,0.30035198,-0.27954593,-0.03957931,-0.09590725,-0.31153136,-0.23601867,-0.33926088,-0.300509,0.18514198,0.06707197,-0.36258417,-0.12031891,-0.51180476,-0.32291955,0.00056912535,-0.14760223,0.017246243,0.12880684,-0.25343785,0.16286582,0.09826335,-0.116832554,0.23799522,-0.44732204,0.019365154,-0.11752546
-0.10642429,-0.11756793,-0.016666345,0.21666466,-0.17953773,-0.072822146,-0.06254919,-0.67597586,0.17773667,0.178387,0.16012277,0.04856888,-0.18091185,0.5788943,0.024334857,0.1500491,-0.05981582,0.0105375815,0.22922148,0.027434578,0.04726402,0.054624498,-0.19221494,0.074752554,-0.12851207,0.007468909,0.014425864,0.036090594,0.13089395
-0.07803104,-0.12852418,0.05950425,0.2933349,-0.08786108,-0.08686268,-0.08815337,0.14617327,0.13416302,0.120448545,0.14271727,0.06679224,-0.20480232,0.6479494,0.052420624,0.10061781,-0.04136879,0.008185634,0.22691251,0.051184934,0.024563603,0.0453088,-0.22080843,0.07530799,-0.19468902,-0.15121058,0.21511947,0.009555683,0.10182916
0.048714556,0.12801707,0.0676951,0.36492735,-0.31147805,-0.024941107,-0.028750783,0.10858707,-0.3718025,-0.29490086,-0.4695866,-0.098025605,-0.03930713,-1.309671,-0.077545814,1.1527395,-0.054143,0.024196574,0.12646337,0.02092516,0.000871335,-0.27542788,0.03312475,0.10363961,0.26424304,0.14619748,-0.4017503,0.0020914057,-0.1584768
-0.10929486,0.057835974,0.07657037,0.28558677,-1.0071396,-0.062962085,-0.038052216,0.2144442,-0.31326562,-0.29396945,0.1721422,0.05298703,-0.14099316,0.51908225,0.038972,0.3169823,-0.21397589,0.020559113,0.22013636,0.032650433,-0.11792401,0.08727032,0.12796465,0.12740208,-0.047737524,0.059439637,-0.35194007,-0.0504006,-0.2715371
-0.14555034,-0.0068307933,0.0074037593,0.23638506,0.03830922,0.3362588,0.010725319,0.1605806,0.12455829,0.054090794,0.13130924,0.03507089,0.05275594,0.63344806,-0.2379846,-0.7795466,0.007932125,0.010724059,-0.2221479,0.13010173,0.0286679,0.096796945,-0.047245998,0.12493537,-0.087661006,-0.10736405,0.19619341,0.008117205,0.109077044
0.09265463,0.041723367,-0.018412404,0.20502365,0.7102041,-0.049129054,0.0010490282,0.17682354,0.15768395,-0.11983817,0.14438942,0.028509071,0.11840889,0.7340802,-0.16839272,0.07147824,-0.03128731,0.010339527,0.17172727,0.05932772,0.0144476285,0.07849752,-0.12330661,0.075044654,0.17904209,-0.031590026,0.23318964,0.008550192,0.1113516
-0.2336601,0.033761915,0.0015962281,0.16388072,-0.1252481,-0.09703451,-0.0019532787,0.09141487,0.06511152,0.11341302,0.08888032,0.04623147,0.06510071,0.4896619,-0.017800447,-0.73652315,-0.17096794,-0.026105475,-0.44019502,-0.42010432,0.048881132,-0.60206443,0.14404362,0.11555904,-0.5474848,-0.06448776,0.17049104,0.0042951335,-0.19263805
0.09212622,0.05936482,-0.004268188,0.18357138,0.15185273,-0.08669651,-0.07180585,0.13840073,0.18477431,0.04617861,0.09431519,0.07018868,0.064931326,0.6590903,-0.11497753,-0.29181468,-0.05352127,-0.0034389675,-0.21729442,0.13023649,0.042596005,0.024533657,-0.13407597,0.095668145,-0.022053659,-0.080678955,0.19959062,0.007920618,0.08770204
-0.10389178,-0.069396704,0.025176238,0.23160706,0.28370646,-0.07366552,0.024556626,0.15197757,0.21380103,0.11473121,0.12467115,-0.06967231,-0.09450196,0.6686449,0.06807188,0.5888775,-0.12562704,0.0033589979,0.22820306,0.072608516,0.020067621,0.04468985,-0.1424925,0.089724824,-0.070971966,0.05867617,0.19155562,-0.009896708,0.09388333
0.15695228,0.026858795,-0.028741227,0.19975384,0.30317268,-0.044110183,-0.07256954,0.15917875,0.119906895,-0.16178353,-0.6485466,0.090792336,0.09671427,0.66157985,0.04129983,0.2906822,0.012678221,0.0097303195,0.17996725,0.057124756,0.028693844,0.05383262,0.15122467,-0.62070847,-0.03500341,0.101123326,0.28023714,0.008094768,0.11148825
0.06395168,-0.03266195,-0.0013128489,0.2244487,0.4941629,0.30585894,0.03873097,0.14020845,0.10809314,0.039508946,0.09910399,0.040939264,0.05479474,0.6714785,0.07352504,-0.7850602,-0.17916127,0.008711715,-0.25635794,0.08826856,0.03425602,0.08741742,-0.018722817,0.10616331,-0.07934813,-0.13601467,0.20212935,0.008776409,0.12864174
0.09186045,0.043827817,0.0076874946,0.25452307,0.057137504,-0.06460212,-0.005482828,0.13696805,-0.36311722,0.124050274,0.1298901,-0.16893022,0.09342302,0.6408976,0.05990803,0.21728669,0.09375687,0.024139246,0.2582324,0.03724075,-0.25191042,0.06135812,0.11957081,0.057707623,-0.14141807,0.023651248,-0.090489104,-0.0020431876,-0.22413784
-0.12528855,0.072874166,0.11533969,0.4050942,-0.0686402,-0.05092923,-0.08879841,0.16373202,-0.28675404,-0.109308615,0.15850921,0.04128069,-0.20001979,-0.7107088,-0.04801023,0.27075866,-0.06906526,0.021388147,0.1875134,0.024665901,0.06115275,0.069598064,-0.064457476,0.12885806,-0.101995,0.111153595,-0.28325275,-0.059890732,0.1400416
0.08669264,0.04129688,0.0361866,0.24308504,0.29857564,-0.076372564,-0.0054524997,0.18220365,0.23200645,0.08219395,0.098911375,-0.07750958,-0.039581805,0.70965725,0.038788304,0.35284042,-0.040719174,0.0068584983,0.21992251,0.067256406,0.015324285,0.049333915,-0.14635442,0.079234876,-0.055783506,-0.023119226,0.20157033,-0.0018913232,0.090061314
0.1427011,0.0027921956,-0.00859517,0.2285137,0.064306125,-0.062280558,0.0052409763,-0.834032,0.06473045,0.20649302,0.10004801,0.08132488,0.05547685,0.59741926,0.011323083,-0.18369697,0.043073952,0.0113467,0.1357907,0.034366634,0.067501254,-0.26987287,0.16419506,0.10324545,-0.094120115,-0.03970644,-0.012117492,-0.002722459,-0.21232682
-0.051489823,0.003449364,-0.0033884218,0.17714678,0.6919569,-0.048109956,0.046483714,0.17524971,0.09376365,0.043571796,0.10781763,0.024139676,0.024085356,0.6368317,-0.163303,-0.4635683,-0.20691101,0.01236333,-0.3562531,-0.23624924,0.03545297,0.09275802,0.19382362,-0.3671934,0.13174841,-0.0588041,0.18141182,0.0073695867,0.12221918
0.1218382,0.0026466784,-0.040241733,-1.7890685,0.12899968,-0.045806855,0.017730031,0.11024193,0.07802777,-0.0002437293,0.045112263,0.03594112,0.028700901,0.5891413,-0.08180759,-0.44889504,-0.097070456,-0.0009349531,-0.19410454,-0.2222913,0.00794555,0.06565099,0.16034587,-0.44363108,0.04189488,-0.10573033,0.15694389,0.008469552,0.09648476
0.05507293,0.04536098,-0.004349626,0.2197593,-0.5153297,-0.08956005,-0.110591196,0.09518524,0.11617711,0.059463684,0.08744783,0.03780125,0.04547806,-2.02652,0.016870266,-0.9395765,-0.59033936,0.026084397,-0.25806412,-0.14459111,-0.23377758,0.043100227,0.082455896,0.12530024,-0.20528352,-0.15071096,-0.44197744,0.0053341347,-0.1369203
-0.17699262,-0.07441123,-0.0068546613,0.27728018,-0.23258238,-0.058253855,-0.0054526553,0.1527412,0.16516925,0.2701735,0.2062032,-0.098239005,-0.08429505,0.5945138,0.047993038,0.6635917,0.22075056,0.012963764,0.28259027,0.03627557,0.04319004,-0.44362876,0.10538604,0.050693594,-0.087282985,0.082351826,-0.23480466,0.0037531208,-0.27533937
-0.11787262,-0.22008528,0.009721327,0.22425841,0.39381355,-0.07731852,-0.10031149,0.13923529,0.16993184,0.12817785,0.17998089,-0.041486416,-0.10650116,0.70876247,0.078140445,0.45184433,-0.006250527,0.0060988506,0.22517712,0.06403461,0.02697707,0.050334997,-0.139705,0.06825685,-0.05290804,-0.0029246518,0.23580842,0.020524062,0.102986336
0.061598748,0.04319949,-0.027890466,0.21865276,-0.52561873,-0.043838512,-0.07915021,0.050851528,-0.3386076,-0.27060267,-0.46994612,-0.09590796,-0.071932964,-1.7440817,0.009272709,-0.29312798,-0.06887084,-0.02489741,-0.2061074,0.019947952,-0.22405894,0.05649167,0.07172076,0.11091535,-0.29949793,0.1281682,-0.39363313,0.011765226,-0.13308682
-0.20609854,0.03735368,0.002930189,0.18707554,0.23205812,-0.06552672,0.008163613,0.08678506,0.09558869,0.04918248,-0.6456125,0.053388096,0.115112156,0.602041,0.107011616,-0.2318064,-0.03555891,0.011364944,-0.20098603,0.100438654,0.046237253,0.03802918,0.11426333,-0.6415767,0.1808057,-0.103482015,0.21486688,0.006970905,0.11680005
0.09497758,0.021924293,-0.027312493,-1.7223703,0.0024354057,-0.055604193,0.03693425,0.056368984,0.08821155,0.07084081,0.04998332,0.06206075,0.041532136,-1.9648372,-0.040256448,-0.58352834,-0.16638881,0.007721804,-0.112125546,-0.19859584,0.052388042,-0.32415313,0.10341229,0.08428878,-0.43474022,-0.06561333,0.12856407,0.007223564,-0.06795641
-0.1515268,0.058969308,-0.0563368,0.27144578,-0.42231235,-0.04876233,-0.15103592,-0.32361314,-0.2836881,-0.21382256,-0.3717476,0.08053106,0.031085886,-0.30685732,0.06458484,-0.40055436,-0.4219683,-0.016177662,-0.15705013,0.014543924,-0.51967406,0.047815382,0.11034345,0.13419811,-0.1702415,0.2116292,-0.42218038,0.005858231,-0.14086655
-0.07597539,0.011672461,0.033747178,0.20822531,0.22478276,-0.07965574,-0.02798746,0.1804483,0.1579428,0.06288768,0.1152859,0.05387449,0.050915632,0.71656734,0.055010363,0.17878309,-0.0065271314,0.007858343,0.17921717,0.072373495,0.019063842,0.05296909,-0.11496977,0.1195053,-0.10788519,-0.070075646,0.20088063,0.0068699475,0.08932978
-0.058739536,0.04583337,0.07558489,-2.5140202,-0.15251501,0.43430442,0.05140973,0.14208145,0.08778393,-0.1708037,-0.31974253,-0.074276716,-0.14828615,-1.0689682,-0.015317141,-0.069899246,0.16180277,0.0014836292,-0.10704578,0.017915614,0.04009532,0.09477061,-0.11736753,0.05895402,-0.049539283,0.0913324,-0.14842069,0.020307314,0.10762497
0.21925274,0.055912234,0.0052198963,0.27313697,-0.31603354,-0.1488668,0.06068114,0.09446259,-0.32742667,0.20563143,0.08788278,-0.21650133,-0.12254738,0.5038485,0.0032053585,-0.30235934,0.091180585,0.0025896637,-0.37738457,0.039064948,0.10623345,-0.33597872,0.19144915,0.07267737,-0.0525329,0.13101506,-0.10456747,0.0010744913,-0.20480739
-0.14286593,-0.1107808,0.0050056763,0.18430343,0.58171016,-0.10808584,0.016743442,0.17114195,0.14561872,0.047582567,0.1332601,0.045871757,0.07139492,0.6859365,-0.18749356,-0.21092635,-0.10677023,0.0024841784,-0.26453683,0.10382677,0.033968568,0.054371968,-0.041119333,0.1359384,-0.03187425,-0.068032265,0.2181944,0.009016501,0.11379727
-0.13888873,0.003613712,0.3794052,-2.1519222,-0.054095317,-0.06637822,-0.030811502,0.08380119,0.09282351,0.1432131,0.101488575,-0.080213554,0.040716402,0.60187626,0.035080146,0.030752676,0.035651933,0.01608283,0.18222633,0.032370627,0.03882662,-0.37901172,0.11141938,0.08136981,-0.19502752,-0.06911193,-0.0031431385,0.0035037235,-0.21020144
0.07246691,-0.11915083,0.0048289243,0.2105138,0.73705375,-0.08188514,0.0126493,0.11528173,0.12545575,0.046823584,0.14215119,0.0474928,0.09147987,0.75466365,0.051219046,-0.16673951,0.11200134,0.007508058,0.18848492,0.062804244,0.018642928,0.046473376,-0.102766134,0.07735948,0.22532041,-0.062881686,0.21523973,0.010702145,0.10519455
-0.14636327,0.026327062,0.06851044,0.33106065,-0.12296318,-0.06512213,-0.06399334,0.14498189,0.14422569,0.06371194,0.15448584,-0.11165672,0.06198235,0.60279775,-0.09865418,0.15333548,-0.3102554,0.015196942,0.2846028,0.039011564,0.05142568,0.085586034,-0.079985954,0.1530754,-0.12880595,0.03197047,-0.43583852,0.013722116,0.14343214
0.10469981,0.028831488,0.0015169189,0.23653425,0.39526775,-0.06495041,-0.0065341685,0.14173342,0.1626633,0.15956734,0.17614163,-0.047534417,-0.06826073,0.6947246,0.04679693,0.7985507,-0.11714177,0.018048376,0.25462255,0.057262477,-0.19752854,0.04248678,0.11986133,0.08481268,-0.023980763,0.109319076,0.2738638,0.012852924,-0.17954431
0.13190801,-0.07305358,-0.0053223395,0.21768378,-0.42123577,-0.04738479,0.009900089,0.09790756,-0.28296986,0.11238489,-0.7429011,0.11132649,0.1677203,0.55387086,0.023845322,0.07596387,0.14389698,0.01695427,0.17864193,0.033614498,0.05863062,0.031220151,-0.17951119,0.10170664,-0.12167115,0.1580474,-0.0647772,0.016625343,0.09599257
-0.07956663,0.012106501,0.1430475,-1.6644773,-0.49693716,-0.057688203,-0.082240395,0.062271047,0.02940468,0.05658435,0.07079272,0.026158389,0.03774846,-2.0131817,-0.048240352,-0.69119424,-0.25058156,0.017830765,-0.15376519,-0.113597214,0.034866672,0.06064833,0.080257244,-0.53582335,-0.19103576,-0.11847178,-0.44549274,0.0065394365,0.13493264
-0.18430384,0.0043531675,-0.089032516,-1.7744288,-0.62184155,-0.07808376,0.042655125,-0.25422293,-0.14792824,0.17380717,-0.25729057,-0.14871183,-0.009341085,0.4278351,-0.086735636,-0.018154424,-0.23617516,0.01937107,-0.13717511,0.016373705,0.056660812,-0.30410984,0.17546071,0.10290925,-0.1192067,0.22328095,-0.34163603,-0.002892877,-0.15384927
0.08947917,0.047683056,-0.009235971,0.22383618,-0.038176384,-0.084675394,0.019267041,-0.4725256,0.15527111,0.09803465,-0.2711424,0.039563227,0.07943566,-1.0853987,-0.021660294,-0.4849331,-0.48079422,-0.022582294,-0.123098746,0.023709249,-0.43294996,0.014550241,0.10932593,0.061027013,-0.17183653,-0.09211359,0.14760447,0.002126882,-0.100055955
-0.12600762,-0.22627938,0.012799726,0.21767458,-0.46194363,-0.1813992,0.0057102926,0.075306006,-0.4331972,0.12273382,0.120488234,0.06895738,0.06986347,0.48996377,0.035389196,-0.61143804,-0.10982699,-0.0119577125,-0.47071144,0.03574067,-0.47792765,0.058033116,0.13979705,0.1171263,-0.27844533,-0.11120813,-0.16972868,0.011437529,-0.25253972
0.059839543,0.041908223,-0.0251427,0.2812641,-0.31653526,-0.07289404,-0.03611678,0.13785908,0.09628967,0.10659085,0.13207732,0.025855567,0.14065495,0.6275104,0.04237528,-0.060028356,-0.15522434,0.015859956,0.2317081,0.043770492,0.052971642,0.050716072,-0.18721382,0.14284529,-0.108616635,-0.14975323,-0.19467916,0.0074795927,0.12507632
-0.07650058,0.033949398,0.04486937,-1.9797585,-0.1741327,0.3327528,0.0521663,0.096224196,0.065914325,-0.21162277,-0.37501732,-0.07343944,-0.10122475,-1.2281697,-0.07094185,-0.0027833935,-0.05602875,-0.006379294,-0.09379376,0.016121581,-0.17794299,0.07237703,0.14192365,0.056018595,-0.050723247,0.07849946,-0.13339625,0.012622303,-0.12902538
-0.16900349,0.051852413,-0.0084006535,0.26042303,0.2142908,0.3177436,0.012407313,0.07800418,0.04898808,-0.24409905,-0.50045234,0.07163742,0.047622595,-1.0803266,0.10433482,-0.5101767,-0.36240464,0.01543691,-0.1422534,0.06090194,0.06016985,-0.39043117,0.06343228,0.08680493,0.10742718,-0.12429634,0.19282919,0.006700788,-0.16146296
0.07614077,0.03605687,0.010495833,0.24918784,0.1813408,-0.08747043,0.004213012,0.10853484,0.11337397,0.0477073,0.09089148,0.058911692,0.07423582,0.68233526,0.05073926,-0.3944074,-0.056143828,0.010558939,-0.231007,0.11658328,0.046638675,0.03928847,0.11475131,-0.6468715,0.20935822,-0.1289905,0.17990868,0.0087084295,0.111371644
-0.14103748,-0.046862967,-0.01477087,0.2414423,-0.033193365,-0.09019413,0.055760555,0.15368643,0.15717126,0.13693333,0.17010579,0.06360856,-0.1384669,0.6632862,0.05497612,0.22437924,-0.052656777,0.006149862,0.2565502,0.05871485,0.028143385,0.0405645,-0.19104199,0.058192518,-0.16377003,0.006569124,0.20747949,0.009069776,0.0920248
-0.1472485,0.03769216,-0.0033869667,0.19304116,-0.46050578,-0.07564646,-0.016249843,0.06873111,0.08947448,0.0938199,0.08210125,0.039371032,0.07038448,-1.7985151,-0.04523555,-0.9032225,-0.49253115,0.012212462,-0.3084048,-0.16664708,0.04203767,-0.659402,0.09458894,0.09066862,-0.5189209,-0.12887353,-0.15960516,0.005302576,-0.10898129
-0.09506038,0.017083736,0.049397927,0.3051409,-0.011976283,-0.07927278,-0.0023386246,0.14699955,0.11583263,0.08804417,0.14269273,0.030941265,0.12352333,0.6244398,0.069400385,-0.026959384,0.042549815,0.015201525,0.20572571,0.056682196,0.043856844,0.06106691,-0.12659763,0.106488355,-0.1721538,-0.12310206,-0.0144952675,0.010194039,0.118961535
0.0620256,0.11405832,0.064579606,0.31712458,-0.30197647,-0.054304022,-0.006341726,0.2558508,-0.3016306,-0.1869745,0.22764136,-0.057405155,-0.16916785,0.54839873,0.014791236,0.8761225,-0.14325783,0.020964596,0.30861413,0.033046156,0.037770253,0.081905544,-0.072882496,0.1371182,-0.03579764,0.08065446,-0.36131918,-0.0044691293,0.1424921
0.106034875,0.022084873,-0.031160146,0.26740226,-0.43892193,-0.10627681,0.02632297,-0.57588476,0.10223855,-0.23603337,0.0744315,0.03975625,-0.18533602,-0.73078555,0.00051017315,-0.30680302,-0.26771855,-0.0055944477,-0.2102992,0.025466606,0.08003803,0.02625612,0.26965302,-0.6430069,-0.11742176,0.1375717,-0.0033472953,0.008233402,0.121971615
-0.287676,0.017394885,-0.036874328,0.15798037,-0.34368542,-0.10959301,-0.01335486,-0.442016,-0.12623504,-0.40854645,-0.5017009,0.087886184,-0.1746894,0.39081693,-0.102938436,-0.11958241,-0.07277267,-0.01486808,-0.33380204,0.018223623,-0.35041705,0.06500288,0.21606849,0.118101776,-0.10223276,0.15420096,-0.15960222,0.010156095,-0.20798013
0.081086054,0.030671416,-0.039480783,0.22835866,-0.17737424,-0.06776627,0.02405823,0.12239114,0.08906049,0.050928038,0.049926985,0.03602419,0.05502563,-1.1983289,-0.09044615,-0.8324518,-0.5616791,0.003673231,-0.21471867,-0.23904812,0.04364731,0.08030003,0.16783403,-0.673762,-0.38932016,-0.16920744,-0.04571826,0.0074676787,0.10690657
0.13419695,0.042697188,0.009393026,0.25748086,-0.32340765,-0.08170132,0.027510002,0.08353909,0.030043393,0.10601239,0.04061528,0.06306277,0.07442456,-0.90907764,-0.016017696,-1.1540304,-0.1426429,0.00831087,-0.29267487,-0.19126806,0.06667346,-0.61009556,0.16957846,0.087721966,-0.50718,-0.20916681,-0.094356604,0.0039351285,-0.17255917
0.16284832,0.03752658,-0.025839321,0.2109895,0.44721335,-0.03941026,-0.0021269023,0.12048134,-0.4707913,0.0721406,-0.82252103,-0.03502544,0.14721797,0.61497605,-0.12135277,0.27451587,-0.12759833,0.024883734,0.1819147,0.048169628,0.030954326,0.0392835,-0.18043102,0.06721843,-0.2019867,0.092576414,0.19067124,-0.018380417,0.08879874
0.095924795,0.04529644,0.0073848115,0.19609287,0.014858779,-0.09582618,-0.023459367,0.16222028,0.16958353,0.07670383,0.07693234,0.05585982,0.055427954,0.7241144,0.060768347,-0.36165193,-0.075494766,0.031882327,0.17944317,0.050350036,-0.091909595,0.03545751,0.115910456,0.08182793,-0.185262,-0.104786426,0.19153596,0.003672545,-0.1917983
-0.089600205,0.028209563,-0.14291121,-2.048398,-0.5815703,-0.10134995,0.016223492,0.03933295,0.07291545,0.02169425,0.062467344,0.02744858,0.07272779,0.466262,-0.018376952,-0.7383715,-0.13880451,0.0070247976,-0.24058199,-0.13937856,-0.14667363,0.094628274,0.12731515,0.103567354,-0.25880203,-0.15780567,-0.12267529,0.008364699,-0.20024069
-0.17199434,0.014835859,-0.03415182,0.27719688,-0.2510353,-0.082332864,-0.06629597,0.15700293,-0.23318267,0.09300864,0.13267513,0.10920889,0.12063043,0.5838523,0.08347562,0.0037162458,-0.17461821,0.029576717,0.25280374,0.036422957,0.072211176,0.063361995,-0.099648595,0.10021348,-0.1488356,0.019283839,-0.16963273,0.0045369156,0.13615286
-0.09178771,0.01736141,0.001810818,-1.8009523,-0.17621377,0.3161441,-0.01669221,-0.17750458,0.04799494,-0.23393793,-0.3683186,0.058077604,0.07831678,-1.8840185,-0.0072911526,-0.3295344,-0.1044817,0.003536582,-0.09847051,0.018000847,0.04759577,-0.29626685,0.041196033,0.07407252,0.09076692,-0.028756686,0.04450376,0.0069270018,-0.087613836
0.14705679,0.059186168,0.06545751,0.25470778,0.14119655,-0.069167905,0.04082406,-0.34213898,0.2131504,-0.2244629,-0.29899234,0.11896589,-0.16737634,-1.5703075,0.08621483,-0.447323,-0.18452308,-0.034855843,-0.17336644,0.014918426,-0.31344792,0.0560011,0.06745479,0.12800795,-0.262151,0.13336167,-0.44474944,0.010669399,-0.09491255
-0.08702838,0.03713807,0.017956877,0.2181138,0.1633741,-0.07304881,-0.007063508,0.17775555,0.18673211,0.07591153,0.11894389,-0.15715443,0.052613392,0.71821815,0.039446432,0.10646361,-0.15596493,0.0072804517,0.19131948,0.06756576,0.017029343,0.061131697,-0.13836364,0.11559894,-0.15249652,-0.074259,0.20420493,0.0050183125,0.099801525
0.06818266,0.022240493,0.15502459,-2.1426,-0.41032976,-0.022617448,-0.025529627,-0.2735866,-0.2795805,-0.2787437,-0.28691116,-0.115283385,-0.03489811,-1.9103779,-0.040497944,0.6726434,-0.30680007,0.017806476,0.077111766,0.014100986,0.017238444,-0.23074986,0.070405334,0.045603763,0.10122515,0.0038040369,-0.13300547,0.004857904,-0.08462633
-0.22943135,0.032447696,-0.018327406,0.24790604,-0.5811382,-0.03961565,-0.089254074,0.19406147,0.08245455,-0.28519407,-0.78912807,0.07040475,0.05671142,0.4797465,0.054816063,-0.014617722,0.11525396,0.015297417,0.19454026,0.03105438,0.045366574,0.0787427,0.10410538,-0.71669745,-0.17324136,0.10828261,-0.24315083,0.020248136,0.16308945
-0.08939171,0.05218333,0.03404262,0.31499666,-0.038123105,-0.08426944,-0.03786927,0.1486958,0.11488038,0.110212915,0.13805093,-0.045333352,0.059626732,0.6552154,0.04807496,0.1777374,-0.02905822,0.015264772,0.26720062,0.04404839,-0.19283623,0.06805035,0.10805598,0.10463667,-0.2556055,-0.116567634,0.22680603,0.0025531403,-0.21947925
0.019495705,0.044770475,0.036778957,0.24577849,0.2734337,-0.0701583,0.05525443,0.086350575,0.14978282,0.084626235,0.09134342,0.03848999,0.06892275,-1.8860598,0.046881575,-0.6708511,0.13898733,0.025346022,-0.23194641,-0.12834962,-0.13913316,0.100096196,0.13935457,0.07844309,-0.21261644,-0.082637735,-0.37795892,0.0053919475,-0.15111338
-0.17867039,0.011443909,0.010080216,0.21095216,-1.0760484,-0.07062382,-0.0720164,0.10751709,0.046255007,0.068071954,0.07349927,0.04181514,0.04478951,-1.99869,-0.02759804,-0.7687206,-0.52961934,0.015111016,-0.22639538,-0.14411062,0.04466335,-0.38070726,0.06798888,0.09687766,-0.29851627,-0.170649,-0.44081962,0.0053077643,-0.13489534
-0.061296787,-0.16430585,0.028162766,0.19014119,-0.1017869,0.60014206,-0.01002131,0.14021434,0.12955432,-0.12007591,0.12123925,0.04504872,0.05261385,0.6329962,0.097004674,-0.56712705,-0.031218357,0.01726001,-0.21764638,0.08128126,0.035899106,0.093344904,-0.006580303,0.095819175,0.031136233,-0.065509245,0.2196491,0.009893933,0.15037376
-0.1083332,-0.2646037,-0.015907392,0.16377035,0.29789644,-0.0912075,-0.016497979,0.10588886,0.1788557,-0.14253223,0.12969173,0.07053261,0.110014774,0.631178,-0.18905984,-0.35230646,-0.09593225,0.0075120656,-0.21912609,0.118980534,0.035963807,0.07612742,-0.05588648,0.08046581,0.24147348,-0.0499588,0.21301468,0.014089613,0.11873432
-0.16334619,0.03513282,0.0785777,0.32443047,-0.24932444,-0.082354434,-0.060086105,0.15838689,-0.3347698,0.05388018,0.12192957,0.08994011,0.088346906,0.5712464,0.058771472,-0.087699555,-0.40593994,0.028896103,0.2574543,0.03614498,0.05935171,0.068601646,-0.1367162,0.08375919,-0.28070155,0.021470018,-0.18124542,0.0122682275,0.13965833
-0.092978954,0.025193669,0.008530837,0.2825034,-0.06053138,0.24831663,0.018664028,0.14514802,0.118982375,0.061589137,0.06807624,0.031793166,0.03570311,-1.1724794,-0.054823827,-0.89094234,-0.42524466,-0.007379076,-0.16367406,0.04819422,-0.18992914,0.059909184,0.07725541,0.09175134,-0.080902666,-0.16463564,0.14013182,0.007188868,-0.13288963
-0.12099615,0.025218043,-0.004032635,0.23015772,0.18227413,-0.07062212,0.055094413,0.14203888,0.15592816,-0.25607455,0.10124513,-0.086503945,-0.11896939,0.6590026,0.124480754,0.94582933,0.033558846,0.021995995,0.24788755,0.060598243,-0.07544555,0.08463861,0.092512734,0.08538111,-0.14943369,0.09162754,0.3595482,0.007938907,-0.2204732
-0.13089344,-0.06858944,-0.08227771,-2.0928712,-0.45484746,-0.10707573,-0.008431586,0.048468176,-0.32404393,0.09176958,-0.36301315,-0.11428925,-0.14420328,0.41952857,0.014881131,-0.062985964,0.025490701,0.019171424,-0.18950453,0.0194087,0.053540334,0.051905714,-0.18228184,0.033819824,-0.106442004,0.037246842,-0.15741472,0.028630547,0.09670841
-0.1989166,0.045546275,0.009760641,0.18617454,0.28983462,-0.058990065,-0.0051654465,0.07781741,0.07982721,0.112564884,-0.6288453,0.07413371,0.098321006,0.60414886,0.060914423,-0.3421031,-0.09818052,0.030118693,-0.21013846,0.12260265,0.050883047,-0.2590267,0.108251296,0.121922724,0.102369145,-0.08154445,0.19759814,0.0052041644,-0.172893
0.10044644,0.04706359,-0.098451175,-2.1276324,-0.010749251,-0.12223834,-0.00024193432,0.06058606,0.15973422,0.0419262,-0.32316577,-0.058948196,-0.113652945,0.51755077,0.012624175,-0.4119154,-0.2326806,-0.0029309646,-0.12440497,0.03968627,0.04735067,0.037846357,-0.085969545,0.05565094,-0.16403736,0.09168871,0.15884687,0.006988095,0.08699701
0.048117835,0.10393364,0.06071773,0.32886514,-0.23642623,-0.052482035,-0.044845924,0.23577574,-0.22270443,-0.14171243,0.2111634,-0.07193204,-0.14461945,0.4656097,0.009225935,1.066552,-0.13242027,0.022100104,0.31561974,0.037218038,0.05268851,0.067472704,-0.088637084,0.14279827,0.0046307226,0.14470421,-0.36192447,-0.0045342473,0.11274384
0.11994673,0.023206087,-0.0061599067,0.1957277,-0.1916708,-0.05703598,-0.010307162,-0.4750932,-0.36613855,0.13074088,0.14159498,0.0676132,-0.31378844,0.521392,0.028203962,0.44491842,-0.057618234,0.015934698,0.23488297,0.028243259,0.063160256,0.040860355,-0.2307988,0.113791615,-0.19299641,0.11862347,-0.03734852,-0.0063601565,0.11823046
-0.16567412,0.00049595983,0.034016907,0.21643467,-0.8227781,-0.04099872,-0.038666,-0.29667452,-0.19889916,-0.28941116,-0.28435344,-0.10319676,-0.13154045,-1.5277385,0.119833596,0.13009174,-0.040923346,-0.017484551,-0.08844884,0.017631391,0.020246312,-0.24441944,0.08062528,0.10215498,-0.14234297,0.17240453,-0.3489287,-0.0046746763,-0.100507066
-0.055634927,-0.2513968,-0.07577487,0.35166597,0.19978943,0.67498493,0.045097534,0.1959126,-0.2725347,-0.3305603,0.19346416,-0.09298668,-0.123003826,-0.7524897,0.019094191,-0.1921107,0.24400212,-0.0034192817,-0.22003342,0.027344586,0.057868633,0.10602937,-0.11272743,0.08672568,-0.01348724,0.09929376,-0.3453156,0.033801906,0.12028309
0.110608056,0.051383365,0.043817297,0.2997234,-0.037056666,-0.09571168,0.049890403,0.11569234,-0.2782572,0.089309774,-0.28989956,-0.11230704,0.08052505,-0.89967006,0.02436857,-0.36094028,-0.38309523,-0.011980064,-0.19287397,0.028515344,0.12668374,0.046175603,0.19868569,-0.35582188,-0.22971585,0.15239847,0.12238277,-0.00033773406,0.10931156
0.024231033,0.05560265,-0.081004225,0.23219638,0.020983404,0.49279028,0.048820604,-0.5671861,-0.29386476,-0.3138571,0.18944933,-0.118898444,-0.13373277,-2.0493104,-0.04882923,-0.2889104,0.1673853,-0.039289404,-0.15963736,0.016317435,-0.2174133,0.09443005,0.084567115,0.108710825,-0.17011654,0.08163359,-0.39659733,0.008774045,-0.114903904
-0.2966866,0.041808356,-0.070427485,-1.8651946,-0.23563614,-0.10566685,0.027766116,-0.19891864,-0.114912935,0.057881765,-0.30292436,0.11441224,0.11555658,0.42903763,0.057492945,-0.09266166,0.16617408,0.022057157,-0.10108839,0.016451836,0.11238929,-0.25676984,0.17862515,0.119278006,-0.15098256,0.12787187,-0.29016727,0.005572289,-0.18345337
0.011369321,-0.13052318,0.056305006,0.34634826,-1.2444322,-0.036215253,-0.031517487,0.1801261,-0.17987555,-0.29115078,0.12817031,-0.10237132,-0.06847202,-1.0264199,0.009788798,0.68176144,-0.08020588,0.00871296,0.10125375,0.02232878,0.058772683,-0.28330877,0.11612065,0.08539532,0.026034892,0.084955,-0.3248344,0.0010360262,-0.13995525
-0.21965398,0.056223996,-0.02566135,0.24954584,-0.097115695,-0.06162457,0.054146428,0.13493477,0.09496622,0.09706173,-0.76676404,0.032987386,0.115307316,0.4821574,0.06603517,-0.13090064,0.16731207,0.018380566,0.1596421,0.02665418,0.058513034,0.074646756,-0.12411803,0.121363886,-0.13695873,-0.16660191,-0.16497092,0.007784453,0.15412043
0.091651805,0.028836505,-0.028366776,0.3110719,-0.23490483,-0.04548227,0.075562045,-0.54560214,0.10658059,-0.44121146,-0.276126,-0.13788621,-0.06330567,-0.539109,-0.020258784,-0.25817326,0.08091989,-0.026696913,-0.20962605,0.0158175,-0.42216745,0.0698624,0.12417123,0.06684548,-0.13847075,0.22533529,-0.108413845,0.0097752,-0.1343287
0.04253246,0.09801385,-0.007259297,0.27943885,-0.32313466,-0.051669806,-0.060387444,0.23896787,-0.3688054,-0.18135065,0.18093178,-0.06580995,-0.13591757,0.3905715,0.040619176,1.0635567,-0.13849449,0.020519944,0.31188396,0.038648818,0.038730856,0.06811649,-0.12789911,0.14400263,0.085017785,0.12657602,-0.3731973,-0.0004535617,0.110208094
-0.2676463,-0.023216894,-0.0079990085,0.25918365,-0.42158404,-0.0665658,0.0193174,0.14778796,-0.16856693,-0.4821229,0.13870573,0.15952931,0.063968614,0.5516775,0.035680003,0.004825588,0.12511893,0.008006135,0.25123623,0.031111004,0.056773588,-0.43964997,0.10005611,0.04711377,-0.16913505,0.110928416,-0.22340612,0.03894391,-0.3160073
0.042491857,0.008017919,0.0697799,0.31139588,-1.166784,-0.034734886,-0.09179611,-0.6842269,-0.12568583,0.08851464,0.12536812,-0.080495715,0.11381987,-0.91534275,0.012354243,0.290832,-0.41543034,0.011469702,0.04408231,0.016162485,0.0707093,0.06360504,0.12316284,-0.8192569,-0.13031732,0.10214421,-0.4954712,0.011409292,0.1419611
0.01487821,0.032458246,-0.00014987297,0.19792944,0.07407664,0.5975297,0.006021809,-0.7358317,-0.32630497,0.065680414,0.10683296,0.038126543,-0.14302786,0.6044223,0.2198531,-0.13578822,-0.0044094054,-0.017228559,-0.12251546,0.09402848,0.055118345,0.040774014,-0.049538758,0.13371587,-0.06112472,-0.077952325,0.14718755,0.008285876,0.084491245
0.1676122,0.027021151,-0.10616311,-2.3878677,-0.65587527,-0.097634524,-0.044993903,0.06500705,0.13205707,0.1704702,0.11953609,-0.103159286,-0.00077669695,0.4584673,-0.035290472,-0.20645289,-0.401041,0.008682865,-0.17464876,0.028705813,0.04599044,-0.29511935,0.15033884,0.10123333,-0.038404886,0.14840658,-0.32801378,0.00055308937,-0.17122874
-0.1313212,0.060360942,0.089150645,0.2198234,-0.7408136,-0.07599892,0.012733895,-0.6013465,0.17893477,-0.23352638,-0.345778,-0.11588165,-0.11284768,-1.6656502,-0.0512866,-0.29760727,-0.15855801,-0.020647941,-0.14604405,0.017121464,0.024343917,0.074088275,0.03250428,0.113880455,-0.26763922,0.052950997,-0.42828682,0.034325864,0.07312374
-0.057944365,-0.06173937,-0.049054604,-1.6937507,-0.7412154,-0.07841405,-0.08165569,0.039240245,0.060967855,0.06083792,0.07103041,0.03429785,0.02733412,-1.9013896,-0.04976378,-0.6668471,-0.2720046,0.016838593,-0.15969452,-0.11182681,-0.15955646,0.049483646,0.049453832,0.094640836,-0.19900586,-0.116193645,-0.3526685,0.0088033015,-0.13354622
0.11001942,0.045068447,0.043046683,0.31474164,0.085277736,-0.07606365,-0.013709128,0.1372418,0.15245874,0.105563365,0.15156296,0.048643474,-0.11657855,0.661966,0.038577627,0.2838079,-0.015113231,0.006286899,0.25282538,0.05866289,0.044639256,0.037647035,-0.15681061,0.058363546,-0.022647558,0.03988029,0.1990503,0.01954508,0.094480634
0.11279763,0.019480916,0.0010969479,0.21242656,0.5230138,-0.052474905,-0.010525566,0.11013977,-0.3158146,0.10895,0.11847557,0.07546083,0.100364566,0.73898125,0.06626959,-0.053788632,-0.11190552,-0.0023950443,0.16276367,0.06339679,0.058557287,-0.40243754,0.10129995,0.079650305,0.06652592,-0.06853861,0.2245945,0.0026078238,-0.2009249
0.07713301,-0.15798545,0.07705152,0.26776344,0.24549453,-0.06843736,0.03312327,0.16871732,0.14437982,0.09911543,0.13275667,-0.1374852,0.04780236,0.72628206,0.051427774,0.24485487,-0.029727412,0.0067254696,0.21295314,0.070821136,0.01965711,0.055106375,-0.13303973,0.06806682,-0.10045411,-0.01384177,0.20528184,0.016518828,0.090184
0.022322005,0.1150343,0.027133107,0.40156484,-0.37693965,-0.025690967,-0.051592324,-0.5703146,-0.1190732,-0.2012206,-0.50523436,-0.07604207,-0.07551783,-0.32086974,-0.107427716,0.85584897,-0.16702521,0.023164904,0.129975,0.01686278,0.047632914,0.07127072,-0.05860631,0.13377625,0.13384174,0.028950837,-0.37628883,-0.0042173737,0.11983366
-0.19199686,0.034424815,0.049815487,0.2194745,-0.5592486,-0.08258191,-0.12516132,0.06959147,-0.38601586,0.07485748,-0.40411624,0.06121525,-0.14412026,-1.7304116,-0.035385437,-0.4954573,-0.43009472,-0.023502601,-0.22595102,0.019868506,0.036663756,0.02924935,0.1252904,-0.61561394,-0.20822386,0.110632695,-0.5416258,0.006007478,0.11132967
-0.05504511,0.017411113,0.072986014,-1.3872408,-0.5564233,0.2458493,0.036715597,-0.23666742,-0.0031904364,-0.21310017,-0.51383257,0.032464556,0.087337896,0.47548828,0.009142345,-0.35684985,-0.06955781,0.0005677205,-0.1555847,0.014703037,0.047230687,0.051436376,0.2003682,-0.6912202,0.045256913,0.07380429,-0.16667524,0.01047316,0.10394043
0.11796638,-0.18362015,-0.038545094,0.14980635,0.13134128,-0.06740563,-0.11597262,-0.9084949,-0.4143549,0.08684003,0.09248948,0.06627991,0.10957896,0.6206995,-0.19879828,-0.1014254,-0.207263,0.019251455,0.1289499,0.03263683,0.035259925,0.029608293,-0.21379973,0.06051851,-0.2685176,-0.032499768,0.15082513,0.0010474658,0.08098708
-0.1597647,-0.085480876,0.054665513,0.28095815,-0.46226844,-0.07435677,-0.01781842,0.18640195,-0.18635651,-0.35579523,0.13226938,0.08085684,0.04361149,0.52128947,0.0610077,-0.024128499,0.27289522,0.013557894,0.25029677,0.028047856,0.0640456,0.08412644,0.13853182,-0.6851719,-0.18346734,0.096616745,-0.18236294,0.035726417,0.14570434
0.14330599,0.011259352,0.028245712,0.34725598,-0.11905534,-0.054045968,-0.09096354,0.092218496,-0.23399426,0.23464346,-0.3086381,-0.21985042,-0.06276743,-0.5677043,-0.027434789,0.01370151,-0.29194412,7.451233e-05,-0.20075591,0.021776505,0.10885705,-0.34034792,0.18897802,0.07889121,-0.022113478,0.2723877,-0.3963732,-8.538597e-05,-0.11957804
0.08760346,0.05053477,0.004557683,0.19959995,-0.20843126,-0.1478823,0.00054189,0.08572178,0.16634515,0.055100914,0.084398985,0.042409666,0.06375504,0.60061777,0.04686807,-0.9757674,-0.06902207,-0.030825214,-0.3195321,0.057622068,-0.29682994,0.025743844,0.014194151,0.09598371,0.117516585,-0.12640919,0.16606456,-2.0055766e-05,-0.20613821
0.13163728,0.019814527,0.015207586,0.32458377,-0.2553068,-0.068158366,-0.05604219,0.18603055,0.18364629,0.112162344,0.16681026,-0.111159444,0.0035108367,0.61614525,0.024132514,0.12564436,-0.23336805,0.019665793,0.24377121,0.038137153,-0.23805262,0.069442876,0.063930474,0.14143468,-0.15767112,0.051992938,-0.4293074,0.010082182,-0.23463151
-0.12495656,-0.11524402,-0.009651138,0.28498858,-0.10847718,-0.07381702,-0.032809526,0.14783755,-0.2705742,0.106245294,0.19253936,-0.14223783,0.120350756,0.60639346,0.04968427,0.05855617,0.21911335,0.022479773,0.2898459,0.036672827,0.057885095,0.06359115,-0.1240676,0.07047068,-0.20219654,0.08700785,-0.19264242,0.04487486,0.14525053
-0.05110665,0.109524466,0.0025712408,0.44494995,-0.04705684,-0.03849702,-0.09695344,0.13153219,-0.27023506,0.079028524,-0.61201423,-0.06815122,-0.07366967,-0.5285999,-0.004889896,1.0095044,-0.09725409,0.025426175,0.16444923,0.022641446,0.06362665,0.036144275,-0.13849121,0.12799954,0.26404423,0.20313883,-0.31310835,-0.0017598356,0.0934141
-0.10135232,0.014491724,-0.043671284,-1.8025682,-0.6869537,-0.061723568,-0.08055353,0.05532352,0.028163854,0.047659013,0.06422079,0.029483953,0.035554323,-1.8375425,-0.041565154,-0.6657799,-0.25237122,0.016012615,-0.16271967,-0.11226871,0.04086369,0.05774814,0.077823855,-0.5170747,-0.19235636,-0.13097766,-0.48861337,0.008912181,0.12796569
0.061475772,0.051460452,5.1310417e-05,-2.4074848,-0.24911997,-0.04824262,0.009103768,0.11277642,0.11428281,-0.12579271,-0.2910479,-0.09353125,-0.117230274,-2.0632648,0.0022188867,0.3113525,-0.2554319,0.015013776,0.09519566,0.016393783,0.01565993,0.05732591,-0.049548782,0.06907271,-0.08228909,0.07884161,-0.16000801,-0.013126083,0.09594845
0.0900249,0.011519511,-0.0041847355,0.21005365,-0.060128126,0.3730369,0.0028886448,-0.76925343,0.10024908,0.09283562,0.06857372,0.026394185,0.029068444,0.59856784,-0.12891327,-0.64427644,-0.009829615,-0.0025928905,-0.16757286,0.04812867,0.06916394,0.029657947,0.11789558,-0.8359319,-0.20375037,-0.13410674,0.17580876,0.006007472,0.11330753
0.11909333,0.046285093,0.010246463,-1.7234282,-0.5596368,-0.04198421,0.03906777,-0.23478048,-0.32453457,-0.0992507,-0.24774249,0.08685609,0.09420195,-1.7774135,0.1231779,-0.20697089,-0.38672754,-0.008931427,-0.062055085,0.011650974,0.06533466,0.028640889,0.09986863,-0.52787375,-0.108544126,0.19428997,-0.5057346,0.010909173,0.10045265
-0.14389914,0.047822304,0.047883265,0.30246586,-0.4055646,0.5331131,0.028561762,0.095758975,-0.085234515,-0.3175961,0.13579577,0.07019839,-0.17466974,-0.91774917,0.052766766,-0.21008223,-0.37166333,0.016554536,-0.17050564,0.025917888,0.0665399,-0.5200378,0.20976011,0.060527887,-0.09257272,-0.041312207,-0.11654391,0.010863236,-0.15338676
-0.31717646,0.005488916,0.040113546,0.25888664,-0.40486217,-0.06231308,-0.0037946266,-0.7233987,0.116713986,-0.4048526,0.078512944,0.12041883,0.060932066,0.4953547,-0.059341565,-0.041706678,-0.29348084,0.010379224,0.18221623,0.024269046,0.05500634,-0.64262736,0.094000466,0.10410543,-0.18050559,0.13567846,-0.19575647,0.007995729,-0.28803006
-0.08659297,-0.030355562,0.007187289,0.22411716,0.59188956,0.34773475,0.037804246,0.1366026,0.10203911,0.037980452,0.12139057,0.035722237,0.05498788,0.67276394,0.1124902,-0.80187994,-0.17189917,0.008720606,-0.25723436,0.088696636,0.034462817,0.08986028,-0.014215845,0.11521605,-0.111653335,-0.11614097,0.20743138,0.007077867,0.124660395
-0.1351633,0.014315976,-0.049992893,0.18976969,-0.60610175,0.54368335,-0.0011161513,-0.6467897,0.06330674,-0.24793722,0.15328476,0.008463814,0.013983021,0.5211074,-0.13554066,-0.40442023,-0.28466463,0.017839642,-0.22213973,0.035710055,0.059468903,0.043361895,0.115008645,-1.0817639,0.002727102,-0.082598224,-0.038809802,0.010182358,0.12228025
0.10836239,-0.13291346,0.00065138156,0.29347768,-0.25728053,-0.070046,-0.027008433,0.16137868,0.17407791,0.08514712,0.1374472,-0.15015373,0.045827836,0.5974479,0.045019414,0.01538138,-0.4005963,0.0149562005,0.264278,0.044115797,0.040421978,0.06540026,-0.1477706,0.05493276,-0.1897736,0.026213322,-0.20161363,0.036405772,0.12768851
0.08243601,0.021630177,0.0011182367,-1.9260374,0.1538723,-0.045738623,0.012698904,0.09900839,0.06346726,0.023683095,0.055178672,0.033949524,0.04554779,-1.3631067,-0.0499024,-0.54987264,-0.25001937,0.012476345,-0.11420885,-0.14679676,0.033896692,0.070950754,0.13515574,-0.4159414,0.0019985598,-0.11756167,0.14686334,0.008392933,0.09955961
-0.09629373,0.01586136,-0.027382229,0.18888815,-0.5254934,0.4493903,0.029284889,-0.6984474,-0.060815092,0.13002348,0.15964909,0.030412214,0.09072495,0.5004959,0.052323684,-0.37551776,-0.16873786,0.003914058,-0.22294623,0.027066838,0.08079245,0.067466885,0.14259109,-1.0295529,0.08376961,-0.11019324,-0.6910516,0.0068377056,0.121255785
0.09055927,0.029455716,-0.067182876,-2.1330264,-0.39165884,-0.080684245,-0.08332832,0.031770848,0.11663591,0.054628585,0.064472936,0.029060371,0.06062933,0.4788566,0.009429015,-0.4725148,-0.043148942,0.0061641363,-0.21739468,-0.15415244,-0.18208121,0.038268752,0.18392324,0.097796366,-0.055332504,-0.0856768,-0.111807406,0.008536379,-0.15995671
0.06252382,0.0022079465,0.14713962,-1.7365918,0.11570187,0.2783257,0.0017526601,-0.570549,0.07175179,0.05890418,0.052041274,0.035788625,0.036375955,0.58516145,-0.11422089,-0.708058,-0.038156215,-0.010870384,-0.13719647,0.047348853,0.05443734,0.031147953,0.08296842,-0.6666091,-0.24686539,-0.09713929,0.16469957,0.0062459917,0.10553894
-0.095855765,0.057362515,0.005267556,0.20883021,0.17160887,-0.15075877,-0.011225045,0.10176736,0.15313111,0.06050459,0.107723355,0.04158981,0.08173143,0.6317501,0.09108911,-0.8656332,-0.0070029777,-0.031449653,-0.32574877,0.09807273,-0.21631008,0.04433621,0.019866757,0.08958184,0.092766166,-0.10130012,0.16977651,0.0054372954,-0.2331179
0.10164613,0.05117024,-0.0056110313,0.22658093,-0.37529153,0.5514581,0.011232248,0.09952092,-0.27896282,-0.42140433,0.15000406,-0.16725837,-0.18996051,0.55937576,0.027769338,-0.2744363,-0.117999494,-0.0031851644,-0.26028785,0.043796252,0.08113379,-0.37582073,0.2370501,0.085795045,-0.1857854,0.0828073,-0.02922765,-0.0009864164,-0.23935887
0.045679733,0.10836731,-0.03227291,0.4332179,-0.044519786,-0.04496301,-0.091662675,0.22272588,-0.25099176,-0.17268172,0.18158647,-0.076574765,-0.12093718,-0.6573067,0.027505532,1.0745181,0.029866515,0.020249905,0.20624395,0.027279282,0.03787784,0.06385323,-0.10057848,0.12551717,0.018580453,0.16110301,-0.28843948,-0.0039975,0.1305379
-0.078108825,0.039432086,-0.022993919,0.2664112,-0.067523375,-0.08406691,-0.022703042,0.151917,0.15492855,0.11748929,0.14915736,0.03730827,-0.22147168,0.62587225,0.059476323,0.08049271,-0.0499598,0.014561704,0.21420676,0.05082313,0.028198333,0.05037691,-0.21679153,0.103995726,-0.24295013,-0.15466541,-0.035156667,0.006213917,0.11682891
-0.098887786,-0.025896093,-0.01716913,0.18452767,0.40499282,0.41763774,0.03747392,-1.0865995,0.079479806,0.062276077,0.11935815,0.023752943,0.012556932,0.6044598,-0.32770565,-0.6225433,-0.2049309,-0.026215794,-0.21520393,0.051104937,0.04156468,0.070802614,0.10181405,-0.7396934,-0.36448658,-0.07567796,0.18796037,0.006576456,0.11497957
-0.1100088,-0.09690595,0.029041333,0.31911245,-0.22640298,-0.066154465,0.02834374,0.21864195,0.13598262,-0.15178147,0.18405001,-0.07248954,-0.11975946,0.6471269,0.046821047,1.0268362,-0.103460476,0.013998572,0.34472057,0.043039307,0.023764405,0.09384612,-0.08786528,0.093612745,0.00022312463,0.09474288,-0.20446903,-0.015371594,0.14263344
0.098439015,-0.19233043,0.0044624573,0.17268173,0.17441237,-0.12491353,-0.012619479,0.10262238,-0.3903823,0.06575157,0.07251773,0.06770765,0.101712964,0.62112904,0.08046643,-0.4400454,-0.19533625,-0.0066705197,-0.35877454,0.07800348,0.1112799,0.014364739,0.2319591,-0.5034949,-0.24879605,-0.15048994,0.1414774,0.0042070714,0.11152232
-0.09405383,0.05304613,0.06040088,0.20175788,-0.83737254,-0.048391078,0.0317408,-0.46754092,-0.27806067,-0.2765206,-0.3429392,-0.09230125,-0.08271452,-1.6976553,-0.04735659,-0.2707558,-0.12932049,-0.024432506,-0.14655289,0.015466823,-0.18354894,0.064698204,0.04885331,0.10259711,-0.30791792,0.11328871,-0.3803091,0.0136458855,-0.08728438
0.031488433,0.028948063,-0.057437163,0.28175998,-0.38789773,0.24628308,0.034940194,-0.36045226,-0.087179646,0.09731132,-0.4300869,0.041011482,0.095986746,-0.751112,0.0595636,-0.2920083,-0.09808752,0.007818602,-0.120132886,0.027742919,0.1049074,0.018763145,0.17848861,-0.6712612,0.10177961,-0.03350614,0.016413566,0.005947486,0.10259535
-0.083589606,0.04258906,-0.024844442,0.2530666,-0.2825825,0.6336385,0.011153177,0.10466369,-0.42194453,0.040058006,0.1250137,0.04576829,0.07884224,0.608519,0.12889482,-0.3441007,-0.038739882,-0.012272029,-0.28824997,0.06949557,0.052740674,0.0577624,-0.068194546,0.10106372,-0.007474024,-0.09824371,0.17369592,0.009378123,0.114294395
-0.09063393,0.026300568,0.13886896,-1.647068,-0.1860616,-0.034998283,0.017184716,0.050038397,-0.16149455,-0.2291394,-0.15527779,-0.17188449,-0.040015124,-1.8760293,-0.04278769,-0.13022433,-0.06624059,-0.0002487129,-0.0845361,0.015627863,0.025282817,-0.31337804,0.1134925,0.07763569,-0.14880812,0.09753741,-0.29884756,0.0048324172,-0.07037147
-0.065783374,0.04689949,-0.19200431,-2.2557185,0.39206058,-0.09935696,-0.0062386207,0.09038788,0.08513801,0.011000718,0.082978085,0.07455216,0.07545816,0.6310555,0.05790256,-0.25796646,0.08018415,0.012482561,0.094119586,0.046965826,0.016573621,0.053660274,-0.052050065,0.09156357,-0.15141606,-0.124237366,0.17875336,0.0065181362,0.091959976
0.06792901,0.037158456,0.018395254,0.21692398,0.17474031,-0.06862558,-0.004898983,0.17742328,0.19040447,0.06675161,0.10168155,-0.164062,0.028632356,0.71790725,0.026576549,0.11363528,-0.13191858,0.008161271,0.18954746,0.068906516,0.014605949,0.051554725,-0.14096764,0.114007995,-0.13612142,-0.074732214,0.19931774,0.0043334435,0.08565547
0.143363,0.063793406,-0.05140297,0.1973987,-0.35296088,-0.1500635,0.022156164,-0.39664006,-0.22537865,-0.2683073,0.07684333,0.051665053,0.19345225,0.48742062,-0.019934196,-0.23637341,-0.105509214,-0.03732995,-0.3366626,0.021405324,0.11282718,0.030543,-0.23155522,0.14112264,-0.18479036,0.13167149,-0.17466523,0.009237283,0.11404407
0.07944429,-0.0017518704,0.3048556,-1.9005469,0.007651128,-0.0624863,-0.010826975,-0.54196507,0.05268935,0.10951031,0.09565627,0.02629436,0.123146676,0.6092709,0.026592277,-0.09863971,-0.16513929,0.010570192,0.11806288,0.035052937,0.048851207,0.03378748,-0.12391965,0.08607116,-0.16905051,-0.06289759,0.20158821,-0.009443836,0.08269021
-0.13978474,0.015563358,-0.0820936,-1.822893,0.013964774,-0.054735254,-0.049274217,0.06751074,0.0827462,0.07233054,0.051598646,0.049607486,0.07732851,-1.8085791,0.0063066324,-0.45548004,-0.27863362,0.011842466,-0.14695737,-0.111088514,0.040451508,-0.39941016,0.10473947,0.09524367,-0.2056207,-0.16685668,-0.3520224,0.0077666873,-0.08732174
0.13863894,0.023325011,0.07675448,0.32595748,-0.16657634,-0.0790058,0.07776398,-0.668889,0.11198485,-0.26177275,0.07546056,-0.15559784,0.085573584,-0.56179756,-0.06877071,-0.21229808,-0.08274561,-0.008498136,-0.19307625,0.017980477,0.073364325,0.059606418,0.1298311,-0.833705,-0.03426691,0.16974688,-0.62305146,0.0112104295,0.11804761
-0.07991051,0.0369851,0.011515171,0.22566079,-0.26528418,-0.07628305,0.037240144,0.10248198,0.12376783,0.056644637,0.06839998,0.038212564,0.0694178,-1.8936957,-0.012288807,-0.8003418,-0.095717445,0.021734798,-0.29941973,-0.12784986,-0.12104814,0.115452155,0.118534364,0.09307036,-0.33510318,-0.12993199,-0.1469124,0.00577052,-0.122142226
-0.13251436,0.05075412,0.014367637,0.3074279,-0.23959915,-0.10416158,0.016808739,0.15174793,0.13115668,0.1335019,0.1390458,0.039866224,0.044569403,0.54400593,0.054182667,-0.3539202,0.200638,0.021717427,0.24524198,0.03144493,-0.25226516,0.07316975,0.069208466,0.09036073,-0.34387982,-0.13207665,-0.18754368,0.009769172,-0.27987066
0.12651123,-0.059846,-0.014980774,0.19007261,0.64664084,-0.08670963,0.02122144,0.17620994,0.12638213,0.05099287,0.09414882,0.039813858,0.030282969,0.6886263,-0.16268915,-0.3739954,-0.14577635,-0.004035657,-0.29536727,0.08646676,0.04901586,0.04521894,0.12157323,-0.6665951,-0.05907782,-0.080945395,0.18508007,0.00804658,0.115008034
-0.11782085,0.017829623,0.068704605,-1.2449577,0.17743935,-0.056100868,0.014595541,-0.5857552,0.06732355,-0.041261274,0.057827145,0.063105255,0.123330794,0.6089373,-0.17767064,-0.02936138,-0.0695508,-0.011903589,-0.13144222,0.044890564,0.029329104,0.05095087,0.09338028,-0.4973205,0.19106252,-0.011340012,0.20698637,0.00863517,0.119119786
-0.20850442,-0.19578171,0.05164384,0.21740389,-0.38727453,0.25782496,-0.008961074,-0.3559113,0.20358662,-0.35464278,-0.40520182,-0.17087919,-0.09150106,-1.6236439,-0.07937992,-0.39517897,-0.33570495,0.015760586,-0.126343,0.017664092,0.036617786,-0.40864104,0.05090811,0.07313918,-0.19404751,0.055812977,-0.46660823,0.019458435,-0.08971194
0.11996597,0.012703071,-0.015737254,0.21208887,0.6333548,-0.09639722,0.042821735,0.17600034,0.11847648,0.041793823,0.08559207,0.037541073,0.022738805,0.6803812,-0.17050529,-0.94602,-0.24952388,-0.005655035,-0.30001926,0.08646676,0.04843155,0.063291706,0.1075425,-0.6556285,-0.07369805,-0.074722916,0.18590844,0.0068604606,0.11632367
-0.15199211,-0.24548371,0.02122294,0.27004784,0.12387001,-0.060806815,-0.10881644,0.11097689,-0.34883136,-0.23769026,0.16666578,-0.054174747,-0.1946738,0.6092439,0.05364337,0.95717967,0.034052115,0.021411674,0.32307073,0.048753183,0.029853504,0.06439969,-0.16849205,0.055655003,-0.27484494,0.083277546,-0.10719219,-0.012949133,0.14241987
-0.09858725,0.0063667144,-0.081105515,-1.6735958,-0.5204812,-0.062725894,0.013235384,0.049314685,0.030335959,0.044450577,0.04756876,0.03594961,0.031980615,-1.7935389,0.018541994,-0.75773716,-0.31001022,0.001761068,-0.14708208,-0.11033537,0.03446268,-0.5131872,0.10118121,0.07946906,-0.28969812,-0.22495744,-0.3361306,0.007064714,-0.10688179
-0.26088294,0.06495791,-0.037789278,0.15326352,-0.3770178,-0.10863016,0.013563947,-0.5257338,-0.33630016,-0.34371573,-0.4586835,-0.14125952,0.05491756,0.36418852,0.009667354,-0.27305174,-0.0014812809,-0.015465204,-0.30970272,0.017662633,-0.51185673,0.089335956,0.12061727,0.09624871,-0.16741785,0.093934394,-0.17131172,0.0106279235,-0.24050276
0.09713545,0.015854262,-0.029478922,-1.9107335,-0.1746962,-0.06509827,0.0031693182,0.077355266,0.07569782,0.009243321,0.052204736,0.035080373,0.055119365,0.5227403,-0.066190645,-0.5124673,-0.07046857,0.00023987301,-0.17560929,-0.18291397,0.03715432,0.070313275,0.15087295,-0.6793861,-0.20922783,-0.119397976,-0.04006663,0.010145448,0.10333986
-0.051489823,0.004379025,-0.00200219,0.16120847,0.68329287,-0.048109956,0.046483714,0.17246665,0.09226568,0.047330886,0.106055245,0.02122553,0.023854092,0.6368317,-0.18316106,-0.62334365,-0.20112208,0.01236333,-0.35951564,-0.23624924,0.034528177,0.08906775,0.1914454,-0.30925158,0.12739122,-0.057585668,0.1910801,0.007330797,0.12221918
0.05458472,0.064265735,0.049482517,0.23815225,-0.26189616,-0.04935958,-0.048266187,0.09570447,-0.34385443,-0.19327465,-0.409219,-0.1006017,-0.07326588,-1.7873567,-0.044011332,-0.27218607,-0.093919486,-0.024998,-0.20599522,0.020399619,-0.19668958,0.071966305,0.03818853,0.105350375,-0.24938183,0.104349226,-0.3887189,0.01416977,-0.09597475
0.058839254,0.054829303,0.0030518044,0.21010187,0.6212767,-0.07066708,0.008526209,0.12397268,0.1314432,0.04495458,0.13446438,0.033226263,0.08640889,0.749273,0.05541907,-0.20739913,-0.12951645,0.0076475535,0.18231788,0.062804244,0.01762338,0.049263973,-0.10622655,0.08088914,0.1356167,-0.07481954,0.21846299,0.0066595394,0.102584876
0.09303491,0.029707454,-0.008729148,-1.9935478,-0.18570422,-0.044488914,0.014451612,-0.20082822,0.081257924,0.13253996,-0.1526446,-0.13599022,-0.063632414,-1.7641137,0.08571037,0.0023962616,-0.0045299935,0.0070574367,-0.030047916,0.014635618,0.056358688,-0.24322775,0.11136708,0.09645673,-0.070824444,0.1548872,-0.30825612,0.002846534,-0.047748324
-0.099348925,0.019596232,0.081181236,-1.8037558,-0.26380873,-0.052642807,-0.003062338,0.070233345,0.0944216,0.06651762,0.047552507,0.025589395,0.06837459,-1.851475,-0.040707108,-0.65501994,-0.014879601,0.012628651,-0.16911072,-0.09800113,0.032336537,0.07710802,0.13310091,-0.43846482,-0.059138484,-0.117624484,-0.08840287,0.00837768,0.09876019
0.094107874,0.04574674,0.07358605,0.3561974,0.019874187,0.40344024,0.10320461,0.15131323,-0.20868428,0.19862394,-0.47893628,-0.20951934,-0.13531753,-0.69082445,-0.032653816,-0.11229334,0.2884372,0.0058103483,-0.15796259,0.0218476,0.10516713,-0.44708875,0.15990481,0.08360232,0.0007011262,0.10383655,-0.42845294,0.0012938806,-0.14186373
0.16731825,0.01831352,-0.017142775,0.3085883,-0.34654638,-0.04148005,-0.088937625,-0.4134823,0.12723063,-0.4673277,-0.27552664,-0.20421515,-0.12315288,-0.59862584,-0.062224254,-0.1972682,-0.17238022,-0.005713149,-0.1939284,0.020456064,0.09291638,-0.3548818,0.10204759,0.06880588,-0.15106858,0.24735275,-0.0897226,0.012790434,-0.13015865
-0.087123916,0.032789864,0.08633527,-1.9296868,-0.10284101,0.22148167,0.052042797,0.092528254,-0.17111237,-0.12841818,-0.30405352,-0.099266015,0.08624817,-1.8361938,0.028452307,-0.3333196,0.15343334,-0.004429027,-0.09799636,0.015189025,0.025785241,0.062975876,0.067821845,-0.4409732,-0.19248788,0.16840702,-0.46398523,0.014015057,0.11559455
-0.09229664,0.024837311,-0.025686247,0.1960918,-0.94910973,-0.048738383,-0.057402886,0.13716613,-0.33180743,-0.20406084,-0.39162824,-0.09292517,-0.06903321,-1.8290468,0.0007231138,-0.20487364,-0.2022901,-0.02304535,-0.19002683,0.020405315,-0.18557303,0.068962485,0.040542588,0.092757985,-0.3308772,0.10518541,-0.39330193,0.013188224,-0.10375523
-0.035796117,0.040933374,0.006137227,0.2101629,0.15303263,-0.08932844,0.015434821,0.09058719,-0.30244312,0.031462904,0.110267565,0.069843486,0.096728876,0.6532324,0.10050316,-0.36232638,-0.06886509,0.010400756,-0.24699067,0.10933768,0.065469,0.03254166,0.14354183,-0.7245959,0.1708838,-0.07794071,0.17434427,0.0069322726,0.09995238
-0.17226556,0.026192602,-0.015745554,0.18015629,-0.25871578,-0.10913564,0.014710031,0.118926175,0.0747352,0.052566238,0.08336165,0.02041677,0.06251124,0.53188545,0.038787592,-0.7338574,-0.19404507,0.011215031,-0.43336058,-0.3281205,0.03653784,0.09870153,0.15252973,-0.81144094,-0.43275803,-0.12895766,-0.097591065,0.009101349,0.13803774
-0.14031564,-0.19393303,0.037622143,0.18546125,-0.15135016,-0.16622142,-0.037194468,-0.48935288,-0.47824544,0.1229795,0.10048716,0.0671387,0.11889083,0.45848408,0.04015304,-0.56969875,-0.1335371,-0.021556258,-0.34776244,0.02579106,-0.46392468,0.03365765,0.13713036,0.060122807,-0.29857254,-0.006603184,-0.037437733,0.009432876,-0.23784365
-0.15645543,0.039961554,0.013602805,0.21685506,-0.17480889,-0.07658677,0.039902035,-0.4718537,-0.12585194,0.11520737,-0.2504855,0.069201015,0.12964654,-1.8769761,0.01576662,-0.30895758,-0.16491163,-0.017479649,-0.1742281,0.014702645,0.09212098,0.06333236,0.1623812,-0.5365366,-0.1692154,0.18353069,-0.12841111,0.008112682,0.10959363
0.10672673,0.02744881,-0.029559556,0.2089974,0.02877607,-0.07706975,0.020598548,0.123778135,0.09118844,0.055486534,0.06930942,0.03631474,0.058757532,0.6092775,-0.067083016,-0.9594594,-0.14790757,-0.009455648,-0.4244751,-0.4197206,0.038883273,0.08981122,0.19862181,-0.6585241,-0.35963708,-0.10837971,0.15213007,0.00689613,0.11477319
-0.1177849,0.021674428,0.08666165,0.25009802,0.08210213,-0.088940546,-0.01978521,-0.7097584,0.08985524,0.116829716,0.12866078,0.0019172592,0.0737888,0.6049691,0.04157647,-0.12598555,-0.03206682,0.009957341,0.1658859,0.028335411,0.054859266,0.04853214,0.15460224,-0.618866,-0.123093225,-0.13671759,0.22381943,-0.0050887773,0.11541747
-0.12964328,0.031949636,0.00021204655,0.16276377,-0.07656497,-0.14818946,-0.13830663,0.09756557,0.109640636,0.049725883,0.08915936,0.046377074,0.08570215,0.5122315,0.058726847,-0.63999474,-0.112061895,0.0057455976,-0.39556932,-0.5295087,0.0325317,0.04221557,-0.08381124,0.14039482,-0.11662476,-0.10570954,-0.017828358,0.0076742135,0.10350555
-0.084355555,0.04097327,0.32859462,-2.2854795,-0.47772738,-0.049050797,-0.033187155,0.13280904,-0.3675471,-0.14481306,0.11030777,-0.079489626,-0.11692921,0.5915539,0.06489468,0.99866486,-0.4412948,0.021378854,0.19897409,0.023100033,0.032720853,0.042204037,-0.13002612,0.078960575,0.06692163,0.13109192,-0.17552067,-0.008814025,0.0943667
-0.05912488,-0.08300318,-0.044721127,0.25425,0.12927121,0.60858923,0.010788675,0.13920735,0.10822974,0.066486225,0.12650575,-0.06434552,0.025210856,0.68483645,0.120254174,-0.3261,-0.0866487,0.020429187,-0.21816905,0.11665174,0.037659403,0.0724979,0.08545607,-0.5946661,0.037047002,-0.099477045,0.18444775,0.009677596,0.12480733
-0.12121345,0.036802422,-0.008549706,0.3747307,-0.12426558,-0.04308943,-0.096665956,0.18327059,0.17510816,0.08754153,-0.41795102,-0.0805652,-0.09200606,-0.90653396,0.06644059,0.81783414,-0.26980442,0.016827703,0.16690244,0.022897355,0.05818026,0.07747563,-0.14192677,0.08611711,-0.09202038,0.12982464,-0.18572494,-0.0008502017,0.13785693
0.07764438,-0.12603703,-0.035476834,0.27132806,-0.21552603,-0.058001474,0.010509051,0.2114763,0.16760713,-0.21423423,0.1489831,-0.07293541,-0.12133953,0.6403932,0.060437728,1.0874072,-0.2418577,0.01537493,0.32815346,0.044549014,0.016440963,0.0678487,-0.12249341,0.08569691,-0.12049214,0.09574676,-0.20562166,-0.012477976,0.11576995
-0.29364696,0.051564097,-0.040368408,0.16659492,0.35916165,-0.076243214,-0.023659548,0.16728969,0.25145012,-0.256022,-0.61153466,-0.05966724,-0.13365857,0.54437906,-0.15705165,-0.045303587,-0.08886415,-0.035436776,-0.2577239,0.07274765,-0.17705758,0.08725723,0.13230875,0.06377069,-0.20263107,0.085227616,0.22010627,0.006260783,-0.20874467
-0.06933868,0.021587683,-0.056466103,-1.9054624,-0.36999017,-0.07784051,-0.11307856,0.06343092,0.068049744,0.025279503,0.05128598,0.034943458,0.052314743,-1.8401214,-0.025966443,-0.6225791,-0.18505687,0.016969,-0.14866129,-0.1048416,-0.1415271,0.05798553,0.10059215,0.069840714,-0.15444186,-0.11783222,-0.14231323,0.008566771,-0.08396425
-0.0072847484,-0.40344226,0.039801165,0.2662963,-1.2650421,-0.028577086,-0.00269942,-0.5637611,-0.23809193,-0.26346636,-0.34156203,-0.06067813,-0.042351115,-1.565512,-0.048268523,0.7749442,-0.19638161,0.017234808,0.06951779,0.014096574,-0.044058554,0.051815756,0.070800334,0.076516375,0.20939793,0.12608033,-0.36361033,-0.0017415433,-0.07361103
-0.15090816,0.042591028,0.09622312,0.25133917,-0.12416729,-0.10743335,-0.035673924,-0.6166985,0.15064332,-0.2191645,0.08178145,-0.10917812,-0.1430964,-1.7245604,-0.08842347,-0.3041603,-0.094508104,-0.02152963,-0.2393815,0.020845642,0.029921757,0.08970804,-0.067764364,0.13623743,-0.25028607,0.09936106,-0.3964812,0.008573373,0.07642909
-0.14059256,0.024013957,0.0032027012,-2.179384,-0.27694088,-0.051902737,0.06791423,-0.3095814,-0.15026282,0.08308714,-0.31370056,0.06106845,0.08242742,-0.7467102,0.071928434,-0.16806982,-0.27736062,0.0028670158,-0.050247088,0.011710927,0.08414252,0.033479374,0.1559214,-0.64939743,-0.1360367,0.19874421,-0.53663754,0.008386157,0.094360664
0.10662208,0.0172929,0.067471504,0.20611966,0.37116364,-0.0508376,0.0012907882,-0.6486065,-0.37268594,-0.1656177,0.08933711,-0.10361265,-0.14167765,-2.3060527,-0.07525198,-0.2667171,-0.10622744,-0.022150343,-0.18473315,0.020626763,0.005083416,0.07671093,0.14241801,-0.38690084,-0.1641623,0.14754106,0.1595786,0.007667961,0.113373026
-0.11582659,0.0026022035,-0.0008580361,0.19693786,0.0770193,0.48921674,0.012386819,-0.7778372,0.10614227,0.084591605,0.099949986,0.032528635,0.03431165,0.5891208,-0.18219453,-0.6269234,-0.08137653,-0.001359391,-0.1656412,0.055057194,0.05760332,0.04903087,0.09915241,-0.689805,-0.29750693,-0.09252349,0.18899792,0.006576456,0.11666977
-0.07024357,0.02260124,-0.052534487,0.24811073,0.03820668,0.4538777,0.037774548,-0.35990345,-0.17024139,-0.13110876,0.11787156,0.03152743,0.10151078,-1.0349025,-0.20251939,-0.365002,-0.34744927,-0.006080487,-0.12447051,0.036756944,0.07212549,0.05195046,0.1543159,-0.5138768,0.17578484,-0.06432459,0.17621425,0.0050918437,0.107628755
0.09397316,0.029677937,0.06650525,0.2826666,0.41866392,-0.071917966,-0.014680026,0.12621552,-0.35498905,0.0982538,0.14497715,0.030444141,-0.19502397,0.6971368,0.08388787,0.36120608,-0.015399996,0.02786527,0.2704496,0.061923042,0.03865134,0.037231047,-0.12744789,0.10629223,-0.02100055,0.12966621,0.19103079,-0.018591568,0.08059576
-0.17489457,0.0449441,-0.03991031,0.21043919,-0.47179067,-0.045939878,-0.0782293,-0.4007818,0.19943774,-0.25506756,-0.38917884,0.09138482,-0.06340673,-1.452453,-0.03811812,-0.32720488,-0.23718047,-0.027862608,-0.17178556,0.016874326,-0.16701707,0.064217515,0.082594186,0.12725866,-0.25714502,0.17511079,-0.441698,0.006873808,-0.09715067
0.12139258,0.10061217,-0.1172136,-2.3162436,-0.017452337,-0.05696749,0.030247133,0.09233837,0.026629785,-0.23678641,0.0714243,0.10677822,0.08136735,0.5859495,-0.0039717713,-0.05309746,-0.18564801,-0.0002415419,0.08521702,0.03730988,0.052263465,-0.36881796,0.11743545,0.0803268,-0.14121817,0.01797555,0.22939987,0.010999852,-0.19307593
-0.13775554,0.024331732,0.0037584133,0.22388706,0.49028417,-0.07244075,0.02140983,0.14372632,0.1778498,0.131361,0.18631501,-0.06830438,-0.10430884,0.68501997,0.07350387,0.44999465,-0.03157521,0.018980756,0.24104817,0.059359808,-0.13155083,0.06357471,0.11591132,0.085961185,-0.07488628,0.07706822,0.25246492,0.0124863945,-0.16964369
-0.053354733,0.0070742215,-0.0031377573,0.196589,0.791016,-0.048511717,0.046796847,0.1757091,0.097773485,0.04800817,0.10792459,0.023939151,0.022746405,0.63923526,-0.13861036,-0.5807098,-0.04737516,0.010234579,-0.35756937,-0.2356808,0.033212043,0.10017899,0.1925423,-0.47329935,0.2544373,-0.058868833,0.19214189,0.0073695867,0.12025445
0.10729753,0.02190112,0.070601426,0.21358806,-0.46604046,-0.04276706,-0.0805283,-0.36270744,-0.22048022,-0.24808282,-0.39919683,-0.104136705,-0.14208974,-1.7312099,0.12691231,-0.1895891,-0.316137,-0.020623704,-0.14720969,0.016106449,0.039917264,0.036879838,0.09374642,-0.7373254,-0.34650645,0.088204786,-0.5499138,0.015154114,0.11425546
0.07034853,0.04556356,0.00039709802,-2.0691872,-0.4024427,0.38539574,0.009335214,0.08794685,-0.2617044,-0.22661464,0.10549827,-0.19078057,-0.06913272,-1.8476431,-0.082141586,-0.1781622,-0.385151,0.0022238581,-0.08532371,0.017796764,0.02960364,-0.41113713,0.042252984,0.0668816,0.04262698,0.102493964,-0.3292266,0.00961795,-0.101136535
-0.08981732,0.03882643,0.015015003,0.2231103,-0.13971731,-0.07058753,-0.11014079,0.096480764,0.11646216,0.07236373,0.07470748,0.032813817,0.068492964,-1.861128,-0.0014164662,-0.6488768,-0.15840462,0.022341818,-0.28291053,-0.1500722,-0.16155903,0.09315404,0.097435124,0.12256137,-0.24541588,-0.13389267,-0.45177487,0.005865754,-0.12413921
-0.11262389,0.037243564,0.07321285,0.26338702,-0.5855616,-0.07275335,0.027358938,0.12590219,0.043889552,0.07345973,0.06329202,0.023365194,0.07270666,-0.9465577,-0.098359056,-0.81588954,-0.39278132,0.016781818,-0.3177516,-0.13624613,0.04933494,0.10931693,0.15945736,-0.58948034,-0.37525582,-0.20971207,-0.16498123,0.008703606,0.11961572
-0.08989089,0.020962942,-0.06922118,-1.8081788,-0.56751776,-0.059217032,0.0050020516,0.061686847,0.058593873,0.05521782,0.05153001,0.029019209,0.06706968,-1.7416426,-0.035169605,-0.6580199,-0.18144172,0.014527819,-0.16592641,-0.09605591,0.034121938,0.07954651,0.1242103,-0.47916394,-0.23269789,-0.16928405,-0.13012965,0.009796577,0.10326272
-0.17561962,-0.21457472,0.051009305,0.2838376,-0.17850703,-0.060072467,-0.040968355,0.12140548,-0.34815085,0.06739637,-0.7092853,-0.13349245,0.106401056,0.46018124,0.03674857,0.2600637,-0.47804764,0.02174164,0.24621348,0.027870432,0.051533293,0.05903045,-0.17622142,0.04684388,-0.3080958,0.107366756,-0.22604679,-0.039962232,0.129218
0.09560303,0.06731638,0.051407423,0.30251238,-0.3751264,-0.08834817,0.060641166,0.1152712,-0.2685691,-0.23291926,-0.29623812,0.05940311,-0.19926748,-0.61524504,-0.048760924,-0.33087733,0.026825232,-0.026619686,-0.19768548,0.01990785,-0.528353,0.06184551,0.12515369,0.053596687,-0.22285558,0.19901393,-0.13327236,0.01324139,-0.13519752
0.14685555,0.020859666,0.14490211,-1.8966551,-0.43208322,0.33870822,0.003963478,0.048419755,0.030194528,-0.22074366,0.055550825,0.048251554,0.05722624,0.56864834,-0.0069100847,-0.4334301,-0.06623273,0.0046022027,-0.1828857,0.024375673,0.056168403,-0.43907666,0.16284524,0.10435666,-0.06004209,-0.11998389,-0.1285498,0.0074666208,-0.1923846
0.036507558,-0.15020117,-0.03823448,0.20949528,-0.39739487,-0.04319111,-0.004464994,0.079915956,-0.32495618,-0.22352256,-0.32544225,-0.11533488,0.027951788,-1.7049367,-0.05609988,-0.22688743,-0.096435346,0.04179571,-0.1907018,0.020371052,-0.3005146,0.062022466,0.06562256,0.083009996,-0.1283235,0.120280765,-0.3701214,0.020888645,-0.093444005
0.10801263,0.0338148,-0.0053157858,0.22968835,-0.31909218,-0.064323284,0.045769654,0.06269329,0.12984349,0.075274676,0.07922176,0.0653068,0.045035463,-2.0414982,0.040904775,-0.7048315,-0.08106064,0.005567978,-0.27698666,-0.17214288,0.04758308,-0.61654264,0.10540866,0.030729946,-0.4483739,-0.19170582,-0.40235853,0.004842178,-0.15493777
-0.100352235,0.056676526,0.016602509,-2.7918563,-0.43729022,-0.05918094,-0.07797164,0.091272786,-0.20280513,0.070444725,0.12376476,0.06178207,-0.13140975,-0.9339052,0.009296951,0.09847785,-0.22562948,0.014567969,0.10182584,0.017945958,0.038924962,0.038590148,-0.12103319,0.09491766,-0.21066722,0.12574162,-0.2695947,-0.06878957,0.08984448
-0.30682948,0.032777593,-0.041078445,0.16048935,-0.011578122,-0.11813609,0.018914059,-0.6394612,0.10538297,-0.25241926,-0.45620587,-0.0853733,0.08414457,0.43946818,0.023594335,-0.3027344,-0.05242337,-0.0036311005,-0.24540226,0.033512954,0.051391862,0.058147863,0.16722386,-0.49960366,-0.14432786,0.21818715,0.22951427,0.0047412193,0.12002293
0.15202785,0.037920907,-0.033617914,0.23906454,-0.36406827,-0.081128664,0.053997267,-0.5073329,0.27504465,0.12383884,-0.36641866,0.14879271,-0.15038264,-1.4700127,-0.05741028,-0.37686917,-0.15718518,-0.024138207,-0.15535177,0.016541628,0.06718118,0.019695386,0.14989677,-0.6458086,-0.18758696,0.20285708,-0.63849443,0.006806079,0.10841142
-0.1317285,-0.18554248,-0.0070239236,0.2507069,-0.28768325,-0.06657366,-0.06621781,0.11459805,0.19214968,0.1550948,0.1850979,-0.05980906,-0.18879116,0.6128526,-0.11607801,0.15887201,-0.09665333,0.010776801,0.27317727,0.0359266,0.04973497,0.06017745,-0.19669713,0.07843586,-0.15151614,0.011197894,-0.02926446,0.017404262,0.12228994
-0.20864521,0.025461188,0.062405817,0.27413577,0.35945442,-0.073045395,-0.05828753,0.15037571,-0.37126628,0.19307795,0.13081926,0.093598895,-0.23041146,0.7119618,0.08710311,0.1769204,-0.1278325,-0.013065269,0.25338265,0.059357088,0.04499232,-0.32067692,0.104296766,0.07111357,-0.107602134,-0.025115743,0.20518221,0.0038082434,-0.19117312
0.08453434,0.037043188,0.05677189,0.31138286,-0.28848648,-0.07631182,-0.04817516,0.12408958,0.06225725,0.07869364,0.06306889,0.037904438,0.059331156,-0.7031743,0.025228314,-0.7254978,0.018551862,0.017285807,-0.26602244,-0.1557781,0.067791335,0.033124365,0.17843531,-0.6526166,-0.072420634,-0.14807229,-0.096277766,0.009287669,0.117398694
0.10286223,0.028698739,0.03378107,0.33369023,-0.32848185,-0.0715936,-0.0522508,0.19468899,0.17504597,0.09789126,0.15130515,-0.058641627,-0.16975747,0.57165295,0.032977972,0.21039584,-0.2650671,0.01539929,0.27255267,0.0427581,0.030583277,0.033486333,-0.1973653,0.111798085,-0.11633101,0.12334132,-0.2141933,-0.051604014,0.09879232
0.10483011,0.033540867,-0.011072402,0.2550418,-0.14845802,-0.07883733,-0.018116748,0.13863716,0.18309292,0.11841,0.11693034,0.007254499,-0.10122126,0.65544236,-0.09104992,0.05150872,-0.06060462,0.019062608,0.2015589,0.039402824,-0.20075633,0.045203812,0.2284315,0.0965604,-0.24133915,-0.13094714,0.2275508,0.0008072975,-0.17762482
0.0057828464,0.016720118,-0.049483184,-2.0039825,-1.1592759,-0.03464095,-0.017293276,-0.34077707,-0.15645255,-0.19547766,0.073516555,-0.09371245,-0.067771174,-1.8256286,0.037206035,0.39008033,-0.32189828,0.013731267,0.028923938,0.0139186,0.00019904805,-0.27975595,0.033625793,0.084341414,0.08902206,0.11485759,-0.30073866,0.0056727207,-0.08590029
0.074694544,0.006858991,-0.0062163007,0.20141979,0.11082474,-0.078472495,0.021260137,0.18360487,0.15554449,0.06655409,0.09288366,0.06301214,0.07461485,0.70828,0.0722504,0.06575478,-0.07800632,0.010233383,0.17168815,0.07302889,0.02302954,0.0361891,-0.14857522,0.09057054,-0.14419955,-0.080083355,0.185209,0.006230109,0.09612681
-0.0860702,0.060281117,-0.02918294,0.29865998,-0.23309295,-0.0960737,0.13325325,-0.3926585,-0.27563462,0.096967295,0.105263405,0.06504002,0.03855414,-0.4077131,0.05136093,-0.23937187,-0.2788423,-0.01737328,-0.15639909,0.015901823,-0.5197798,0.053238515,0.13913004,0.1271121,-0.19811614,-0.07289802,-0.38711154,-0.0010945534,-0.14334609
-0.08782306,-0.004401564,-0.025186831,-1.7587923,-0.96380544,-0.06680184,-0.10285055,0.075741746,0.01836972,0.03553232,0.06354697,0.023704203,0.041340165,-1.7662627,-0.030042987,-0.65841526,-0.34090084,0.015484143,-0.118866876,-0.10528351,0.03462781,0.045126915,0.07230197,-0.4859262,-0.22550091,-0.16195588,-0.44011328,0.009108535,0.13386571
0.07935046,0.049943794,-0.01987466,0.2380005,0.11125071,-0.12463461,0.012913935,-0.572822,0.15137401,0.10409114,0.06741194,0.05620685,-0.19433756,-1.1787226,0.030863516,-0.5029327,-0.33230186,-0.007666313,-0.1504115,0.0460881,0.067433,0.02198703,-0.12893037,0.076407224,-0.18352574,-0.08826988,0.1375894,0.0043236,0.0982588
-0.14047368,-0.22551298,0.0056412197,0.19153118,-0.20269248,-0.16874276,-0.022977801,0.09669386,-0.5187986,0.09130401,0.10399111,-0.10281945,0.1471545,0.5154165,0.06766129,-0.46112263,-0.061223026,-0.04814973,-0.4088177,0.048066817,0.082026154,0.049356025,-0.14944723,0.06787091,-0.25565672,0.014200987,-0.028575698,0.0028835752,0.12689757
-0.09523407,0.017706402,-0.18904845,-1.7814077,0.019248096,-0.077874035,0.0060357917,0.059479762,0.0808918,0.0051456396,0.068525225,0.030058146,0.076477945,0.49184236,-0.1666879,-0.5042076,0.02042156,-7.614819e-05,-0.20010926,-0.28076395,0.019117054,0.08079036,-0.06670386,0.12877497,-0.23409116,-0.10244657,0.0039254148,0.011251171,0.084511906
-0.2584807,0.031801764,0.07547156,0.2257956,-0.011360791,-0.053389255,0.02448846,-0.3851166,0.171683,-0.14598224,-0.316962,0.11598632,-0.15365455,-1.2940402,0.09185819,-0.34699613,-0.168861,-0.02011961,-0.16108844,0.015095904,0.046552654,0.037998907,0.098272406,-0.71964616,-0.13202603,0.18903899,-0.5847843,0.011978221,0.07482123
0.10932677,0.0061749923,-0.00075368,0.23946007,0.11278101,-0.04758136,0.055863995,0.1485355,0.086484194,0.038014524,0.056618307,0.02954694,0.004794022,-1.1596489,-0.04722115,-0.85419685,-0.40868694,0.0019949537,-0.19850487,-0.25028524,0.037739806,0.073591925,0.1843412,-0.5510496,0.023733899,-0.12437484,0.15299341,0.0058480683,0.09705574
-0.11005883,0.015079906,0.007879649,0.21064185,-0.5508563,-0.063083544,-0.15079628,0.10670661,0.055373404,0.051942993,0.07852253,0.033279754,0.04894202,-1.8165038,-0.0054573454,-0.9063573,-0.5425821,0.020432288,-0.29340786,-0.15178609,0.04670125,0.061258294,0.09332607,-0.64369184,-0.2741587,-0.15319213,-0.5726241,0.0065733427,0.15086335
0.11053476,0.032498516,-0.008850025,0.19630934,0.11802097,0.41809523,0.013496864,-0.48878947,-0.31126314,-0.22136597,-0.32312575,-0.11240843,-0.16264161,-2.1677244,0.014272686,-0.3898204,-0.19539078,-0.011460736,-0.15923597,0.02967302,0.0523667,0.06610198,0.10502076,-0.36463103,-0.18087623,0.1645963,0.16799426,-0.00084019627,0.108896405
0.112436555,-0.12890646,-0.004344265,0.259988,-0.39929,-0.043710265,-0.031885013,-0.44779232,-0.34190845,0.16806069,-0.57748586,-0.122540206,0.03737358,0.5524378,-0.02022936,0.7169981,-0.360983,0.024244353,0.2333794,0.019070776,-0.39203617,0.03487397,0.15286796,0.085192926,0.0030826323,0.1690896,-0.17924054,-0.0020028586,-0.1812943
0.1177674,0.009813068,-0.008306587,0.20109002,-0.105341956,-0.06076463,0.016171178,0.14588302,0.10025473,0.04826174,0.06025212,0.035002805,0.03568143,0.5995976,-0.1053241,-0.7226747,-0.06311004,-0.008323645,-0.3982493,-0.45161244,0.026835235,0.09379523,0.19381912,-0.5978938,-0.053642493,-0.11098452,0.1661275,0.00689613,0.11299255
-0.32274118,-0.12682998,-0.028413363,0.30915105,-0.18726581,-0.10379594,0.02818939,-0.3779729,0.05647621,-0.3105588,0.058240242,0.09893727,-0.26295125,-0.4705383,0.10480194,-0.25168493,0.31040895,0.0048850267,-0.17298071,0.019415146,0.10318541,-0.3906124,0.17732975,0.06790463,-0.09151235,0.13667513,-0.119614884,0.026557202,-0.14840111
-0.10269205,0.05816326,-0.0049121454,0.24543105,-0.5791664,-0.04034965,-0.033891905,-0.70134145,0.12943694,-0.2939797,-0.5610013,-0.04604442,-0.07328888,0.14290906,-0.034968514,0.84981185,-0.18960021,0.021047428,0.17594202,0.021547493,-0.16710998,0.069185376,0.10456131,0.1495922,-0.13320653,0.10842872,-0.53153634,0.0009762173,-0.2796571
0.0966574,0.05224921,0.03415886,0.24282877,-0.17003962,0.49155998,-0.0029445332,0.071755,-0.23272625,-0.30046713,0.12648897,0.04776113,0.10570657,0.61495286,0.085523024,-0.3174101,-0.09008818,-0.0014810029,-0.23140916,0.055426866,0.09755497,-0.3243828,0.13369459,0.10097325,0.105692126,-0.07862422,0.020775417,0.007068577,-0.23938239
-0.13417143,0.00081562356,-0.040313717,-1.697038,-1.0260577,-0.057999298,-0.052019008,0.06624062,0.026660522,0.056394815,0.055171285,0.037371363,0.038618032,-1.8190744,-0.021268424,-0.62771815,-0.36850232,0.011897317,-0.12165062,-0.10829528,0.040124673,-0.2981889,0.07173844,0.08737385,-0.21284735,-0.1658525,-0.34370986,0.0072500957,-0.09988544
-0.17977923,0.02622077,-0.003865865,0.22710988,-0.5325414,-0.07002892,-0.040511664,0.08500218,0.061498296,0.07138796,0.07435837,0.04332809,0.041508332,-1.9539459,-0.0013331476,-0.91551834,-0.60059685,0.015183174,-0.2740536,-0.14411062,0.052939974,-0.42080557,0.08668519,0.10898346,-0.20120858,-0.17447025,-0.4419615,0.0053077643,-0.12760913
-0.11644264,0.07969353,-0.032677423,0.17890298,0.14263089,-0.07705891,-0.002498631,0.19003282,0.12119056,-0.23112185,0.11532614,0.026336342,0.098539874,0.69518566,0.0812307,-0.017188683,-0.025223907,0.009497327,0.15486543,0.06347882,0.014847425,0.09240983,-0.11572706,0.09152126,-0.23173591,-0.10464333,0.18826206,0.007098352,0.12457992
0.06945308,0.012496793,-0.029269181,-1.9181683,-0.2252721,-0.05529639,-0.0930117,0.07923157,0.043820757,0.03703498,0.046868585,0.03748068,0.06145187,-1.7912946,0.005763495,-0.3930515,-0.19373453,0.015701048,-0.14565894,-0.10840962,0.044921555,0.047075123,0.14166494,-0.52384746,-0.19800872,-0.1634299,-0.5264365,0.009489053,0.10784339
-0.16456826,0.018899921,-0.016949957,-2.8098612,-0.37458262,-0.056730438,0.028169313,0.058013663,0.102664016,0.16621323,0.0914055,-0.12005352,-0.022016041,-1.0071317,-0.08809127,0.124432184,-0.009217127,0.010513665,0.09497415,0.017085586,0.052286737,-0.35840768,0.11206609,0.0431561,-0.16708279,-0.019808527,-0.15801334,-0.044541158,-0.1093098
-0.13161072,0.04774504,0.11938134,0.26389253,0.060489845,-0.06503365,-0.014552215,-0.7747857,-0.18527679,-0.24513769,0.12166684,0.07516502,0.2118326,0.57796425,0.032747816,0.041016053,-0.0752008,0.015189085,0.23694582,0.03589358,0.021458937,0.07443369,-0.11692989,0.069371216,-0.05680503,0.12145831,0.17412679,-0.003350039,0.12267982
-0.11065336,0.014098859,-0.055957697,-1.942585,-0.27777493,-0.054481428,-0.119564995,0.0758322,0.06098168,0.030942012,0.04771824,0.03513374,0.05653335,-1.7919259,0.0026177797,-0.41529393,-0.050506867,0.015322257,-0.14883229,-0.10474478,0.04025932,0.06274835,0.13174151,-0.3711402,-0.17726524,-0.12389517,-0.12871332,0.0096501075,0.10302361
0.004097532,0.056468032,0.033233963,-2.2715592,-0.4231288,0.32646185,0.064626954,0.09909026,-0.2675661,-0.1310209,-0.46854222,-0.098491155,-0.034843273,-0.962738,-0.043877214,-0.20784698,-0.40944737,0.012574619,-0.09733545,0.01458977,-0.29509225,0.068771094,0.081741616,0.0834877,-0.16280179,0.054797113,-0.36573893,0.010939506,-0.10976798
-0.12574393,-0.14255372,0.053540718,0.2373603,0.7329204,-0.06378943,0.017314658,0.12619688,0.14667909,0.06416979,0.15251224,0.015587659,0.04840043,0.7531664,-0.12329704,-0.19003436,-0.1940226,0.00615702,0.18841714,0.04658829,0.029950488,0.058480144,0.14442138,-0.5400701,0.14209318,-0.0582996,0.25365725,0.013360319,0.115323946
0.08086468,0.026985249,-0.030736849,0.2506118,0.037472956,-0.0649625,0.030084057,0.12725633,0.0948618,0.046580113,0.0588108,0.036376238,0.045881268,-1.2393486,-0.04420675,-0.98756826,-0.40457013,-0.0024451993,-0.227537,-0.2631601,0.045912147,0.079103,0.18108195,-0.51680773,-0.19129026,-0.15032443,0.14271107,0.0058480683,0.10825666
0.11613346,0.009813068,-0.009678479,0.2079255,-0.07342197,-0.062880516,0.016171178,0.14588302,0.0995031,0.04826174,0.066877596,0.035002805,0.04533277,0.5975711,-0.11140845,-0.769129,-0.07816089,-0.008558402,-0.39869246,-0.4521405,0.026835235,0.09370593,0.21301699,-0.59775615,-0.106286235,-0.11318444,0.1659695,0.00689613,0.113047384
0.09929949,0.012679859,-0.011481686,0.166528,0.5145626,-0.053319182,0.0009334406,-1.023963,0.13515162,0.06163507,0.117093034,0.00472111,0.058664344,0.6828804,-0.15976892,-0.055151295,-0.07563347,0.009953328,0.11425409,0.028721247,0.033426564,0.045750823,0.16547485,-0.6485135,0.20894729,-0.03983287,0.23177224,0.005998894,0.111292385
-0.13801765,0.0009871534,-0.013960072,0.1915832,0.627496,-0.06967999,-0.32065785,0.12455453,0.0700971,0.03130251,0.09408898,0.029649572,0.021062477,0.5974828,0.054667372,-0.82145244,-0.30499506,0.00260325,-0.36120299,-0.33632466,0.039699867,0.08466042,0.15283817,-0.5469887,-0.085977405,-0.0672027,0.19004047,0.0066158306,0.12431763
0.08225048,0.01451524,-0.0007421319,0.2199361,0.7126369,-0.05813898,-0.058663372,0.15840632,0.16557996,0.059658762,0.14413959,0.03765212,0.08033695,0.7404283,-0.14040236,0.24799456,0.07344173,0.008868119,0.17690471,0.06787166,0.018089157,0.044179127,-0.13335486,0.081288084,0.18573608,-0.04205885,0.22890289,0.008229558,0.09423466
0.043352,0.050987314,0.013615312,0.23691753,-1.3064198,-0.021591429,-0.019496707,-0.4333747,-0.26063296,-0.2161349,-0.22647813,-0.09382189,-0.075817876,-1.9716582,0.13334414,0.6147024,-0.1802607,0.023488514,0.041426837,0.016271701,0.00500771,-0.16606781,0.07555654,0.105293706,0.15433642,0.13621022,-0.38303953,0.012271463,-0.08213088
-0.0970856,-0.041931782,0.023637481,0.25346524,0.677935,-0.06225344,-0.034933,0.135555,0.15200654,0.066119745,0.17728364,0.036013737,0.10194745,0.74046475,-0.18526931,0.09767485,-0.039175224,0.0066178404,0.17289561,0.064832985,0.023805534,0.059424404,-0.12533508,0.07243315,0.20345713,-0.043992944,0.22014745,0.019814907,0.10551682
0.1012283,0.023035277,-0.0377726,-1.8063043,-0.30083784,-0.051397663,0.042104658,0.037967037,0.08996733,0.08899152,0.054645196,0.06441337,0.046858676,-1.8644696,-0.018470919,-0.53073114,-0.19601814,0.007658041,-0.14076206,-0.13426746,0.054607496,-0.19513494,0.068285644,0.09902423,-0.13692635,-0.08219603,0.012480277,0.007635491,-0.080112815
0.1553452,0.016091261,-0.103844486,-1.9276973,-0.25439468,-0.09257704,0.059733592,-0.3555535,-0.13334829,0.07801238,-0.26613384,0.04712292,-0.14890003,0.45443648,-0.03206685,0.04175935,0.05390789,0.0031845595,-0.11275018,0.014707816,0.101707384,0.029273923,0.23539725,-0.59172416,-0.16134118,0.119872585,-0.08429753,0.0094551295,0.09609993
0.08970479,-0.10124385,0.0010724388,0.2959712,-0.2617873,-0.08101855,-0.039548863,0.16932605,0.13357209,0.15616292,0.14367408,0.038839094,-0.17760861,0.5635296,0.037892494,0.06491064,0.1993346,0.01803611,0.22534576,0.03726218,0.05362946,0.034104798,-0.17219149,0.07619526,-0.16866264,-0.14848539,-0.15888025,0.051066615,0.12193482
-0.05817109,0.003449364,-0.003861705,0.16776541,0.70666766,-0.048150603,0.04652659,0.17510696,0.09380898,0.04962156,0.10781763,0.024139676,0.024085356,0.6422843,-0.16013856,-0.347348,-0.1768841,0.01236333,-0.3562531,-0.23560591,0.03545297,0.096860535,0.19373876,-0.3400316,0.17917156,-0.058864865,0.18254966,0.0073695867,0.12221918
0.109145746,0.03291717,0.050181214,0.2340987,0.4312733,-0.0584328,0.032884438,0.08569577,0.14200625,0.091688834,0.06631097,0.06780218,0.08110397,-1.8106271,0.026746511,-0.79665494,0.057937026,0.011415287,-0.263169,-0.1709444,0.04265595,-0.6491134,0.13802429,0.08005029,-0.4750486,-0.13325013,-0.40347144,0.003958137,-0.14520404
-0.13875394,-0.05630376,0.05606456,0.31123367,-0.29625657,-0.07115638,-0.016027346,0.18589777,-0.33879748,0.09307902,0.19888975,0.07836044,-0.14118183,0.5260982,0.027169505,-0.044220172,-0.3124706,0.01774813,0.25216076,0.036281966,0.040551353,0.053032972,-0.13153015,0.12229834,-0.19175728,0.11911001,-0.37974647,0.04766983,0.114047736
-0.17983195,0.02819272,-0.00015517305,0.1826973,-0.20177855,-0.15526931,0.006684331,0.0921526,0.14472082,0.050198067,0.099344626,0.036135726,0.080562815,0.55380553,-0.14280795,-0.8138755,-0.08076816,-0.0034426036,-0.3516804,0.05770239,0.064251736,0.027855314,0.0718983,-0.6782094,-0.14595306,-0.13670298,0.19140841,0.002318678,0.11963371
-0.09182565,0.06922107,0.093391895,0.2981213,-0.32148248,-0.06552911,-0.046204325,0.1713095,-0.42124534,-0.16349228,0.16841553,-0.07736341,-0.19513059,0.5272243,0.0479309,1.039317,0.096873246,0.02783092,0.34527034,0.03995217,0.05115117,0.059650943,-0.118168525,0.08379909,-0.0024928115,0.08502863,-0.11523236,-0.0057911063,0.11798552
-0.13590507,-0.0003856427,0.009588636,0.21192032,0.37257487,0.3547202,0.01446585,0.100536495,0.056836072,0.09714747,0.1015825,0.04497935,0.012740653,0.6313106,0.06286447,-0.9833579,-0.11125104,0.028460266,-0.24834222,0.14554322,0.04534693,-0.5823788,0.06717525,0.11675353,-0.3190371,-0.0656857,0.18353339,0.0026539161,-0.22585274
-0.045645744,0.01483554,-0.054332,-1.8763936,-0.49492607,-0.0713733,0.03179451,0.068069525,0.08527282,0.0453638,0.056910105,0.02254365,0.026036927,-1.8812687,-0.04140786,-0.6468615,-0.17331672,0.016623875,-0.16202872,-0.103703514,-0.114049554,0.084007315,0.0654595,0.07690502,-0.15623716,-0.1465786,-0.3113773,0.0077453754,-0.13271937
0.044039864,-0.17054048,-0.011370219,0.38870355,0.10561538,-0.049419094,-0.024548566,0.21967883,0.16048309,-0.21253848,0.14931887,-0.07426855,-0.081272274,-0.95260924,0.041012906,0.7799616,-0.022706034,0.015974589,0.20746861,0.02884363,0.053165104,0.08940647,-0.06550282,0.110462405,-0.035658255,0.12674236,-0.33346528,-0.0066493885,0.158465
0.052420415,0.03652241,-0.004935415,-1.9310974,-0.21463223,-0.04654963,-0.048438266,0.037900716,-0.23352654,-0.13222648,-0.26206774,-0.09303679,-0.05821363,-1.7293319,0.047878366,-0.18166117,-0.115851216,-0.011819879,-0.10713331,0.014933319,-0.23886521,0.05510203,0.053531542,0.08647066,-0.17495333,0.14812866,-0.29298434,0.013321167,-0.086325206
0.023225533,0.061328705,-0.08695428,-2.533897,-0.4530359,0.6417341,0.034896053,0.08637517,-0.32101667,0.07073212,0.15178414,-0.107892096,-0.07060183,0.48053494,-0.030211173,-0.2575721,0.08921313,-0.0041557825,-0.14456633,0.02451088,0.048712295,0.057202924,-0.17037842,0.09141721,-0.06917089,-0.0092431335,-0.31196025,0.007242508,0.114084914
-0.079305574,-0.07805476,0.014346151,0.21576928,-0.9102832,-0.075400114,-0.09577673,0.09811566,0.066353366,0.061728176,0.09542539,0.02937035,0.044117536,-1.9499402,0.015348044,-0.7895574,-0.51085347,0.025324013,-0.22562166,-0.14425038,-0.20257749,0.05759663,0.05880775,0.10297664,-0.20560504,-0.14702278,-0.4106282,0.008716882,-0.16035153
-0.076015025,0.13740411,0.11032178,0.45703754,0.112559564,-0.042670116,-0.060553152,0.17710505,-0.082409725,-0.085124284,0.15159285,-0.062361605,-0.13938755,-0.6978312,-0.037978627,1.1001842,-0.03856119,0.021780265,0.2071319,0.025031406,0.055640418,0.063770436,-0.09019844,0.13571118,-0.024281505,0.13974507,-0.2751699,-0.006710734,0.12249113
0.07357446,0.036945842,0.038083702,0.40985253,-0.096931934,-0.0562265,-0.044979267,0.22761507,0.1368077,-0.12398187,0.14257614,-0.09645603,-0.13778262,-1.0809721,0.035200313,0.7637088,-0.29561502,0.016760742,0.2114039,0.027380593,0.03962582,0.09821692,-0.07430727,0.12698685,-0.05088718,0.11864193,-0.3516097,-0.010667065,0.16014211
0.03573018,0.041687515,0.036223188,0.21554355,0.03568487,-0.08071517,0.009796619,0.1403947,0.119076,0.037758447,0.11162323,0.04090694,0.054478094,0.70132005,0.051229656,-0.2745046,-0.09207714,0.003383127,0.17186494,0.06873656,0.015092436,0.03726988,-0.1111115,0.11184799,0.09023117,-0.07583709,0.20020498,0.0066595394,0.09123059
0.08722995,-0.017639128,-0.018052805,0.17775424,0.40421498,0.44027114,0.037988957,-1.1002501,0.0867779,0.06690958,0.10265242,0.027131608,0.013524763,0.6221949,-0.2902432,-0.39714748,-0.114910804,-0.027108395,-0.21208675,0.049585354,0.048858263,0.06686493,0.11140361,-0.72835785,-0.3504015,-0.084648006,0.18469688,0.006102999,0.11216385
0.107900284,-0.12918937,0.06992476,0.31125066,-0.16608965,-0.059234772,0.0016448726,0.17045489,0.11164892,-0.14381495,0.13173816,-0.08522977,-0.13283844,0.65152276,-0.06281198,0.96723783,-0.09247172,0.014875229,0.32144386,0.039833624,0.025664805,0.058454875,-0.10494147,0.09635602,-0.04478232,0.10623239,-0.17791407,-0.01533769,0.12102748
0.11393779,0.026968531,-0.04089436,-2.4956691,-0.42508933,-0.030464437,-0.03897134,-0.36353284,-0.14852343,-0.3201,0.08806916,0.10031391,-0.07187746,-1.0522543,-0.040719654,0.41217354,-0.15723808,-0.0004128575,0.07083355,0.014304649,0.058352996,-0.2595305,0.07317282,0.11055836,0.0759159,0.22150628,-0.32905528,0.0039970046,-0.13188525
-0.09521788,0.023476211,-0.02565298,0.17870492,0.1388573,-0.07769679,-0.02706745,0.17799531,0.14339843,0.07789644,0.12712249,0.031206645,0.068149544,0.7052801,0.06900793,0.047921088,-0.07824006,0.009209879,0.16786472,0.0706369,0.021091433,0.052423336,-0.132881,0.09294734,-0.1405874,-0.09618389,0.18371361,0.0068699475,0.09741441
0.08328039,0.025069958,-0.05094978,-1.687833,-0.3541007,-0.064297214,-0.013929697,0.039703544,0.06683895,0.078815676,0.060717296,0.049072254,0.057569295,-1.8304372,-0.03569715,-0.65666384,-0.3028867,0.0032278828,-0.15246308,-0.113555774,0.049976014,-0.46126565,0.118697785,0.085611545,-0.38163057,-0.15091544,-0.1269572,0.007897758,-0.085370906
0.12297599,0.029953351,-0.015159203,0.32003623,0.33573928,-0.058836006,0.017779602,0.1195379,-0.42006102,0.11464682,0.109213516,-0.028469536,-0.1489944,-1.1841556,0.04285272,0.49886745,-0.1959067,0.005663006,0.16748327,0.040026266,0.049196698,0.039636675,0.16372427,-0.5154945,-0.06135679,0.15651834,0.15519722,0.023460269,0.10869018
0.11149941,0.06568221,-0.0015299461,0.22521731,-0.10337316,-0.051416192,-0.039300926,-0.5901658,-0.19896525,0.18747732,0.14506301,-0.08182024,-0.03796245,0.54441893,0.034616787,0.80596554,0.14375617,0.010308455,0.25651208,0.023911864,0.07034708,0.031426173,0.24113698,-0.70673853,0.06622647,0.1399243,-0.16462263,1.582396e-05,0.11148538
0.0009712881,0.13469835,0.03992727,0.3483038,-0.18167187,-0.03208817,0.0005459975,-0.49899116,-0.24946924,-0.14929998,-0.38831842,-0.06882549,-0.08957749,-1.6635978,-0.10630657,0.86558855,-0.116463445,0.03093029,0.106750675,0.016420595,-0.01773655,0.057077132,-0.08840643,0.1251898,0.046425533,0.07924855,-0.3610446,-0.0035266622,0.05232623
-0.13655101,0.046352852,0.053214557,0.30488142,-0.3065181,-0.07661092,-0.04777818,0.18633841,-0.41387996,-0.19351341,0.16827103,-0.12516071,0.0796066,0.5562401,0.03598868,0.38543072,-0.4176657,0.021232193,0.30525452,0.032650433,-0.2377303,0.11873824,0.09900587,0.07684643,0.012214553,0.046768278,-0.20272967,-0.013324217,-0.30545834
0.09867096,-0.090389065,0.012337058,0.20626003,-0.5219448,-0.081033155,0.027553458,0.067968465,0.04771286,0.105440594,0.06452616,0.04643411,0.036832456,-2.103607,-0.026285576,-0.8921478,-0.4560571,0.008313961,-0.2722455,-0.17090832,0.062147107,-0.6465255,0.085624725,0.052560836,-0.54657495,-0.17018801,-0.41123635,0.00610372,-0.19172859
-0.15271106,0.057152167,0.08902618,0.26297912,-0.27048078,-0.10970552,-0.09030697,0.113189675,0.20214893,-0.13492686,0.1300148,-0.17091547,0.038961474,-1.7268839,-0.030512098,-0.44318876,-0.29862025,-0.022353375,-0.2317782,0.027843803,-0.21271022,0.09400973,0.026833069,0.11593457,-0.18404071,0.21784636,-0.40730816,0.010279117,-0.1228785
-0.10221024,-0.06983657,0.036549155,0.23379488,0.295574,-0.074602686,0.023624819,0.14097783,0.2077175,0.11425771,0.12555724,-0.06893923,-0.09494825,0.6704893,0.069935165,0.50650686,-0.091322385,0.0039103716,0.22802903,0.072608516,0.02004455,0.046986315,-0.12976559,0.08869561,-0.052911624,0.057123005,0.19067442,-0.009896708,0.09836506
0.0979236,0.06619069,-0.014546423,0.37854257,0.018760823,-0.03255568,-0.038822673,0.09862753,-0.33432487,-0.26714233,-0.29321507,-0.10483115,-0.06632039,-1.5793571,-0.027874496,1.2972938,-0.077493936,0.024401326,0.14170532,0.020517435,0.012299853,-0.35408533,0.087781794,0.074922055,0.045257695,0.12658648,-0.03763242,-0.0025443875,-0.11149688
-0.12403105,0.04483985,0.100026354,0.33237478,-0.31825987,-0.0397973,-0.10806206,-0.47556335,-0.20743427,-0.15440479,0.15142137,0.08550868,0.09903163,-0.5435851,0.072529644,-0.03266098,-0.21930462,0.019852823,0.104621075,0.015511626,-0.40676665,0.085229434,0.044091024,0.14246346,-0.19359584,0.13721514,-0.3517461,0.018369835,-0.18901823
-0.11786646,0.004961998,-0.0059288875,-1.6892503,-0.7502664,-0.038773727,-0.035998307,-0.26841864,-0.17396723,-0.27300528,-0.21482065,-0.107787296,-0.079120144,-1.6659867,-0.07682697,0.039103672,-0.046733323,-0.0051562916,-0.07815462,0.014409576,0.020216875,-0.21692246,0.08439646,0.07577052,-0.12992284,0.167166,-0.29795706,-0.011138419,-0.07833705
-0.0970253,0.053109474,-0.063265055,-2.2910872,-0.33135068,-0.042425163,-0.0038499888,-0.41198742,0.13834046,0.11763707,-0.25330967,-0.073152535,-0.09460657,-1.7436917,-0.016644709,0.3698606,-0.2694394,0.014210242,0.06561645,0.013621592,0.0154547095,0.043571994,-0.09531494,0.099000506,-0.12668209,0.121841714,-0.32993254,0.0010505993,0.06307549
-0.11782527,0.05605757,-0.022286866,-2.164472,-0.2132852,-0.0397992,0.014184883,-0.2537676,-0.21785328,0.121301845,-0.27207413,0.06299936,-0.060785003,-1.3963201,0.027490344,0.34297928,-0.12380394,0.014341977,0.04383342,0.011508765,-0.11510894,0.04435926,0.1331195,0.105784506,-0.08921264,0.09229493,-0.28550944,-0.008014445,-0.053866286
0.04173698,0.018573908,0.05637083,0.22157091,-0.92786914,-0.07906237,0.052230176,0.11896635,0.05370559,0.041039426,0.09041885,0.02435064,0.041207,-2.1487372,0.0029915352,-0.54156667,-0.41412976,0.021808118,-0.22356313,-0.1374674,-0.20653203,0.09898067,0.085797265,0.055103995,-0.4240313,-0.18775147,-0.411203,0.0063861217,-0.15240972
0.13865131,0.0073812916,-0.0020142288,0.2604319,0.09370618,-0.06534349,0.007336979,0.13959055,-0.26602662,0.16369967,0.10445646,0.12620704,0.10551826,0.67270553,0.062373925,0.08539286,0.052784238,0.009023294,0.2246179,0.051369898,0.035271384,-0.21217112,0.14835376,0.11097159,-0.018062526,0.014736832,0.22895552,-0.0015405457,-0.16182794
-0.10736301,0.010683769,0.005671077,0.19657436,-0.039779313,-0.05636841,-0.1760935,0.13930073,0.08457644,0.046073142,0.106782824,0.03143861,0.033280864,0.54380834,-0.090130605,-0.79757863,-0.106765084,-0.011097967,-0.40581438,-0.49228185,0.028930927,0.07319075,0.16777655,-0.75407654,-0.3186488,-0.06589559,0.16564561,0.0076551693,0.09868957
0.16531256,0.040349852,-0.019919813,0.21936525,0.26570618,-0.054351367,-0.01862347,0.08959261,-0.455963,0.06642457,-0.48350802,-0.047136877,-0.17132433,0.61337036,0.09247194,0.89091384,0.05295422,0.019882338,0.22906443,0.053114768,0.017745744,0.046707667,-0.13394019,0.092303425,-0.2340168,0.12837896,0.25176212,0.016988076,0.085144095
-0.28061113,0.053643208,0.0010476301,0.2509886,-0.3848815,-0.1710586,-0.026274094,0.10491512,0.09457141,0.20381057,0.09683027,-0.16744675,0.06631355,0.5243407,0.035523728,-0.32093012,-0.14299351,0.0013045885,-0.39442417,0.0443882,0.05892836,-0.49155614,0.106193155,0.1111406,-0.10184496,-0.0018566872,-0.23042916,0.0067241453,-0.21715884
0.06314038,-0.037285697,-0.10403792,-1.9680685,0.96964616,-0.06640901,0.010039011,0.076184414,0.11175075,0.011532902,0.089740485,0.044284962,0.038767178,0.7434286,0.017142111,-0.11440705,-0.106300145,0.0071016923,0.10841444,0.036668766,0.008538599,0.048743848,0.14560884,-0.4496455,0.09445349,-0.07409826,0.21149999,0.012581079,0.098779544
-0.30803293,-0.25506213,-0.020658936,0.28682476,-0.4219397,-0.06488548,-0.010408058,0.084380254,0.04722263,-0.31977913,-0.2707684,0.100046076,0.10914294,-0.6023553,-0.061996322,-0.32445878,-0.33130905,0.0056328853,-0.18122913,0.023035634,0.09308475,-0.46998197,0.110112175,0.057746496,-0.078756705,-0.0041982294,-0.21265396,0.013860389,-0.15540987
0.047989603,0.02154591,-0.10357824,-2.2731266,-0.5371006,-0.0843547,-0.08580176,0.037553854,0.044875693,0.017769564,0.04876302,0.03269841,0.13850969,0.45903245,0.029311836,-0.623589,-0.08335131,0.004444573,-0.21869646,-0.2439375,0.039282717,0.031189619,-0.14251962,0.10228542,-0.015218809,-0.110901535,-0.16944373,0.009856707,0.083066456
-0.1871354,0.027669648,-0.00301672,0.22064415,0.11972202,-0.059942447,-0.023119655,0.10342898,0.18601404,0.11329728,0.18813579,-0.010163716,-0.16475475,0.6109498,-0.17867625,0.46718806,0.049054246,0.0058117774,0.27464983,0.05562123,0.029622907,0.057225678,-0.21852869,0.06303496,-0.12511732,0.082771525,0.24152131,-0.042465422,0.102467805
0.117411874,0.08028137,0.11573122,0.33508033,-0.28137738,-0.03640919,0.017265476,0.11657085,0.08886531,-0.12825844,-0.48364106,0.055848707,0.15360239,-0.9507008,-0.06757118,-0.020696985,-0.22725375,0.017009001,0.09571846,0.024110671,0.082870714,0.052963976,-0.10795349,0.092197694,-0.18049385,-0.009179681,0.02022691,0.010557774,0.11186793
0.107345305,-0.0068319384,0.0004819655,0.19087207,0.6120449,-0.075097725,-0.33205917,0.123212196,0.08122196,0.02901632,0.07879746,0.03304749,0.02036495,0.6056849,0.040037934,-0.83916664,-0.2798086,-0.009595702,-0.38448805,-0.40979835,0.041029077,0.075157925,0.16614239,-0.5431451,-0.22787301,-0.06920652,0.17345832,0.0061874036,0.11869693
0.02468265,0.089206345,0.02727125,0.41012797,-0.41295853,-0.04934098,-0.038830355,0.22780325,0.115652025,-0.0943474,0.15943918,-0.079272054,-0.113220274,-0.9644508,0.0045047654,0.6655327,-0.24371766,0.01679507,0.16535239,0.027403366,0.035956517,0.08357378,-0.07934611,0.12940066,-0.11970372,0.105223745,-0.32778582,-0.009094571,0.14439817
0.12023722,0.019426983,-0.026992066,0.23907271,-0.22978343,-0.05041382,-0.02748172,-0.6153199,0.07403006,0.13969357,-0.6139966,0.048663765,0.17328097,0.51458484,-0.00053919654,-0.114561245,0.03259234,0.011822815,0.14952914,0.026449047,0.07355137,0.041620728,-0.16333835,0.1373117,-0.13839975,0.109457105,-0.0012194435,-0.0025337306,0.103842914
-0.15655053,0.02082755,-0.004891848,0.18556088,-0.21565619,-0.09727605,0.018812295,0.12543903,0.10714163,0.05700622,0.09348863,0.033947267,0.060371775,0.561763,-0.09221235,-0.6918254,-0.088710904,-0.0096752485,-0.43850154,-0.31956667,0.038063485,0.098438814,0.17753336,-0.6327501,-0.18589263,-0.10481114,0.15837978,0.0073695867,0.1205013
0.11712081,0.041762795,-0.06506042,0.24310844,-0.19017173,-0.052425016,-0.051041514,-0.6202218,-0.3164329,0.13259287,0.10069707,-0.092596665,-0.18501624,0.52157944,-0.051545158,0.7895528,-0.023405679,0.019801985,0.2371403,0.024332253,0.048159193,0.032011233,-0.23296125,0.10981906,-0.15371321,0.1149344,-0.15711394,0.008094451,0.08500459
0.0063272985,0.102016725,0.056802273,0.32508987,-1.2232147,-0.037246913,-0.021338435,0.22470012,-0.2539707,-0.0822406,-0.43780667,-0.054012585,-0.073163554,-1.6047645,0.010259064,0.73805827,0.108853474,0.033194456,0.11831384,0.022016004,-0.006367906,0.06552145,-0.0371979,0.10024322,0.19223893,0.08491032,-0.3120376,-0.00957455,0.014267256
-0.10004838,0.021597551,-0.04551289,0.16522007,0.10365736,-0.07607794,-0.015790964,-1.1005858,0.093984105,0.11998043,0.1155092,0.055521797,0.07926611,0.6373914,0.08043168,-0.03334057,-0.09321204,0.010966867,0.12584728,0.04497869,0.030124635,0.047491252,-0.12984322,0.101421826,-0.05039806,-0.044996038,0.19453692,7.331834e-05,0.08866453
0.0899439,0.0518515,-0.0023630112,0.36457977,0.12745067,-0.027125243,-0.018628698,-0.36001372,-0.3535156,-0.27289596,-0.17036532,0.1208066,-0.10917028,-1.477495,0.13119397,1.1971053,-0.04621403,0.01966246,0.10057617,0.015879733,0.02301758,-0.23547134,0.09060856,0.13686709,-0.02785004,0.16710484,-0.3795935,0.006864253,-0.076166764
-0.12101586,0.029785745,-0.0072955107,0.2089176,-0.22657421,-0.05975679,0.0040631825,0.09453748,0.12134191,0.048034374,0.07061002,0.043861113,0.045868337,-1.9851328,-0.047708232,-0.9593511,-0.45551997,-0.00046611205,-0.23312195,-0.2537532,0.03063725,0.07924934,0.11829013,-0.5749694,-0.32891607,-0.13120016,0.13765673,0.00635451,0.10071202
0.024559785,0.071886286,-0.0811303,-2.7617028,-0.27877182,-0.027166141,-0.009802948,-0.4531114,0.034587953,-0.16079058,-0.2593016,-0.072522804,-0.07219633,-0.93971723,-0.051766794,0.79252577,-0.26739717,0.010284262,0.070875295,0.015069346,0.035192233,0.047666416,-0.10308529,0.114462845,-0.01711354,0.19706295,-0.3706881,-0.0063258135,0.0795532
-0.17467752,0.011203168,0.011824318,0.1944148,-0.044952832,-0.056705613,0.04781183,0.15615477,0.08498925,0.04629239,0.09400895,0.028999563,0.015012656,0.5795978,-0.079485804,-0.68074113,-0.2827022,-0.024907762,-0.38744667,-0.38762543,0.02803583,0.08955433,0.18160845,-0.64561933,-0.057609286,-0.076232694,0.17148578,0.008800017,0.10176701
0.09243011,-0.11968466,0.013547899,0.25668016,-0.38110912,-0.06760263,-0.015216524,0.15349498,-0.41253036,0.110832326,0.17334579,-0.08305014,-0.28412044,0.57202655,0.025100734,0.078154646,0.064674444,0.024314087,0.27252764,0.036597356,0.0596072,0.0491335,-0.19976778,0.042783476,-0.09095331,0.085541196,-0.09875457,-0.036628615,0.108125426
0.11772364,0.023735244,-0.063961826,-2.4227617,-0.5383005,-0.062157147,-0.025293669,0.06285818,0.023989674,-0.21138948,0.07385052,0.09556444,0.08337667,0.5168554,-0.01961349,-0.06439868,-0.13976723,-0.0057825893,0.08545838,0.020073978,0.05873259,-0.36887962,0.10301369,0.104920946,-0.18443939,-0.12650162,0.02471198,0.0072902623,-0.22837421
-0.14584436,0.020343242,0.038232848,0.32866868,-0.16872962,-0.08340278,0.072641134,-0.62465936,-0.2779259,0.16355251,0.06873871,-0.08278331,-0.10689565,-0.34065825,-0.0231063,-0.09629402,-0.41233915,-0.0038503064,-0.19076587,0.016663436,0.073697455,0.06521193,0.19172873,-0.776744,-0.14373134,0.17361452,-0.60163355,0.008088231,0.10861693
0.13819668,0.05648719,-0.03587176,0.21521014,0.41942045,-0.062337022,-0.0054031974,0.13099985,-0.3121255,0.087514356,-0.63632023,0.089410715,-0.2232776,0.6408564,0.07646099,0.009717969,-0.094175175,0.019240202,0.20565572,0.051456507,0.019396123,0.03138086,-0.19134828,0.089696676,-0.082568765,0.123706885,0.1560828,2.3173452e-06,0.07110955
-0.26785484,0.041291866,-0.09226057,-2.0918531,-0.121070996,-0.08757896,0.038022265,0.0064793085,-0.19088596,0.07721056,-0.30759096,-0.2437885,0.063019395,0.42384958,0.015495539,-0.17230631,-0.18993783,0.010286314,-0.13365768,0.019926267,0.06976488,-0.36962196,0.14845419,0.07915259,-0.16437837,0.07016509,-0.32249942,0.0064253756,-0.19259661
0.11425216,0.036324874,0.03648637,0.28397083,0.044787917,-0.055953883,-0.03046168,0.10312781,-0.39746866,0.102229096,0.13573615,-0.059566375,-0.23882875,0.61848956,0.04046086,1.0143319,0.020273307,0.024458515,0.30178857,0.052817922,0.0612197,0.05601742,-0.15570009,0.079686105,-0.021267947,0.10959806,-0.10705611,0.013140952,0.12429335
0.13650432,0.045842525,-0.027097952,0.22109279,-0.27479556,-0.046279572,0.046269543,0.09001981,-0.3239841,-0.22966446,-0.36358598,-0.13971844,0.07031848,-1.8305883,0.04800814,-0.41188493,-0.4237299,-0.025593953,-0.15706542,0.01866698,0.04730699,0.051889546,0.125756,-0.5041046,-0.2263378,0.14171581,-0.64683145,0.009531357,0.11445786
-0.123171754,0.07318635,-0.04034483,0.37308723,0.0014765314,-0.038399626,-0.040481843,0.102322444,-0.25619268,-0.109038375,-0.33042663,-0.05600719,-0.10014432,-1.4887567,-0.022130514,1.3503025,-0.3031391,0.03100308,0.18008499,0.021555094,-0.008928869,0.058708172,-0.16986398,0.09523063,0.2562826,0.12694588,-0.098416634,-0.0063761305,0.033563163
0.1477954,-0.0016010476,0.07406246,0.21463296,-0.8083079,-0.038509436,-0.05084577,-0.28335312,-0.15699646,-0.25827405,-0.27062196,-0.16124192,-0.12463219,-1.635449,0.18842724,-0.14885475,0.08215278,-0.017252544,-0.093912445,0.017661199,0.042152792,-0.20690542,0.0709455,0.10173161,-0.18254018,0.20047045,-0.39172983,0.00971989,-0.08977227
-0.09567457,0.055302862,-0.034389608,0.27718103,-0.20107539,-0.043028574,-0.084696256,-0.4592803,-0.21419221,-0.34504735,-0.35901818,-0.10530716,-0.072085075,-0.32757974,-0.060872357,-0.1549177,-0.14982077,-0.015170811,-0.17598887,0.016548695,-0.35635072,0.065509744,0.10850661,0.1241063,-0.19239391,0.13045613,-0.3900631,0.013645091,-0.124608114
0.143433,-0.068957984,-0.018950641,0.1778499,0.10188919,-0.061798252,-0.07164245,0.16643465,0.15329435,-0.1992576,0.08040544,0.05389992,0.082154654,0.70192605,-0.13017772,0.08359918,-0.062048763,0.012640588,0.15274335,0.053887576,0.02995783,0.06062198,0.16289034,-0.569941,-0.15579234,-0.09161415,0.21093811,0.011216754,0.11958484
-0.06700602,0.057988748,-0.02642935,0.36082098,-0.20567799,-0.06497739,0.053290945,0.19085284,-0.39218253,0.16230269,0.16199161,-0.07573468,-0.08943449,-1.0195106,0.03540862,0.6040673,0.2256764,0.022310749,0.1699936,0.022268323,-0.29491302,0.053351708,0.09784062,0.0551067,-0.015202645,0.103889644,-0.14801542,-0.0013342426,-0.16299306
0.07246691,-0.13038737,0.0048289243,0.2105138,0.7445064,-0.08188514,0.011454873,0.117174864,0.12605754,0.046823584,0.14251943,0.0474928,0.09147987,0.75466365,0.051219046,-0.13955258,0.16702285,0.007508058,0.19963127,0.062804244,0.018642928,0.046696715,-0.102806516,0.08047012,0.25372452,-0.062881686,0.21523973,0.010702145,0.10519455
-0.26209956,0.016072279,0.015611771,0.21899918,-0.19817145,-0.04506891,0.015736796,-0.41185024,0.13881144,0.16211064,-0.7489712,-0.06562211,0.08580975,0.50351053,-0.0650399,0.5641232,0.111992076,0.014289483,0.17379205,0.024820544,0.06102517,-0.3010081,0.115581386,0.11076714,0.04198531,0.09212056,-0.026983984,0.035739265,-0.21957491
0.109414235,-0.14421038,0.01464,0.23091011,-0.43357742,0.5884563,0.003046793,0.06554485,0.08949253,-0.393266,0.16085762,0.050163254,-0.2016778,0.5663551,0.061475553,-0.3162587,-0.043751992,0.015184088,-0.2314685,0.052320767,0.061381653,-0.43813658,0.1920544,0.10015027,0.11973643,-0.06715733,0.052248925,0.010562343,-0.26425433
-0.06754193,0.029048348,0.122598104,-2.0442984,-0.39335224,-0.08236867,-0.08778709,0.050327245,0.081193134,0.056949243,0.06304,0.027303258,0.063078895,-1.1892437,-0.061059292,-0.5507962,-0.06455616,0.013634918,-0.16986746,-0.107821465,-0.16622518,0.04962226,0.1433738,0.08481888,-0.072931625,-0.13299969,-0.14688665,0.007336874,-0.10676855
-0.15350732,-0.044500984,-0.015964326,0.27277857,-0.37092882,-0.07038558,-0.019648599,0.15909526,0.20387354,0.17426255,0.20140164,-0.06655888,-0.06818357,0.588056,0.042303428,0.5045219,-0.14575419,0.020511717,0.26601297,0.038422834,-0.14336884,0.05846384,0.13443322,0.07998877,-0.008810911,0.13327244,-0.22966233,-0.0134469615,-0.26059362
-0.14503093,0.039124917,0.009837689,0.17085873,-0.21188734,-0.11554834,-0.002306483,0.09507511,0.12560706,0.0524408,0.08062851,0.028738644,0.06872894,0.5643462,-0.026121696,-0.89101,-0.10404587,-0.005974183,-0.44640824,-0.3572377,-0.15558587,0.12342155,0.13630565,0.0777437,-0.2268584,-0.088585146,0.15139693,0.0057460945,-0.28552726
0.041084506,0.0027104495,-0.013716943,0.18022317,0.6020551,0.5326299,0.041554514,0.17222911,-0.39925402,0.058313914,0.12754701,0.042408463,0.03232199,0.6687829,-0.19462842,-0.41020367,-0.024414705,-0.035250906,-0.28854373,0.07025825,-0.25885218,0.08550863,0.096834056,0.08859963,-0.11349002,-0.076248676,0.1493728,0.0061726454,-0.2061898
0.19389729,0.0480426,0.0048054345,0.21481924,-0.48661977,-0.11199847,-0.00093166967,0.093960546,0.13372667,-0.3721703,0.08711632,0.06670882,0.091868505,0.511531,-0.06089511,-0.3309687,-0.03748796,0.008790146,-0.3300197,0.04878473,0.0810085,-0.3433367,0.16788094,0.14121805,-0.06342814,-0.10921171,0.0032419737,0.005158477,-0.2196441
-0.04637414,0.037044577,-0.04350102,-2.0090194,-1.0282288,-0.0304202,-0.037332997,-0.28969496,-0.18471771,-0.11701499,-0.24977575,-0.051531076,-0.047527976,-1.8535241,0.056962743,0.38756633,-0.16568007,0.016750017,0.050425205,0.012202133,-0.09263525,0.038967922,0.045492675,0.09295749,0.20247675,0.11488069,-0.28544563,-0.0011974528,-0.0655786
0.04208821,0.029729454,0.012671404,0.23128216,-0.46474794,-0.07996455,0.05401152,0.09201333,0.07027395,0.042714965,0.07801776,0.03187603,0.034315586,-2.146635,0.01577335,-0.85943276,-0.54024184,0.024942467,-0.26590455,-0.1374674,-0.18724388,0.10882685,0.10749588,0.08808612,-0.46805564,-0.19569343,-0.42701948,0.0063861217,-0.14670153
-0.28425905,0.033350367,0.009853317,0.22451547,-0.19269304,-0.056101102,-0.049428936,-0.40149295,0.08475929,-0.25749055,-0.23534043,0.12810381,0.13230406,-1.7660052,-0.033300474,-0.3256277,-0.09636434,-0.008122788,-0.15436605,0.018821768,0.07307459,-0.41015056,0.069762096,0.084234744,-0.0830237,0.15986408,-0.16318981,0.007203504,-0.093557045
0.06375917,0.045718685,-0.012406635,0.2262332,-0.19173041,0.60629094,0.050964,-0.6063003,-0.1593658,0.119694464,0.15451299,-0.0948074,0.1320631,0.54772085,0.022491874,-0.44977573,-0.096323326,-0.025897814,-0.23910816,0.030313391,0.09553628,0.070258334,-0.1830793,0.12965795,-0.20707653,0.0022628596,-0.124183804,0.0056779496,0.11596526
0.10490204,0.039783295,-0.0076682586,0.20758654,-0.016117286,-0.061147723,0.01773932,0.07378273,0.11067893,0.060987208,0.06341812,0.07795368,0.049485475,-2.0446215,-0.011467061,-0.76668763,-0.40124285,-0.009290299,-0.19638745,-0.3448784,0.035827085,-0.35610428,0.08194287,0.07355465,-0.29616347,-0.06493212,0.14064087,0.0036907361,-0.08522679
-0.08092547,-0.08783219,0.015466804,0.28727207,0.7780455,-0.069035545,-0.054527823,0.15112562,0.19145481,0.06636591,0.16501974,-0.13701153,0.08043614,0.7608297,0.05458665,0.308435,-0.04670889,0.013860699,0.22103868,0.0692531,0.017130932,0.07096856,-0.13738643,0.06781228,-0.029966537,-0.026075274,0.23735775,0.018702758,0.10434622
-0.05778927,0.061994694,-0.048710566,-2.7199569,-0.2753576,-0.042025324,-0.041769825,0.10886456,0.1372561,-0.122465,-0.41818538,-0.08353557,-0.061283994,-1.8517805,0.00990891,0.6871983,-0.16264777,0.01509385,0.10025255,0.017582176,0.013661398,0.054307252,-0.098761246,0.09272846,-0.07438488,0.15729994,-0.33221644,-0.01219757,0.087350644
0.041041438,0.021445971,-0.052888535,-2.003338,-0.16376582,-0.06632007,0.030583702,0.07214912,0.070447735,0.035964005,0.05659211,0.037781764,0.06526397,-1.9318871,0.00738816,-0.60929286,-0.0098473765,0.019022701,-0.14818113,-0.096392244,-0.117033504,0.0750638,0.11466669,0.084289886,-0.29895768,-0.18059205,-0.3541299,0.008257418,-0.101803884
0.12164879,0.06615096,-0.008945026,0.16889171,0.22466266,-0.13758749,0.008635547,0.12928851,-0.5852786,0.12084666,0.101599984,-0.12676278,-0.15359429,0.6130265,0.04859838,-0.4891703,-0.19864264,-0.06130428,-0.3338533,0.08106485,-0.3031875,0.045422796,0.12824994,0.04462913,-0.32895473,0.11011029,0.08067209,0.0047876583,-0.18084157
0.05821929,0.022463473,0.08181906,-2.1259575,-0.25117755,0.33000726,0.005677974,0.0705141,0.10844869,-0.20979103,0.09733053,-0.15927213,-0.10533999,-1.214102,0.012605026,-0.11974492,-0.13839674,0.011713692,-0.12289653,0.023862097,0.046190728,-0.33951744,0.1842114,0.06151104,-0.029677965,-0.016636468,0.06998308,0.006012693,-0.12326848
-0.083274566,0.028411428,0.020426407,0.19880156,0.090608425,-0.07215165,-0.009118191,0.15544133,-0.42156947,0.057161584,0.11305367,0.0570054,0.10508293,0.6935524,0.10035605,-0.02855915,-0.11331933,0.022233179,0.1786525,0.061706785,0.043648385,0.044954613,-0.1283633,0.10795027,-0.28051046,-0.08260798,0.17525911,0.006974646,0.09497926
-0.058115575,0.003052204,-0.002110205,0.15434667,0.74413073,-0.04807167,0.046796847,0.17424484,0.092674814,0.049815547,0.10732917,0.02414868,0.024100088,0.64279944,-0.1645703,-0.5612352,-0.18106677,0.01236333,-0.3573825,-0.23568363,0.03519594,0.100880384,0.1965422,-0.34617618,0.10724236,-0.05754694,0.19304806,0.0073695867,0.12668733
-0.11313059,0.032668587,-0.056159742,0.2353562,-0.21732424,-0.06315349,0.019017348,0.12687647,0.1019521,0.0505611,0.07248087,0.018870762,0.054848373,-1.1211187,-0.11197563,-0.70936507,-0.58684146,0.013604677,-0.21470036,-0.24075316,0.0432747,0.079099976,0.14006914,-0.5744266,-0.28280997,-0.17652959,-0.06897609,0.008016929,0.10432785
0.0918326,-0.13278785,-0.017827222,0.20966019,0.32644147,-0.076721385,0.04836852,0.15842274,0.16478361,0.113284186,0.14858168,0.08773147,-0.1132622,0.72480863,0.06506432,0.31024942,-0.023610547,0.007419221,0.20611826,0.07296059,0.015714185,0.035879124,-0.15200354,0.08125061,-0.09195878,-0.017538201,0.19681646,0.007864825,0.08553285
-0.14847395,0.06262091,-0.013982813,0.20121926,-0.53171027,-0.16486105,0.015516854,0.1059447,0.18489626,-0.22043352,0.14029944,0.03263545,0.09135865,0.516161,-0.095964,-0.28592554,-0.110764936,-0.014366833,-0.41681138,0.03655318,-0.21263924,0.100709096,0.13251975,0.15426867,-0.0243451,-0.08283039,-0.23066555,0.010754309,-0.2390638
-0.013401897,0.024719734,-0.038435124,-2.0356724,-1.0866941,-0.030515838,-0.018698946,-0.29182377,-0.19865133,0.1756169,-0.23060639,-0.07142753,-0.008917716,-1.7240796,-0.013998756,0.4223126,-0.26618564,0.01437619,0.049152784,0.01368548,0.020865338,-0.17948325,0.07489505,0.08553229,0.14340648,0.14004293,-0.28426734,0.010035909,-0.046750154
-0.16917428,0.024166584,0.003463707,-2.4250374,-0.35059878,-0.07075707,0.0072319256,-0.35527268,0.09807686,-0.1563838,0.07800698,0.06259508,-0.18520777,0.4692236,0.11613682,-0.044760812,-0.32440895,-0.0017816965,0.110624306,0.016062768,0.05212664,0.054900695,-0.13377838,0.102227,-0.19140515,0.115810096,-0.16852248,-0.07835231,0.12005112
0.053746108,0.015468381,0.0010305421,0.22047995,0.7338429,-0.06523162,-0.06240894,0.1486369,0.13837668,0.048735168,0.1513874,0.054017294,0.0780473,0.75782716,0.05892319,0.28460795,0.07468645,0.0080951685,0.18193948,0.071870476,0.018833969,0.047159716,-0.10591299,0.08378009,0.26048476,-0.052079212,0.23866642,0.0071902196,0.09931713
0.11088452,0.012439734,-0.0014385614,0.19641098,0.055318855,-0.07179375,0.020049594,0.1746198,0.21328571,0.08253207,0.08676331,0.03509809,0.044827696,0.721506,-0.12759264,0.009754805,-0.05136221,0.032991298,0.180265,0.053990044,-0.09739918,0.038250875,0.14518386,0.09211124,-0.14419903,-0.08015951,0.2153294,0.0061584567,-0.18101446
-0.22684722,0.03698685,0.014915371,0.15808581,-0.1392863,-0.10311219,-0.022578483,0.08386022,0.072579145,0.10966754,0.08560148,0.044413112,0.057341985,0.5228718,-0.026616342,-0.95465606,-0.13870187,-0.029615333,-0.43937993,-0.40836668,0.044871964,-0.7972527,0.15089835,0.08796673,-0.4518307,-0.11277965,0.16302,0.003731727,-0.2153551
-0.1576345,0.021681296,0.00031067804,0.21925583,0.31889337,-0.06588163,-0.025753452,0.11603112,0.20120794,0.14398414,0.18339966,-0.021858633,-0.082112566,0.67344636,-0.23884104,0.8669966,0.023120478,0.0066025937,0.24970573,0.06232873,0.0362596,0.059255283,-0.1550482,0.092810616,-0.15805148,0.084760666,0.2596075,0.015658464,0.10237202
-0.26656923,0.043894622,0.002263563,0.25643864,-0.34928155,-0.08439214,-0.098414265,0.07614293,0.21108156,-0.31185606,0.09851134,0.18495622,0.084983304,-1.5067009,0.060269378,-0.3370103,0.17568734,-0.0024671229,-0.18932277,0.027402733,0.06384466,-0.35338083,0.0728375,0.09215927,-0.0020978851,0.013869759,-0.45460722,0.005449169,-0.15975034
-0.15567762,0.03738104,0.008833188,0.19833288,-0.75032336,-0.1424505,0.023006596,0.09308541,-0.328876,0.09431402,0.105370484,0.03955682,0.09216481,0.4734105,0.083813086,-0.47075936,0.06594795,-0.006362756,-0.43397945,0.038993362,0.08546334,0.039084088,0.19919336,-0.8578756,-0.25119498,-0.13664351,-0.07589766,0.0057470566,0.11003754
0.120315805,0.010929865,-0.07596014,-2.069919,-0.683322,-0.1209185,0.008231763,0.026478076,0.08297193,0.025481636,0.058672592,-0.05853339,0.0028563696,0.49939284,-0.0052685356,-0.20421827,0.050528735,0.020640314,-0.14762989,0.024985513,0.05703859,0.041801095,0.16726968,-0.59320545,-0.20847274,-0.13584904,-0.030529307,0.0071623223,0.10515005
0.15702258,0.018978877,0.060353808,0.25802246,-0.5312753,0.21913488,0.024999077,-0.3618771,0.16716574,0.0940195,-0.35152107,0.13465041,0.045458626,-1.7444144,0.025064748,-0.6848995,-0.014597284,0.00012535881,-0.15004714,0.021358494,0.08563563,-0.30704096,0.042696353,0.120409116,-0.20859504,-0.15368642,-0.5038517,-0.0026488083,-0.12387699
-0.092657484,0.0065441085,0.01782964,-2.2053642,-0.78356326,-0.06678468,-0.06314788,-0.34932232,0.11273709,0.095711425,0.07559173,-0.10455059,0.08555241,-0.938533,-0.02619064,-0.2562521,-0.19840683,-0.0010451328,-0.084548704,0.01705649,0.056190092,0.060883112,-0.05693974,0.115685344,-0.1005031,0.1417512,-0.30989528,-0.0026721817,0.09208575
0.19107328,0.06925746,0.05773404,0.21422358,-0.599856,-0.09463085,0.017643448,0.092606366,-0.2663315,-0.34754968,-0.46404615,-0.13471876,-0.14700496,0.46313268,-0.03812112,-0.18009694,-0.0846438,-0.023587337,-0.34309408,0.024438974,-0.4218397,0.08666651,0.14860699,0.07543089,-0.11034946,0.14215219,-0.15645403,0.011063755,-0.21683668
-0.051489823,0.00471689,-0.00967392,0.1491202,0.6204166,-0.048109956,0.046353064,0.1626659,0.087755024,0.04272427,0.100572735,0.02122553,0.01670194,0.6313789,-0.25323886,-1.0840033,-0.21918657,0.0076080905,-0.35951564,-0.25538477,0.030017007,0.08380814,0.17400543,-0.35154665,0.038858335,-0.060966887,0.18898465,0.007330797,0.1198499
-0.07960636,0.07554466,0.075996384,0.23020492,-0.13924582,-0.048747264,-0.06992079,0.05170224,-0.25203016,-0.093875475,-0.2673113,-0.08354462,0.036713663,-1.6051563,0.043559488,-0.30049497,-0.106331095,-0.026876327,-0.18231192,0.01967092,-0.2416047,0.07029141,0.04979898,0.11612159,-0.22887577,0.11088069,-0.34272066,0.009878367,-0.09794311
-0.11370837,-0.2561813,-0.04445723,0.26324114,-0.45001376,-0.06323806,0.0062099453,0.23200063,-0.3954116,-0.2123655,0.19903271,0.046437472,-0.15776263,0.4956484,0.05106558,0.67540646,-0.16777064,0.01782658,0.3110626,0.03739333,0.03207919,0.0744805,-0.08280727,0.11396811,-0.08181343,0.0994403,-0.33254915,-0.014657138,0.15813369
0.032067496,0.03527436,0.0500053,0.28975105,-0.37020487,0.7283306,0.041026548,0.1541172,0.08975559,0.066587284,0.15049231,-0.06109738,-0.20225237,0.586927,0.04635113,-0.6683835,-0.32182708,-0.004856581,-0.26742485,0.04620611,0.050878275,0.081632905,-0.1578132,0.12173983,-0.20344481,-0.16998811,-0.19758074,0.014751162,0.12066643
0.1114833,0.05664341,-0.0027647635,0.2203168,-0.24223179,-0.034703597,-6.380334e-05,-0.41382268,0.17307499,-0.40081587,-0.2546931,-0.20729199,-0.103396215,-1.6635675,-0.109078735,-0.37784275,-0.020490512,-0.010251356,-0.14777224,0.017770888,0.040347897,-0.33335906,0.09288936,0.111719616,-0.2435159,0.11827126,-0.4482522,0.0028406705,-0.07676967
-0.08337399,0.023945952,0.011302591,0.1865383,0.57765913,-0.09606975,-0.23787917,0.1685001,0.14108574,0.025421735,0.10849797,0.060624592,0.07351293,0.6981537,0.07793632,-0.31068963,-0.17022094,0.0047364784,-0.26541454,0.114661835,0.03534317,0.049544096,-0.0768227,0.08158108,0.078529194,-0.09658736,0.23251031,0.0075211185,0.10218212
0.082373306,0.08084678,-0.044960342,0.29615542,-0.09639541,-0.038265273,0.08340086,-0.4918557,0.12614301,-0.2868642,-0.36046562,0.0569637,-0.070056476,-0.3515063,-0.06338811,-0.1285527,-0.03600113,-0.010230244,-0.11520769,0.015797948,-0.37229252,0.047271017,0.13945672,0.14035234,-0.10045494,0.22152539,-0.42298713,0.006423511,-0.09724121
0.06422765,-0.08193613,-0.026857758,0.18938091,0.1875939,-0.07843735,0.038409118,0.16476814,0.15319777,0.08735413,0.1152862,0.03681052,0.04934205,0.7120507,0.04914362,0.07057211,-0.036818236,0.011679175,0.1587271,0.07197765,0.023216153,0.034478243,-0.14597803,0.07625244,-0.14144796,-0.12544978,0.18789631,0.01564534,0.09894802
0.1322524,0.06615887,0.03354117,0.23801225,-0.19282389,-0.045582756,-0.018849496,-0.3905175,-0.31186366,0.12814231,-0.65034914,-0.07168968,0.21042135,0.51895106,-0.017910933,0.6605267,0.056256544,0.020412736,0.2017911,0.02150084,0.06941397,0.062439937,-0.13384254,0.12204736,-0.14284831,0.12759349,-0.047226477,0.012273951,0.120409586
0.0717166,-0.0035712821,-0.108272284,-1.3818656,0.7155629,-0.047858883,0.045894295,0.10693462,0.08154112,0.0036437917,0.063394815,0.02781565,0.06259332,0.65031254,-0.14828233,-0.46543732,0.085959956,-0.009747365,-0.19799776,-0.2778252,0.008037137,0.07175817,-0.1545222,-0.01421908,0.22252181,-0.079219446,0.19564737,0.008867759,0.0710664
-0.093997665,0.040743392,-0.016700191,0.26100665,-0.32956648,-0.07571506,-0.009116655,0.11680924,0.12765452,0.105952635,0.16630763,-0.010719917,0.1485952,0.6125962,-0.107438564,0.077106215,-0.02970145,0.016048575,0.24692193,0.03573853,0.059490193,0.0720762,-0.12658551,0.16513841,-0.20493159,-0.08436464,-0.010512654,0.0056706546,0.14281906
0.07243883,0.029523687,-0.0634325,-1.9523355,-0.99393636,-0.030122343,-0.013309503,-0.32376668,-0.19825214,-0.17744999,0.07491509,-0.110174954,0.088006295,-2.0837982,-0.07186322,0.32599512,-0.2868709,0.014119669,0.050333608,0.014212915,0.013688027,-0.306857,0.014859986,0.08373989,-0.104332514,0.117810786,-0.29799163,0.0064146393,-0.11540155
0.12313406,0.031016465,-0.03604729,0.20022786,-0.03597583,-0.06589169,0.021552855,0.15415859,0.09592966,0.05335922,0.08013669,0.033657536,0.04132059,0.6096367,-0.052295666,-0.9365055,-0.09565194,-0.008715493,-0.3833061,-0.43631908,0.02663223,0.09414014,0.21142976,-0.62218153,-0.13869713,-0.09278348,0.15768935,0.00689613,0.10803286
-0.01632067,0.040238023,-0.075651504,-2.1055317,-1.1853482,-0.030084562,-0.02336653,-0.38421088,0.14627388,-0.16602194,-0.25534916,-0.053580515,-0.038277432,-1.7515014,-0.02177302,0.5210607,-0.26406324,0.017991258,0.05385728,0.013374138,-0.09168895,0.039628487,0.05928177,0.0904641,0.106562786,0.20665188,-0.34674504,-0.0010303768,-0.03370706
-0.08762603,0.025893418,0.013928494,0.20742916,0.79606396,-0.09665245,0.022537485,0.19864894,0.12303919,0.04395667,0.11062059,-0.107853994,0.03647165,0.6958032,0.06651352,-0.26707584,0.0043577435,0.0023226212,-0.29525504,0.085662715,0.042694435,0.052737463,0.1292825,-0.5532258,0.10814643,-0.042345606,0.21720393,0.006690419,0.118663155
-0.2089495,0.05187133,0.052779164,0.3216547,-0.3560292,-0.069212325,0.0685863,-0.43817663,0.099850535,-0.43265674,0.09676625,-0.1092849,-0.066389486,-0.34556264,-0.101763345,-0.108319566,-0.19472867,0.0027668276,-0.15994534,0.01958572,0.053718995,-0.59564286,0.10650561,0.12490253,-0.12876536,0.15039535,-0.4530571,0.0037939786,-0.13990238
-0.056879833,0.03891935,0.004043342,0.2685867,-0.20266794,-0.08245152,-0.13715237,0.10763408,0.06273931,0.08118545,0.07020487,0.0263209,0.06930503,-0.8066017,-0.05040528,-0.7854565,-0.16890517,0.017736448,-0.28895983,-0.15752168,-0.23520704,0.09330529,0.10368628,0.13517243,-0.24069779,-0.181404,-0.4582536,0.0058566425,-0.18457663
-0.1470177,-0.112384334,0.091863476,0.33899924,-0.2781752,-0.054619327,0.009316904,-0.46597892,0.10530264,-0.37557355,0.15509684,0.093625925,-0.11470332,-0.7779338,-0.05411012,-4.55013e-05,0.19221407,0.019834537,0.14677845,0.015442597,-0.29200158,0.07052764,0.13642487,0.061041787,-0.20496118,0.09228828,-0.19748484,-0.06710731,-0.17825551
-0.13675497,0.008914461,-0.008806613,0.28831577,-0.312595,-0.07272583,-0.024713043,0.17049259,0.16288863,0.19473866,0.18545017,0.048291,-0.066781126,0.58657795,0.06745943,0.20100984,0.09446509,0.020205107,0.25745803,0.03839925,-0.17510329,0.068282604,0.12419873,0.06767262,-0.17492004,0.017113725,-0.2026515,0.014803309,-0.25916123
-0.1806673,0.032057732,-0.0055554193,0.18363573,0.21167529,-0.06703087,-0.014914498,0.099888995,0.064101756,0.09840367,0.10046743,0.037465755,0.05779124,0.55051845,-0.022356488,-0.9880762,-0.06011296,-0.029577903,-0.39537692,-0.5322727,0.035534516,-0.80816406,0.16230789,0.06261298,-0.33001423,-0.10169177,0.16692314,0.003672189,-0.20127606
0.2659854,0.052203428,0.00080839015,0.16958056,0.13282368,-0.056991864,0.009720964,-0.6597127,0.09549503,0.15427145,-0.34885576,0.09975313,0.097873405,0.5818601,-0.09827824,-0.24304214,-0.1153392,0.0130100595,-0.15932365,0.08469203,0.094397016,-0.15738483,0.15283845,0.08720629,0.016506528,-0.021919053,0.19587466,0.004086841,-0.17012393
-0.0606531,-0.19936436,0.050992526,0.28219303,-0.8830236,-0.05508401,0.08663269,-0.39013702,-0.2876363,0.15839279,-0.3277752,-0.07766908,0.010147085,-0.40404627,-0.027628973,-0.28538805,-0.07272348,-0.010635703,-0.13458027,0.014394844,-0.47526363,0.058667652,0.10343681,0.08519293,-0.17121167,0.10716842,-0.32210755,0.012594607,-0.10523799
0.055634316,0.10928819,0.03833518,0.37840188,-0.09842173,-0.03053804,-0.07336776,0.11433225,0.17684439,-0.18788886,-0.5304296,-0.09229055,-0.05360999,-1.6898109,-0.08473757,1.0755953,-0.10876881,0.026277935,0.14553659,0.021408698,-0.12975042,0.060826026,0.07893193,0.13649371,-0.11554001,0.16241167,-0.40562573,-0.0040692473,-0.10863279
-0.2060717,0.032048322,0.03287759,0.15635405,-0.21789163,-0.11368607,-0.015823288,0.05554955,0.05470255,0.09015814,0.06943149,0.036867335,0.06600227,0.51412004,-0.030035788,-1.1487057,-0.16031785,-0.036462888,-0.4346193,-0.4762354,0.043974183,-0.7935815,0.12864271,0.0669207,-0.3999192,-0.11514105,0.16572832,0.0026328498,-0.25400943
0.09020121,0.024724575,-0.0063653584,0.19527815,-0.40911674,-0.07237995,0.028323058,0.07113207,0.064037316,0.047810685,0.06523065,0.041140057,0.04403847,-2.090608,0.01400122,-1.0610824,-0.5141664,0.007393799,-0.28416666,-0.1604096,0.04801227,-0.58879584,0.10418679,0.07861321,-0.51704353,-0.210443,-0.463242,0.0033396326,-0.15121125
0.08834141,0.036417402,-0.04785155,0.2331997,-0.5698093,-0.068836085,0.01942943,0.12010531,0.08864178,0.055339735,0.058986064,0.029289575,0.035849605,-1.0830519,-0.06428442,-0.9695571,-0.6145623,0.007536917,-0.24928153,-0.17700987,0.05211294,0.07562843,0.167102,-0.65361685,-0.26352188,-0.1843156,-0.04056882,0.0065164333,0.10246647
-0.071467504,0.09257966,0.024728678,0.43045893,-0.13112402,-0.039751913,-0.09909529,-0.71088314,-0.21571434,0.12120454,0.15609664,-0.07239823,-0.12444167,-0.49659392,-0.0076638777,1.0205458,-0.086967245,0.024604924,0.14214198,0.018689318,0.0660648,0.0330215,-0.17796454,0.1484173,0.26061848,0.19461623,-0.32747793,0.010215604,0.116409086
-0.30512655,0.023928396,0.05054437,0.31866854,-0.14133048,-0.0541365,0.06354251,-0.31612933,0.05429312,-0.40565446,-0.23470052,-0.20202132,-0.10527366,-0.3261231,0.018004451,-0.20429714,0.0953259,0.006400932,-0.19013804,0.016827248,0.09348316,-0.48491046,0.08690097,0.08610354,-0.15848061,0.15784459,-0.10707299,0.013270889,-0.1324227
0.06929726,0.036416844,0.022539657,0.19550537,-0.00022918073,-0.08563226,-0.003926386,0.14888413,0.13561125,0.06725588,0.08298453,0.03949537,0.06126,0.7027377,0.0626091,-0.35733432,-0.022063646,0.00939533,0.17309363,0.06562053,0.022825953,0.03858351,-0.11609854,0.089641474,-0.11710747,-0.11411468,0.17517073,0.0049589314,0.0995791
-0.16751769,0.02723533,-0.0073161037,0.22026864,0.02687781,-0.07458058,-0.005371204,0.12756501,0.18795744,0.123690024,0.19669262,-0.014655546,-0.10419503,0.628431,0.06276376,0.6154193,0.010470217,0.00610873,0.2767654,0.0599631,0.03536013,0.054382917,-0.15458436,0.06863387,-0.10452317,0.12308872,0.21551555,0.011518708,0.10951505
-0.09781931,0.029074939,-0.0005852942,-1.7102225,-0.23958091,-0.03852346,-0.015574888,-0.23939492,-0.13914298,-0.2677761,-0.19078787,-0.11797387,-0.082739286,-1.7296903,-0.094528735,-0.15200281,-0.1276794,-0.0044227215,-0.08094469,0.014409576,0.025171222,-0.21221405,0.096972845,0.08799975,-0.18964197,0.1297084,-0.321785,-0.014540641,-0.06751893
-0.096232995,0.01162889,-0.021076228,-2.549841,-0.26068372,-0.05094621,-0.077298276,0.06918538,-0.2342175,0.06577236,-0.3505152,0.09683362,0.008417508,-0.9475103,-0.021479871,-0.019784892,-0.34545165,0.011514257,0.06007403,0.01427131,-0.34409538,0.05324427,0.08009496,0.08853902,-0.24408,0.13282976,-0.30464044,0.010450029,-0.113572374
0.02595968,0.055605482,-0.11543358,0.2130437,-0.046746902,0.1750171,0.035255075,-0.39859235,-0.32519194,-0.23719637,-0.48185113,0.08637136,0.049028147,-1.6526158,0.056420766,-0.47928637,0.015404499,-0.024534507,-0.13769071,0.015238119,-0.3672222,0.043385684,0.03541091,0.11844346,-0.30201238,0.109727755,-0.45156026,0.007480201,-0.11626441
0.06253512,0.029722555,0.014287042,0.18024163,0.60829216,-0.10609728,0.04381174,0.12507696,-0.3961089,0.02008259,0.09718974,0.070453204,0.108049035,0.6820617,0.11032712,-0.21013513,-0.05826865,-0.046352327,-0.27630112,0.101857156,0.05703301,0.03227282,-0.10819967,0.09061209,0.035333943,-0.12333847,0.19407658,0.0066096988,0.093832165
-0.24280876,0.048561886,-0.007570808,0.18462661,0.16434652,-0.05975876,0.010721738,0.0950081,0.121895246,0.057233542,-0.6361783,0.032049205,0.09874613,0.5588304,-0.1816139,-0.41726962,-0.07873308,0.006682374,-0.2359485,0.08554142,0.04494015,0.03474,0.12333073,-0.6821849,0.10964175,-0.1121522,0.1936494,0.008010244,0.11511449
0.06348949,0.025568822,0.041396484,-1.795133,-0.44616798,-0.05414771,0.00015141949,0.07062046,0.0666257,0.040514886,0.061614625,0.033508826,0.036543563,-1.9145876,0.026271762,-0.63078344,-0.15130837,0.017267747,-0.16530475,-0.105597556,0.039872818,0.06152869,0.10260131,-0.39043784,-0.18898378,-0.11851251,-0.1101108,0.009346613,0.096437566
0.06927781,-0.00066967995,-0.07385588,-1.6713241,-0.924303,-0.06715027,0.009997837,0.06869498,0.05551486,0.062213417,0.061415177,0.03829884,0.034130856,-1.7778941,-0.033443086,-0.61177444,-0.21432997,0.002885507,-0.12822701,-0.1170249,0.036480557,-0.43856776,0.0781809,0.07481257,-0.27234524,-0.17742926,-0.32408282,0.0067693708,-0.11586945
-0.09634743,0.014898819,0.023172524,-1.7684948,-0.36867067,-0.05728125,0.0067582903,0.07565246,0.054854065,0.033166952,0.06838482,0.028134596,0.048893858,-1.1074829,-0.05170468,-0.47776365,-0.18250729,0.0136487195,-0.16005029,-0.11245232,0.041434985,0.06598246,0.13112272,-0.53402406,-0.11749158,-0.15500681,-0.03808286,0.00972916,0.09998869
-0.04242929,0.08150279,-0.05786211,-2.6046102,-0.09405213,-0.025833353,-0.016703628,-0.32569832,-0.20394304,-0.15994921,-0.26641202,-0.051681597,-0.027787093,-1.450602,-0.07350747,0.6521897,0.15049218,0.018345445,0.07126465,0.012457962,-0.061913107,0.056448795,0.08049087,0.10404216,0.2493461,0.054627027,-0.29390982,-0.0017772276,-0.05378721
-0.043817237,0.06822997,0.070951805,0.3223579,-0.17333752,-0.06730563,-0.020230936,0.21539757,-0.16640611,-0.14854942,0.1673382,-0.075100176,-0.13374741,0.5075308,0.031937186,1.1325903,-0.09680941,0.027334513,0.35503796,0.037272684,0.04704755,0.0787037,-0.115996554,0.12367348,0.29142222,0.11587072,-0.16426384,-0.0069067595,0.14933804
0.096242994,0.01759592,0.08441705,-1.6403716,0.7711543,-0.07298474,0.0013310129,0.15252963,0.16137882,-0.06098024,0.083176866,0.0684713,-0.24088253,0.7057575,-0.13410859,-0.14649461,0.0830193,-0.026697205,-0.1652455,0.060232446,0.011293964,0.057643447,-0.07094992,0.07352119,0.07301596,-0.08257068,0.21187814,0.009508183,0.08483525
0.028106522,0.07622648,-0.10510949,-2.7785792,-0.13539462,-0.032969017,-0.018705534,-0.30304188,0.10124628,-0.09931404,-0.21149276,-0.07929087,-0.082597576,-1.4347154,0.065805495,0.68618476,-0.10465372,0.014289524,0.055524405,0.014252976,0.029147869,0.037265535,-0.126405,0.10313106,0.09680474,0.21998322,-0.33173767,-0.005397613,0.0369761
-0.19895065,0.03976683,-0.049565684,0.32853526,-0.1138356,-0.061699666,0.08711209,-0.45499042,0.100213975,0.10682295,-0.33928284,-0.14042719,0.09149504,-0.47806403,-0.03692599,-0.22245653,0.2638283,-0.008382775,-0.16268629,0.017704027,0.09875498,0.071590774,-0.17033277,0.113616996,-0.06678507,0.08457173,-0.14095536,0.007755056,0.10334061
0.19594698,0.05422914,0.008338347,0.21486264,-0.46144068,-0.12319799,0.0014623842,0.111648045,0.09200412,-0.4353074,0.091544464,0.06888957,0.09332784,0.52424747,0.008763495,-0.36002824,-0.09138683,0.009327828,-0.33776963,0.051903993,0.07654654,-0.37405744,0.16795583,0.1568903,-0.20608693,-0.13652538,-0.0051070126,0.0041191387,-0.2244629
-0.07639855,0.011240149,0.22186747,-1.4921348,0.6999001,-0.07114505,-0.22141294,0.116634406,0.13183509,0.0018217227,0.073441215,0.05981733,0.09536094,0.7214201,0.09784862,-0.14500219,0.02304626,-0.024066407,-0.15796164,0.06822417,0.024345336,0.047278587,0.0067062946,0.120268844,-0.013799102,-0.066408575,0.22631544,0.007548716,0.07761861
0.043499388,0.028045597,-0.053603433,0.31161314,0.15649064,0.26284328,0.08753573,-0.49488604,0.08302271,0.13091123,-0.44988137,0.041677583,-0.11190976,-0.6268208,0.034173436,-0.75095516,0.029772358,-0.020121207,-0.15552236,0.018106382,-0.44915453,0.048947006,0.110310115,0.13563484,-0.24577369,-0.06808984,-0.50649184,0.007642864,-0.14555599
-0.313584,0.027776243,0.039420757,0.2442121,-0.21389821,-0.05923102,-0.030626949,-0.5555775,-0.19943102,0.23585694,-0.68544465,0.054082163,0.06444169,0.44109797,0.009819125,-0.066681355,0.104637735,0.0071759853,0.13715024,0.019580388,0.06987195,-0.29904237,0.12432743,0.113349006,-0.21822645,0.029910905,-0.19147901,-0.00069711206,-0.22967188
0.080306366,-0.090331376,0.0018705252,0.26761276,0.7908588,-0.053089414,-0.0077406038,0.12527671,0.15282528,-0.20656513,0.15757161,-0.07136815,-0.08032787,0.69363344,0.05460812,0.86326617,-0.027743729,0.022006946,0.24934071,0.06783678,0.021626525,0.07597249,-0.11377562,0.063021034,-0.035942234,0.09535022,0.32608116,-0.003856103,0.117542915
0.14297067,0.0020908453,0.01091609,-1.6585757,0.21009678,-0.038091954,0.043963153,0.11851594,0.072010964,0.027186692,0.053531077,0.03310022,0.007005456,-1.5171763,-0.018439818,-0.6645667,0.011047021,-0.0045687435,-0.117583126,-0.16303803,0.028569905,0.05810613,0.17709349,-0.44158787,0.21834835,-0.09396898,0.16393012,0.008392933,0.084945686
-0.06626168,-0.0010804994,-0.00021425536,0.119933724,0.59474385,-0.064708166,0.031831276,0.15111652,0.11873071,0.044509772,0.104996175,0.01614234,0.030422663,0.62374043,-0.08424918,-0.7189284,-0.33107847,0.010008918,-0.36093748,-0.30812868,-0.121214956,0.11818861,0.16388096,-0.049648505,-0.0666594,-0.056733217,0.18067914,0.0067854333,-0.29075047
-0.11529372,0.024753746,-0.020290822,-1.9176967,-0.0153786335,-0.10400743,-0.09303125,-0.28469092,-0.32025278,0.06751279,0.07376637,0.057565626,-0.107715115,-1.737629,0.009900009,-0.32243392,-0.43010497,-0.013266821,-0.1270915,0.013032015,-0.22046043,0.049205538,0.121050335,0.10677598,-0.12853727,0.10761975,-0.28557685,0.004800678,-0.06974179
0.008772273,-0.72057164,0.002659712,0.34727252,-0.3257005,-0.03209184,-0.007674982,0.11856629,-0.35857052,-0.17883186,-0.45728576,-0.059400365,-0.035594553,-1.268291,-0.031843904,1.1239135,-0.03294042,0.01647188,0.13116185,0.020576434,-0.12894455,0.065848805,0.06932138,0.08676729,0.2846664,0.10927259,-0.3326134,-0.0073329373,-0.10270536
0.05260127,-0.2060699,0.004432777,0.19921504,0.62797505,-0.0755166,0.0033784872,0.11237621,0.14038362,0.0495218,0.14207916,0.03352903,0.0981464,0.7509462,0.05171974,-0.13112783,-0.17337364,0.0078401575,0.20207052,0.06357464,0.018579759,0.047515865,-0.10662561,0.07737972,0.108749986,-0.055523656,0.21694352,0.010702145,0.10452483
0.16224198,0.023032406,0.049916916,0.2986135,-0.54720956,-0.05138082,-0.074689776,0.1516261,0.16167475,-0.24408618,0.16362023,0.046192087,-0.09746875,0.57168967,-0.071128964,0.26244113,-0.045462396,0.012120519,0.26586083,0.035620186,0.068020776,0.04203109,0.18844193,-0.74873334,-0.08757778,0.08653043,-0.06990474,-0.075251155,0.1404384
0.08881203,-0.14176719,0.018717073,0.23577721,0.061270494,-0.059947707,-0.049897168,0.10522387,0.17426622,0.130365,0.14945677,-0.06278174,-0.15794563,0.6416109,0.026803328,0.35132766,0.10687335,0.011387054,0.2380829,0.053843785,0.041796707,0.036892444,-0.20351325,0.049333606,-0.22386846,0.030206999,-0.05048495,-0.0575546,0.11732092
0.047757827,0.06724664,-0.08622908,-2.755297,-0.15484641,-0.029233778,0.00050495594,-0.2323659,0.14015216,0.17715742,-0.22751759,-0.11187746,-0.027843177,-1.5853515,-0.02321926,0.7561379,-0.11389813,0.011747437,0.057863202,0.014669317,0.045190424,-0.12801021,0.12787797,0.10178711,0.0758494,0.24052306,-0.3364956,0.010239718,-0.03735193
0.2039371,0.037741236,0.05177283,0.30418184,-0.27640983,-0.10063683,0.02278219,0.16964652,0.13219161,0.0668625,0.09577176,0.042104132,0.032609813,0.501337,-0.064680226,-0.43522573,-0.39483514,0.017095933,0.22120057,0.029043462,0.06672576,0.033974543,0.12089158,-0.8517249,-0.33915302,-0.22987181,-0.6971204,0.009933825,0.12629539
-0.20611706,0.07464505,-0.012861206,0.17115752,-0.2146938,-0.1456652,0.01422136,0.08972106,-0.47946453,0.08180674,-0.48810896,-0.104558505,0.09594348,0.4888052,0.084904626,-0.47640672,-0.17929831,-0.05552782,-0.38058248,0.04019985,0.07762807,0.048539482,-0.17275086,0.049350906,-0.36866784,0.09369417,0.13292678,-0.0027879411,0.1090493
0.21928829,0.051696252,0.030105518,0.24493739,-0.30495185,-0.041913725,-0.036770143,-0.35521257,0.27760476,-0.20022255,-0.28504524,0.26527455,0.117777415,-1.5524054,-0.14049527,-0.25839293,-0.10012804,-0.018962733,-0.1370372,0.018836904,0.09064468,-0.23977606,0.059034016,0.13107929,-0.09966336,0.23321669,-0.4692439,0.003978062,-0.08138412
0.10984155,0.05021457,-0.0052516875,0.2594287,-0.35928252,-0.04682062,-0.03638475,0.10579303,0.14172727,0.09463648,-0.75491357,-0.0867893,0.12734914,0.5572244,0.036045644,0.05504605,0.042956892,0.012516583,0.18666342,0.039775543,0.062993705,0.05491578,-0.13176167,0.12714072,-0.16247608,0.10159676,-0.04658035,-0.01478163,0.123821355
-0.20697096,0.036862534,0.05192884,-1.4685172,-0.29716796,-0.08158971,-0.012032666,-0.23918907,0.14138867,-0.16584764,-0.37603623,-0.07451862,-0.15215708,0.46574438,0.026392182,-0.19010822,0.049760964,0.031128788,-0.15565288,0.018309444,0.05487199,0.06419581,-0.0664551,0.08069413,-0.19639993,0.19853465,-0.034677442,0.036722288,0.107650176
0.11668741,0.004400903,-0.020161638,0.3232828,-0.24469236,-0.05060141,-0.08476391,-0.5438011,-0.30463636,0.13158102,0.07450752,0.06386754,-0.100633234,-1.0395865,-0.045289695,0.46054846,-0.15359853,0.02287279,0.12478921,0.016427472,-0.35819265,0.050297763,0.16634014,0.10655991,-0.16829507,0.10094593,-0.13362108,0.0055725966,-0.1606412
0.064928755,0.035886586,0.0074903225,0.23100021,-0.40439472,-0.079286695,-0.14535804,0.078203686,0.09639414,0.057839278,0.09722876,0.03886989,0.041079123,-2.063303,0.02119051,-0.6716884,-0.49219123,0.025486235,-0.25691885,-0.1485501,-0.2297584,0.08032675,0.09198687,0.11215041,-0.306394,-0.17419001,-0.41749534,0.006593923,-0.15566607
0.1413524,0.029916976,-0.044068262,-2.4716268,-0.21175162,-0.07717812,0.016188353,0.061091565,0.1343265,0.09129469,0.0673531,0.11446995,0.031008478,-1.8190157,-0.02817956,-0.25589597,-0.38629523,0.008461778,0.059401687,0.017836358,0.050775852,-0.28198183,0.05960878,0.09402076,-0.11645852,-0.20123594,-0.36872935,0.0061085285,-0.09708308
0.07332191,-0.15075451,0.02255342,0.27721524,-0.3157777,-0.040684517,-0.040870987,0.15455624,0.17235903,0.16140956,-0.9102026,-0.058070417,-0.032642342,0.55571955,0.010544946,0.63575155,-0.1050574,0.020191919,0.22191139,0.031607274,-0.15537758,0.030048318,0.1561515,0.13215326,0.0644205,0.13199082,-0.4868174,-0.0002586687,-0.17904352
-0.084333055,0.010710436,-0.06540748,-2.2173507,-0.2354935,-0.06457491,0.026876612,0.10344117,0.021977615,0.053658847,0.052554704,0.026924582,0.058424287,-0.9934769,-0.012109926,-0.61129093,0.04774242,0.009608702,-0.15646766,-0.10370531,0.03795738,0.08424386,0.1351469,-0.51321125,-0.11082509,-0.1746029,-0.43556115,0.009601834,0.1236406
-0.19706683,0.044864673,0.0062641585,0.19247687,-0.48441955,-0.11390697,0.018259728,0.07755036,0.16933459,0.11253119,-0.63237834,0.030705478,0.07542401,0.47467136,-0.11941064,-0.3352653,-0.07266754,-0.013154841,-0.32370663,0.030077366,-0.22779311,0.06045559,0.16157956,0.1621807,-0.115691505,-0.107503556,-0.22217858,0.0075225467,-0.21101421
-0.31016722,-0.19374365,0.0059762197,0.2526118,-0.3387402,-0.09997184,0.05028715,0.10301723,0.07031772,0.21797572,0.13039644,0.061727434,0.068828076,0.56078017,-0.104970425,-0.39929998,0.18049632,0.012641041,0.22543548,0.03206978,0.05907314,-0.39782405,0.13020818,0.07266919,-0.1661281,-0.17109562,-0.19254017,0.025893584,-0.29709005
-0.11335168,0.041397836,0.023435958,0.27151725,-0.42908764,-0.07066154,-0.023382802,0.09750894,0.20315853,0.09528422,0.17747691,-0.056818817,-0.21027943,0.5588713,0.04566243,0.3702208,-0.11604077,0.00508928,0.25575903,0.045587055,0.04850539,0.05553802,-0.16987664,0.11501415,-0.2991379,0.06640893,-0.058662318,-0.06688578,0.11356164
0.038854778,0.06955187,-0.119567215,-2.742673,-0.018408654,-0.024278497,0.01290939,-0.22681075,0.13703248,-0.19367805,-0.21625425,-0.10228655,-0.06262971,-1.4249891,0.10148079,0.6769485,0.0028207449,0.012587038,0.05452629,0.013894106,0.03358285,-0.22451715,0.07274767,0.0955593,0.13241734,0.23170254,-0.34829223,0.006142657,-0.054300755
0.21864617,0.058993824,-0.01698435,0.1747523,0.1690477,-0.122192085,0.00058203185,0.14378817,0.19800776,-0.21355222,-0.39698413,0.041256752,-0.22728154,0.5845892,-0.067897156,-0.46763897,-0.15547182,-0.024913682,-0.26748493,0.06786824,-0.2987348,0.053416602,0.117661014,0.0659108,-0.19579023,0.054725878,0.17308417,0.0052582063,-0.20346983
0.12848972,0.0197925,0.3162648,-1.3922551,-0.022371015,-0.05223625,-0.012968976,0.058669712,0.06712301,0.07740193,0.05284291,0.050220218,0.053654548,0.5831251,-0.054192957,-0.72461575,-0.059339758,-0.0014087332,-0.20484488,-0.2703291,0.047785945,-0.5452376,0.09611393,0.117191665,-0.31130353,-0.11668322,0.1436218,0.0056411764,-0.16399327
-0.14581683,0.019476894,0.005355576,0.16816424,-0.028181318,-0.07009853,0.024645753,0.13379468,0.11651879,0.05206083,0.08819128,0.028460804,0.04130448,0.58172333,-0.05464549,-0.7587662,-0.11209342,-0.0042936923,-0.38001892,-0.3700992,-0.09304034,0.12599437,0.14835979,0.07185563,-0.06592971,-0.09698403,0.16753969,0.008215862,-0.20865636
0.21198732,0.009885062,0.032076936,0.3252461,-0.2697909,-0.06914137,0.011098424,0.14788015,0.14024392,0.2021381,0.117584065,-0.14293714,0.031114114,0.5905707,0.00023523334,0.036231272,-0.21005759,0.016989697,0.21470875,0.03451537,0.06668399,-0.43019173,0.15808399,0.08331661,-0.16613957,-0.0732322,-0.167604,-0.0005577338,-0.23751417
-0.10117325,0.054583564,-0.0063451407,0.20976165,0.58658785,-0.07175904,0.0042671687,0.13366924,0.15255599,0.059941888,0.15755247,0.013852218,0.08588257,0.74025005,-0.16640438,-0.25079504,-0.09731934,0.007347076,0.1766956,0.05737897,0.018668566,0.061014213,-0.11789374,0.08109542,0.12684168,-0.047749285,0.2196113,0.008383747,0.1123722
-0.12999184,0.036682397,-0.012184347,0.22567378,0.78762424,-0.066488035,0.0026910177,0.17784692,0.21687427,0.08545399,0.17415455,0.026087357,-0.15197136,0.73129886,-0.17154731,0.29582384,0.08017334,0.006858846,0.18591604,0.058394857,0.01698111,0.059924837,-0.16184883,0.08537011,0.14273885,-0.026481625,0.23513328,0.009509076,0.10725194
-0.20009744,0.05881021,0.03240721,0.3181569,-0.02238607,-0.13973194,0.010063726,0.105310105,0.1325057,0.15783224,0.071100704,0.04331976,-0.22739562,-0.84794235,-0.06732423,-0.4897371,-0.27475038,0.01564457,-0.1847361,0.049710404,0.077328496,-0.27733386,0.12238436,0.0766779,-0.19020338,-0.15364766,0.13946484,0.0058782035,-0.10491171
-0.08659556,0.02409458,-0.032587953,0.19461514,0.15555234,-0.082377695,-0.01639015,0.17825666,0.15497355,0.08440099,0.12832056,0.03216819,0.060459938,0.7084803,0.076097526,0.079201914,-0.017936347,0.011400114,0.17131145,0.071340166,0.018982032,0.053329546,-0.12809479,0.09951444,-0.22455835,-0.11059271,0.19093774,0.007473637,0.08841222
-0.26368853,0.021371279,0.049150463,0.23050831,-0.16431756,-0.05274674,-0.0013587952,-0.49612743,-0.21900417,0.15017928,-0.63589805,0.079604894,0.11270064,0.45419198,0.014192659,-0.009389663,0.020709375,0.0038218526,0.15723619,0.020639786,0.07979924,-0.31537962,0.12544763,0.11389579,-0.20909132,0.06703529,-0.039193023,0.00345589,-0.24851294
-0.17469835,0.032647263,0.05221807,-1.101858,0.6930805,-0.081538275,-0.016800243,-0.2988878,-0.3724567,0.069475725,-0.4834321,0.07283032,-0.17324531,0.6312983,0.10617863,-0.25253987,-0.15922956,-0.048199903,-0.14038321,0.019132564,-0.15439397,0.04411692,0.11264015,0.095414214,0.17160584,0.015873736,0.13655128,0.006531497,-0.15302677
0.023737006,0.07468408,0.00014122625,0.27281228,-1.0253859,-0.021676272,-0.011663926,-0.5443515,-0.280464,-0.28720382,-0.29569992,-0.08855527,-0.046899904,-1.8283136,-0.082999066,0.6419576,-0.14299332,0.025430523,0.07008585,0.01626787,-0.010261106,-0.2585193,0.06906348,0.10395057,0.23127103,0.12567551,-0.39270857,0.00747659,-0.08215002
-0.0030465722,0.040297024,-0.019713894,0.3195448,-0.27800205,0.5477546,0.03005468,0.096648045,-0.13914955,0.111397654,0.17032386,-0.02521601,0.16139896,-1.049356,0.11666854,-0.18682824,-0.34335244,-0.038294792,-0.21815224,0.030073512,0.05613653,0.092049874,-0.1507452,0.10218893,0.101547286,-0.117015816,-0.16017266,-0.00063478027,0.13204695
-0.08197182,0.0004960196,-0.030990219,-1.3904463,0.9406425,-0.039189745,0.040523782,0.1262633,0.081317864,0.02168866,0.07832146,0.027767543,0.025103569,0.68760407,-0.096495405,-0.31468245,0.18962814,0.016851436,-0.18841037,-0.17454141,0.015688078,0.080641806,0.18138984,-0.33648828,0.41013244,-0.06533264,0.20256919,0.008943009,0.098843895
0.09313579,-0.26979148,0.037976615,0.24432398,0.19936493,-0.09161208,-0.016700836,0.1280348,0.15847664,0.06263141,0.10714619,0.033395793,0.059419025,0.6886563,-0.10576663,-0.33821216,-0.13315207,0.014160534,0.18442132,0.058394022,0.027591374,0.039521307,-0.14543438,0.06816641,-0.17776808,-0.13559163,0.17048164,0.011311331,0.10218286
0.080810905,0.026043408,0.011993642,0.21642314,0.15093724,-0.06826944,0.0048787864,0.18065307,0.21204208,0.059736587,0.10205369,-0.08768163,0.015997916,0.71699315,0.034393374,0.28313273,-0.11097894,0.008853412,0.18376395,0.06002244,0.022572042,0.053367265,0.13788942,-0.7158656,-0.1149495,-0.10507086,0.2252253,0.004536224,0.10407629
-0.0806578,0.08813455,0.0020045585,0.3732653,0.0065684784,-0.054343086,-0.05522062,0.16683918,-0.40737858,-0.18147808,0.119741455,-0.059282295,-0.09366866,-1.4686637,0.030449342,1.2742858,0.015100798,0.027082061,0.19408116,0.02329032,-0.07182217,0.07015658,0.0963175,0.07645234,0.0032033417,0.11684182,-0.08604636,-0.0035441008,-0.11256667
-0.11691919,-0.03970722,-0.019766053,-1.8771079,0.51861143,0.20596464,0.03087609,0.11875388,0.10557253,0.028172564,0.089968406,0.032402314,0.06020749,0.637493,-0.18341407,-0.8878129,-0.080490924,-0.016740602,-0.15356435,0.051732138,0.006324048,0.073342524,0.018677987,0.16024983,-0.14092809,-0.0922821,0.19583043,0.008260198,0.07796375
-0.08636273,-0.41984096,0.048379533,0.40475455,-0.19472256,-0.055562004,-0.0017083456,0.22136344,-0.30654004,-0.19807129,0.19628009,-0.06532944,-0.11488291,-0.75058997,0.012096291,0.5990812,-0.10540225,0.016973099,0.20401855,0.024620356,0.058015093,0.08831609,-0.04693937,0.09629076,-0.10468852,0.06408594,-0.2860462,-0.009016387,0.15978515
-0.2736312,-0.16106784,0.030924156,0.30094168,-0.22482221,-0.03166239,-0.06552636,-0.28230903,0.12573631,-0.38336435,-0.48301405,0.07948284,-0.17497878,-0.5556094,-0.04220543,0.3380321,-0.038173676,0.0077187144,0.10524061,0.018323924,0.08425624,-0.3038688,0.1383446,0.047318354,-0.11633542,0.15366238,0.02515607,0.036359075,-0.13603196
-0.12336287,0.032632448,0.052379154,0.27372763,0.79244626,-0.06663936,0.0025949345,0.17363907,0.20410612,0.074886166,0.16941254,0.05075401,-0.14914477,0.73127204,-0.15197253,0.2326215,0.08157135,0.0059755277,0.19383569,0.057485905,0.01860699,0.062054995,-0.15522467,0.07978128,0.11796515,-0.03590171,0.23263092,0.011488322,0.10729956
0.028738284,0.054309517,0.043349996,0.3017335,-0.35795483,-0.14504826,0.036926426,0.098714106,-0.45803094,0.11141358,0.09903868,-0.09747178,-0.16417429,-0.85384214,0.032757215,-0.38572076,-0.23738001,-0.03656256,-0.2530416,0.027547387,-0.48118505,0.0471283,0.19179568,0.05514562,-0.17925777,0.11664787,-0.05434928,0.0008101055,-0.12151047
-0.029408488,0.042400744,0.07093529,0.24785565,-0.47516882,0.3459581,0.08340454,0.10958489,0.11195095,0.100021414,-0.5846489,-0.058355935,0.015837017,-2.1269786,0.01851849,-0.5573575,-0.17487554,-0.004772648,-0.15623301,0.023887552,-0.19414479,0.069071636,0.0046095997,0.101995714,-0.18449882,-0.12105997,-0.4678889,0.0073744464,-0.17353784
0.1058193,0.030510176,-0.058619205,-1.871145,-0.63617,-0.09096053,-0.09267995,-0.30326623,-0.3102862,-0.06559292,0.081566155,0.068916425,0.028765477,0.45241073,-0.08486716,-0.26055437,-0.38900712,-0.0075930497,-0.14681163,0.017277626,-0.3568654,0.04007089,0.09367263,0.11468175,-0.054781727,0.16577174,-0.2947904,0.007843935,-0.16717833
-0.118637934,-0.061354324,-0.050894037,0.24722637,-0.07558672,0.3484299,0.052955687,0.14692709,0.08352964,0.12100211,0.10473156,0.029024307,0.04919024,0.55136853,-0.029170422,-0.91759473,-0.2504157,0.0130557725,-0.34176856,0.039215088,-0.20900038,0.11393917,0.07332773,0.14677042,-0.21446364,-0.17670819,-0.448935,0.0089359805,-0.31691253
-0.0877723,0.014487465,0.068114884,-1.7025403,0.1277606,-0.045544073,0.0054007247,0.079675585,0.10199449,0.03546908,0.07096418,0.03691438,0.045211606,-2.0186634,-0.034079757,-0.81003845,-0.21980056,0.013795285,-0.12634595,-0.18912356,0.008349015,0.06339777,0.081821665,-0.4612873,-0.14059868,-0.095117256,0.12357515,0.007027754,0.09398826
0.07549208,0.07404915,0.06689789,0.32782274,-0.35155913,-0.055477723,-0.04331714,0.25571942,0.096350744,-0.16732499,0.21337496,-0.06107698,-0.13483803,0.5575176,0.034234382,0.69581294,-0.11025447,0.015651807,0.30198282,0.04299661,0.029534908,0.08417624,-0.07092063,0.14846833,-0.019415911,0.10363388,-0.397063,-0.005201536,0.13870831
-0.0565796,-0.14707443,0.011119956,0.2606563,-0.16681054,-0.07810247,-0.13795026,0.0991442,0.081048764,0.08351665,0.071920015,0.026313856,0.06820701,-0.831202,-0.0009522792,-0.77558094,-0.17392522,0.01839786,-0.28380457,-0.15193084,-0.24311697,0.08952158,0.1295419,0.12507455,-0.20661715,-0.17904973,-0.4555342,0.008516594,-0.1898282
0.10399535,0.04277317,-0.032198634,0.3435154,-0.42528084,-0.050360773,-0.090038314,0.18120418,0.14952524,-0.23144704,0.14184234,0.05530572,0.025033921,-0.88747925,0.019815272,-0.06487931,-0.20607278,0.025469352,0.11535034,0.024499482,-0.3467734,0.0769749,0.06845436,0.121575095,-0.22737265,0.03636199,-0.39226937,0.0061295037,-0.19723159
-0.13016006,0.021675885,-0.019216016,0.21294224,0.10103965,-0.06922473,0.020533875,0.13990746,0.09286779,0.057416048,0.10282582,0.01870216,0.057631597,0.5937947,-0.07795336,-0.83147144,-0.0840638,-0.009368239,-0.40034303,-0.40116888,0.036095332,0.10068301,0.19256397,-0.6238021,-0.13497971,-0.09336982,0.16509238,0.0073695867,0.117229395
0.08469765,0.052323025,-0.014874096,0.24291883,-0.48817098,0.45675695,0.043113973,0.12477921,-0.2944571,-0.2973722,0.15218338,0.07939235,-0.09832524,-2.1855767,0.0067488216,-0.44899976,0.07105463,0.004691338,-0.16041006,0.023901585,0.050875023,-0.41552266,0.033315964,0.09080867,-0.2716051,-0.0067877765,-0.4252405,0.0041809245,-0.17489962
0.14999834,-2.82221e-05,-0.016337119,0.23899946,-0.04534279,-0.05859532,0.00013740757,-0.7517145,-0.30412623,0.14488797,0.14329879,0.08992387,0.11095826,0.52905476,-0.011907041,0.08653218,-0.19457398,0.017064093,0.1858015,0.023661202,0.05413315,0.04810975,-0.1558764,0.121758774,-0.15650406,0.12573902,-0.40470964,0.034645963,0.114222586
0.0128695825,0.04605313,0.07538737,-1.7980672,-0.4309279,0.2566188,0.0321364,-0.2064364,-0.24576966,-0.057211082,-0.3576069,0.10686606,0.06348481,-1.8508,0.1316918,-0.3402,-0.011453397,-0.016181871,-0.08628045,0.011804156,-0.3255521,0.04423538,0.014948755,0.09616269,-0.21641588,0.15586606,-0.29918733,0.010432878,-0.08883997
-0.14858523,0.034659754,-0.019024592,0.34754315,-0.11835331,-0.037965313,0.09246519,-0.5749481,0.10948384,0.15146664,-0.4659178,0.056919605,-0.18726473,-0.6362665,0.014764814,-0.17168972,0.1443409,0.017915124,0.091591716,0.016729696,0.07072157,0.05341588,-0.15427344,0.102442466,-0.17604783,0.080166936,-0.11467941,0.039235976,0.10277991
-0.14672972,0.034974333,0.028843366,0.30076247,-0.4767114,-0.06470931,0.020707728,0.15868112,0.18348102,0.109350316,0.17076275,-0.08285892,0.0019098518,0.59438705,0.043359194,0.058338586,-0.053092726,0.011133064,0.2707931,0.032651197,0.057512347,0.06924901,0.1714245,-0.707861,-0.09508985,0.13590594,-0.08969421,0.016032908,0.12607522
0.07324672,0.035870336,0.0005499746,0.24334869,0.7707809,-0.06904367,-0.003048259,0.16350697,0.17847548,0.063582666,0.1543374,0.07325201,-0.13980734,0.7398011,0.052833945,0.182048,0.04213077,0.006774851,0.19082825,0.06382014,0.011167764,0.04794355,-0.15303826,0.081608236,0.11369057,-0.05731111,0.22560918,0.007784868,0.09733101
0.089983895,-0.14155373,-0.0038938406,0.26449528,-0.0062512504,-0.06083566,-0.06664053,0.09766263,-0.46767545,0.12563002,0.13268064,-0.043653507,-0.23304465,0.5822371,0.026804559,0.3000369,0.009756923,0.021133404,0.27730104,0.047683436,0.047054205,0.044805292,-0.2173393,0.06303989,-0.109966606,0.0899856,-0.0717369,-0.008790897,0.108146034
0.012573493,0.04463445,-0.043007415,-2.025394,-0.9398192,-0.029185874,-0.03523521,-0.33588532,-0.18915537,-0.15362647,-0.2889487,-0.054562125,-0.027977204,-1.8505834,-0.03735991,0.5797962,-0.19078436,0.018831823,0.051719707,0.0124649005,-0.08074047,0.046147857,0.059398025,0.08658591,0.18121918,0.115767896,-0.31107295,-0.002326098,-0.064259134
-0.15195858,0.017975863,-0.17811202,-2.1342866,0.17401822,-0.06348964,-0.03493363,-0.6256186,0.18101414,0.07495559,0.059003882,-0.09357319,-0.059796594,0.6295173,-0.2132671,0.7397483,-0.0504557,-0.006953511,0.09631946,0.036654167,0.011579459,0.05129315,-0.11477671,0.0725417,-0.18167336,0.06724583,0.1623026,0.019545656,0.07687382
-0.1285873,0.010663688,-0.06385812,-2.19181,-0.25271803,-0.06590076,0.01565851,0.06715283,0.0014153481,0.089313574,0.052145306,0.04657099,0.061014738,-0.9021693,-0.05639608,-0.4788763,0.0029509896,-0.0028963436,-0.15866555,-0.11812582,0.042867705,-0.58671254,0.112495326,0.08703127,-0.32084298,-0.21496741,-0.3592576,0.0077578393,-0.13809556
0.1658274,-0.0020515625,0.10121827,-1.4977359,0.8344779,-0.04258255,0.042738277,0.11998885,0.079024635,0.019237358,0.06267671,0.030583762,0.02038979,0.6763746,-0.057591572,-0.62987846,0.17574288,0.014696373,-0.18937239,-0.18784416,0.018563244,0.07404818,0.19250883,-0.47105885,0.19371477,-0.07455784,0.18239339,0.008469552,0.09057494
-0.13741966,0.035612077,0.011944187,0.27425405,0.043255646,-0.0694018,-0.001150416,0.14554827,0.17787015,0.1264692,0.15613441,-0.020884342,-0.15057038,0.6363768,0.06145395,0.3538598,0.11060051,0.0119167175,0.25599033,0.051359624,0.031063352,0.061183132,-0.2006349,0.05902623,-0.09928571,0.030242505,-0.03094403,-0.014766164,0.12569827
-0.054580506,-0.35154736,-0.02478488,0.23067406,-1.3340333,-0.022310702,-0.004621778,-0.43934476,-0.2387033,-0.16459168,-0.34326223,-0.05632042,-0.06260144,-1.5667841,0.08911392,0.53367794,0.050620086,0.016885571,0.056560002,0.014917607,-0.09682609,0.031071812,0.060592167,0.083850235,0.17542753,0.12600818,-0.3313303,0.004269986,-0.07704592
0.12910096,0.0030178502,-0.002448064,0.14385083,0.50119656,-0.04803474,0.029326651,0.11526752,0.0605123,0.075859345,0.066275924,0.04727756,0.025452765,0.5772691,-0.05696416,-0.9135925,-0.1877778,-0.022097597,-0.38186994,-0.45441577,0.05196568,-0.83637357,0.17949857,0.030254979,-0.26659968,-0.07969403,0.1718571,0.0029873208,-0.24019137
0.07839262,0.06520399,-0.049047127,0.36205703,-0.2608969,-0.04106893,-0.12375074,0.18855609,0.17507811,-0.24033777,0.17329556,-0.08102413,0.045553688,-0.93680626,-0.00900461,0.32526407,-0.009457315,0.023415914,0.14915346,0.024673834,-0.24614103,0.08075151,0.061031025,0.12413198,-0.049615756,0.13220792,-0.3353794,-0.050215658,-0.18999581
-0.123995826,0.030295221,0.08077896,0.28660005,-0.013481287,-0.059100334,0.01908625,-0.7125347,0.1157107,0.12354921,0.1347023,-0.095392846,0.071409464,0.5326121,-0.0012715098,0.05881238,-0.09367981,0.014068478,0.20486034,0.02137998,0.059771486,0.09057239,-0.10000214,0.17759706,-0.15367562,0.029665168,-0.4657191,0.012645721,0.14691812
-0.07661805,0.06389148,-0.041820906,0.27388734,-0.07322823,-0.063765645,-0.029846631,0.24478436,-0.3504261,-0.16318363,0.19406459,-0.062920175,-0.15715222,0.60015106,0.052272443,0.8634132,-0.1403134,0.017925918,0.34359336,0.033278078,0.02451075,0.08415045,-0.12494237,0.1486893,0.0067629125,0.067655064,-0.38150325,-0.0018183693,0.15065919
-0.15298156,0.041420817,0.0028323475,0.180682,-0.40557912,-0.07144132,-0.019797647,0.06735445,0.09808054,0.0695948,0.07444362,0.045757007,0.062461235,-1.8577247,-0.042959478,-1.0052795,-0.4898503,0.006324808,-0.2981624,-0.21982697,0.035129905,-0.54999423,0.076712124,0.10147155,-0.62488955,-0.14403841,-0.011736195,0.0049235225,-0.09209232
0.16250494,-0.052553803,0.056847587,0.2970411,-0.44474322,-0.06232133,-0.06379318,0.16906697,0.11033898,-0.357338,0.116214365,0.06722553,0.03912963,0.5150055,-0.08931823,0.0062358356,0.22802433,0.019571088,0.22709437,0.034494605,0.07572953,0.05923192,0.108579256,-0.68966895,-0.18874761,0.028523957,-0.19421056,0.039608207,0.14510907
-0.14712209,-0.26812944,0.045010015,0.2610716,0.37843162,-0.06594031,-0.11264933,0.1398055,0.14818083,-0.2405795,0.18781415,-0.03382946,-0.06782862,0.66662806,0.065656625,0.69081885,-0.10168461,0.0052969465,0.25055522,0.06266469,0.031467725,0.07999352,-0.10751196,0.054283205,-0.1734549,0.08365289,0.21416974,0.0055074827,0.12852468
-0.07661711,0.007812395,-0.032105114,-2.2681139,-0.17636941,-0.0543964,0.032729868,0.10044688,0.043314476,0.046853177,0.059649,0.03306848,0.05986964,-1.0862513,-0.03884962,-0.20365047,0.091801874,0.008951402,-0.15091878,-0.0983275,0.036751743,0.081948765,0.1610264,-0.40800044,-0.13347521,-0.18989225,-0.4172409,0.009696276,0.11244871
-0.14461313,0.031157902,0.06387023,0.21317162,0.20943858,-0.062432464,0.033095468,0.06112731,0.10523211,0.10127511,0.08551935,0.046491854,0.058398638,-1.8286629,0.045910645,-0.8347395,-0.006003881,0.010763223,-0.24379435,-0.16785914,0.032631025,-0.653679,0.111530006,0.07236068,-0.31121594,-0.1275251,-0.40066612,0.0040489067,-0.1412945
-0.122370124,0.017990772,-0.002626801,-1.8998977,-0.14041969,-0.0460284,0.0042882534,0.08385874,0.07582017,0.032935593,0.056188554,0.034551606,0.051895678,-1.1444919,-0.048461508,-0.7764708,-0.24380818,0.00641724,-0.11770993,-0.16904476,0.04063639,0.067319855,0.13099861,-0.52838117,-0.16214259,-0.13578792,0.13073185,0.00901362,0.10133994
-0.088871434,0.015021869,0.0068653384,-1.776464,-0.39667866,-0.058174253,0.0066614784,0.073458284,0.05512437,0.0336488,0.061056897,0.027627021,0.04800865,-1.0952238,-0.067630254,-0.5098082,-0.21117343,0.0122773675,-0.16061068,-0.11253216,0.04035065,0.07204548,0.1220748,-0.5874263,-0.20992239,-0.16285303,-0.04253096,0.00972916,0.09998869
-0.11706868,-0.07606151,0.013413314,0.21144494,0.14003311,-0.058723256,0.004325672,0.11460181,0.17961197,0.12498205,0.18507057,-0.021847922,-0.12948042,0.6086713,0.066314824,0.6200269,0.063838705,0.010859213,0.27035803,0.06078546,0.033855125,0.06505211,-0.16135389,0.060259845,-0.13017513,0.08305351,-0.046062443,-0.01850712,0.12909202
0.035075776,0.025879826,0.30517936,-1.563152,0.22647731,0.46840957,-0.0029966338,-0.28036132,0.11936395,0.08721861,0.107186645,0.04856444,-0.16489248,0.6423216,0.076980546,-0.4026657,0.26401016,-0.013011294,-0.10341986,0.047156487,0.04785354,0.03291023,0.09078814,0.09739408,0.30582395,-0.05410479,0.19772007,0.008989169,0.08447949
-0.13979769,0.08835634,0.06562849,0.28455845,-0.30844417,-0.0540157,-0.030484285,-0.5772111,-0.24894023,-0.119348116,0.13432221,-0.096075945,0.16768017,-2.1742992,-0.04937426,0.578973,-0.16773836,0.030803846,0.13702543,0.017988054,0.024652757,0.095969744,-0.026451696,0.12997843,-0.15477334,0.10281319,-0.33575597,0.0014730748,0.114130355
0.11412738,0.04751814,-0.0026433724,0.23856126,0.11643393,-0.052855644,-0.024125323,0.1447691,0.1821127,-0.2687885,0.13625848,-0.027877104,-0.12833752,0.641084,0.042713646,0.7998338,0.10244061,0.0068809246,0.27077767,0.053586073,0.03231804,0.07170344,-0.16303588,0.04873358,-0.15748218,0.11333254,0.3072936,0.013046221,0.12303388
0.089878544,0.018598933,-0.0015417233,-2.0345523,0.13018186,-0.05084307,0.008484924,0.089093335,0.07107311,0.0008880313,0.061388504,0.03710963,0.04668038,0.5639508,-0.054386843,-0.5265273,-0.07608167,0.002979617,-0.18452546,-0.2254287,0.025946701,0.078462824,0.15616667,-0.47625703,-0.14235517,-0.10785559,0.13054219,0.008469552,0.1001978
-0.08928367,0.05253334,0.041889917,-1.783383,-0.43343288,0.29155272,0.043491736,-0.3254203,0.16424525,-0.1966023,-0.36711627,-0.10735957,-0.03678865,-1.7663877,-0.0696969,-0.24863821,-0.42380887,-0.007782772,-0.081345186,0.0123398565,-0.12386058,0.07414602,0.043000482,0.090535186,-0.13666733,0.09846262,-0.36730757,0.010418191,-0.07542776
-0.12366393,-0.2005513,0.032647666,0.20369618,-1.1972458,-0.02679013,0.013043922,-0.72273654,-0.19117722,-0.3793557,-0.49664438,-0.07526505,-0.06195937,0.4099405,-0.08194547,0.5774771,-0.0660501,0.011786618,0.11547599,0.019634029,0.03602144,-0.24620266,0.12509646,0.08403321,0.073643684,0.11452879,-0.50152177,0.006655541,-0.2559608
-0.14963856,-0.069385804,0.0635375,0.2807801,-0.24034265,-0.07214786,-0.012199197,-0.5612907,0.11876632,0.11502885,0.17369679,-0.12849103,0.08933662,0.52729434,-0.058365308,0.016715264,0.19339155,0.014080076,0.21756996,0.027244173,0.056340203,0.06827031,-0.122652665,0.098955125,-0.20517726,0.05610864,-0.1994952,0.04287984,0.12557018
0.18651178,0.009938096,-0.01878986,0.2966726,-0.23957138,-0.03240809,-0.084999226,-0.25574195,-0.17406109,-0.41282448,-0.22491203,0.14798188,-0.08353364,-0.3689303,0.17849714,-0.07556122,-0.11999176,0.006128242,-0.11689483,0.016649706,0.12814297,-0.1897118,0.17954059,0.14184001,-0.10830334,0.28992757,-0.46887633,0.0054350975,-0.13818565
0.09016329,0.019105544,-0.03192099,-2.6416876,-0.120634355,-0.039061744,0.024823219,-0.38006002,-0.11982775,0.1556261,0.07616935,-0.1055045,-0.042133488,-1.0585992,0.02198586,0.47994354,-0.110101834,-0.0022029658,0.05296733,0.01404423,0.047124945,-0.24605264,0.11654001,0.10754735,0.025583541,0.10515322,-0.34062463,0.0068034264,-0.082973994
-0.06326747,0.025684845,-0.022711165,-2.1436143,-0.40162635,-0.07345788,0.030763492,0.07945014,0.074239664,0.043523114,0.05452135,0.029578285,0.07321826,-1.0679677,-0.012953557,-0.5786916,-0.09656145,0.009082782,-0.15306532,-0.09825533,-0.16597036,0.09318167,0.13945813,0.078770496,-0.19323069,-0.15919079,-0.110840976,0.008652364,-0.114103384
0.059217904,0.10802133,0.050474845,0.4321091,0.19401352,-0.029575715,0.08499198,-0.46158105,-0.07245334,-0.22128206,-0.30169138,-0.07494223,-0.11431911,-0.42342782,0.12992118,1.0041851,-0.02192855,0.022352412,0.1259525,0.015485874,0.04337792,0.07810994,-0.06629668,0.15444668,0.10746407,0.19804856,-0.37732908,-0.004483491,0.09743434
-0.050934814,0.027601238,-0.0637344,-2.31077,-0.2572448,-0.029338775,-0.043416448,-0.32719782,-0.18932477,-0.14949934,-0.27451593,-0.050177965,-0.06432647,-1.4993615,0.114984594,0.59857833,-0.18044727,0.014431848,0.064351775,0.012187876,-0.0013470773,0.03808445,0.09498638,-0.59192556,0.055300076,0.018748341,-0.4570771,-0.0036214865,0.044585764
0.13271931,0.014888184,-0.0011920088,0.20371507,-1.0736012,-0.06877447,-0.07351744,0.11095143,0.06995013,0.059542865,0.065295644,0.047082562,0.050488483,-2.0947192,-0.013312421,-0.7078898,-0.57453376,0.016012443,-0.20926939,-0.14884283,0.059581686,-0.23712094,0.10084282,0.10556952,-0.26237538,-0.16490531,-0.45457667,0.0036493463,-0.13786238
-0.11129011,0.020090047,0.03538158,0.23508991,0.2184039,-0.061842002,0.048179004,0.10449203,0.11544273,0.088193975,0.09180075,0.029594688,0.062366407,-1.9611124,0.053423356,-0.5009387,0.00050951657,0.01963842,-0.23831813,-0.14537525,0.030725017,0.101645775,0.12257189,-0.5982459,-0.2648075,-0.11401099,-0.5590305,0.006661743,0.14204296
0.10641675,0.07264067,0.06682758,0.23501384,-0.596035,-0.027163612,-0.032053966,0.16010791,-0.20591915,-0.3975674,-0.63280904,-0.103273325,-0.06643451,0.28771043,-0.07943354,0.7999244,-0.22638646,0.014914345,0.19797954,0.02793588,0.05478892,-0.3440643,0.06722139,0.12070027,0.018223934,0.1186329,-0.51233244,0.0017416215,-0.33012202
0.1046141,0.056484003,0.11592329,0.29589808,-0.6969491,0.4900456,0.03963616,0.18022957,0.2409464,-0.13912505,-0.5774178,0.20253226,-0.09624649,-1.4432048,-0.0032197463,-0.18253021,0.10997128,-0.0066229426,-0.11149958,0.024004877,0.04368692,0.06290446,0.39163607,0.10249051,-0.19185637,0.036702227,-0.45870706,0.018927122,0.12716213
-0.09439872,0.027342647,-0.044996884,-2.021365,-0.36279038,-0.09186692,0.04551554,-0.31579268,-0.07093107,0.070366554,0.04942743,0.044360302,0.08563367,-1.0104567,-0.040145632,-0.21615833,-0.08132079,0.0019469002,-0.12951323,0.012521887,0.102403894,0.048583727,0.19774371,-0.5445265,-0.09906679,0.010663699,-0.14347804,0.008448327,0.10442352
-0.13568404,0.028514795,0.025498794,-1.951687,-0.17005564,-0.0476521,0.018340029,0.04383039,-0.38667905,-0.172426,-0.28613117,-0.097388096,-0.20646475,-1.0282393,-0.0704239,-0.23310764,0.0049590124,-0.034695648,-0.12921333,0.019653924,0.03224121,0.055569787,-0.16131829,0.04301074,-0.12576193,0.19372754,-0.03023633,0.028142432,0.0988666
-0.12864299,0.026887307,-0.007203432,-2.1467378,-0.39002928,-0.057913627,0.06705364,-0.28082547,-0.15045102,0.053397186,-0.29292116,0.059522524,0.06896574,-0.7843621,0.07210692,-0.22422506,-0.28029773,0.0031157571,-0.071859725,0.011710927,0.09128635,0.032026574,0.14577235,-0.6448931,-0.17416178,0.20279114,-0.5216319,0.0017851937,0.086242676
0.19561133,0.06090345,-0.0027719848,0.20236915,0.48609018,-0.0495031,-0.019689478,0.1192163,0.15712349,-0.20380896,-0.69461316,-0.08112348,-0.090475045,0.64934796,0.04776905,1.0089532,-0.003198512,0.025988547,0.20889267,0.042529985,-0.12962964,0.07700932,0.098568745,0.06987335,-0.17121328,0.14191897,0.3707288,0.016643535,-0.20056148
-0.009628708,0.024760434,-0.07318977,-2.0664542,-1.1603769,-0.030146567,-0.0306222,-0.3484036,0.1675611,-0.1449209,-0.20249455,-0.084563985,-0.07770483,-1.6249176,-0.024382766,0.52177346,-0.17572814,0.013945111,0.040793836,0.013183857,0.018447774,0.024165116,0.069756374,-0.53093874,-0.0501016,0.18614429,-0.44769958,-0.0025824006,0.050156653
-0.056589663,0.021063372,-0.018688885,0.19465014,-0.9339706,-0.07700989,0.061634257,0.12038304,0.05406686,0.054507747,0.0872515,0.021727111,0.042217743,-2.0182471,-0.0044254344,-0.62327504,-0.34471852,0.021481564,-0.24772285,-0.13778637,-0.15380073,0.0968068,0.08502449,0.06400042,-0.38339615,-0.13913597,-0.4068527,0.0050844788,-0.15901397
0.0952486,-0.12882185,0.03289543,0.33037466,-0.2569175,-0.06885117,-0.023419764,0.15200132,0.16562396,0.11946706,0.17803827,-0.0735499,-0.15418644,0.5724031,0.035820812,0.2892738,0.07999354,0.014344769,0.26833183,0.042701468,0.04990631,0.03655998,-0.16458365,0.060787864,-0.39865085,0.06953415,-0.22313946,-0.08078714,0.12415453
0.15064578,0.03872278,-0.004896653,0.2567293,0.022773877,-0.07046172,0.0049912725,0.13953961,0.19509964,0.12525336,0.1540679,-0.05065881,-0.07378721,0.6792858,0.042476177,0.37514758,-0.013484486,0.008748828,0.24096881,0.047022376,0.041888077,0.052012943,0.2189648,-0.5165252,-0.1867826,0.069570996,0.23768261,-0.00046475304,0.10637983
-0.121435836,0.00017669976,0.07703738,0.18604493,-0.804079,-0.04462186,-0.052463453,-0.53642905,-0.18785225,-0.21293914,-0.28663915,0.07900372,-0.08308836,-1.6849931,-0.041405786,-0.23637033,-0.33792752,-0.024760468,-0.12404211,0.014954062,0.016611261,0.043214116,0.09311749,-0.654462,-0.20387903,0.13345735,-0.4952888,0.011003711,0.0923184
-0.0914201,-0.0065478226,-0.11702897,-2.4334686,-0.4674965,-0.07018313,-0.03691576,0.070451625,-0.19142501,0.12001609,-0.42165607,0.073160455,-0.06124749,0.4456733,0.01977767,0.17699122,-0.31079993,0.009984319,0.098429635,0.017712418,-0.19174623,0.04377703,0.14356555,0.115874715,-0.27535692,0.084076144,-0.3066379,-0.035917524,-0.20688954
-0.037093144,0.126701,0.017974583,0.41845903,-0.0572175,-0.024220577,-0.07064534,-0.39813066,-0.1375926,-0.20009749,-0.2630515,-0.053727396,-0.04226155,-0.094205566,0.14241447,1.0274668,0.5372336,0.02258596,0.11005781,0.014714235,-0.24773121,0.06797925,0.06559447,0.15252274,0.20302986,0.07086989,-0.33050478,0.0007191467,-0.11746872
0.024757573,0.047747515,0.01659201,0.19671592,0.095105946,-0.096377626,-0.047243737,0.089590676,0.15618925,0.0370718,0.10276524,0.06979112,0.08115743,0.6843358,0.06436906,-0.34528306,-0.07179651,0.010201816,-0.21028288,0.14162463,0.03934343,0.027436698,-0.07560091,0.13930462,0.14287758,-0.058485124,0.19807763,0.0068812794,0.0862413
0.08035103,-0.17345543,0.07938763,0.29531914,0.09270958,-0.050673615,-0.048104808,-0.6160925,0.14151596,-0.3163242,-0.33252943,-0.075477965,-0.20202723,-0.7714009,-0.031864833,-0.24395443,-0.15601352,0.025769098,-0.17809281,0.030705426,0.058181226,0.057744227,-0.19971351,0.032859508,-0.18038093,0.3222064,0.1833245,0.007048641,0.0862098
-0.07354552,-0.07715091,0.014117556,0.20830645,-1.0018206,-0.08594854,-0.1017814,0.09079795,0.06131979,0.072052374,0.09310823,0.033000734,0.040864732,-1.949239,-0.028019976,-0.8493828,-0.5246488,0.024627954,-0.23352516,-0.15469325,-0.19701263,0.07427215,0.03389781,0.09331862,-0.3555894,-0.13325037,-0.41836694,0.009143234,-0.17182948
0.13091876,0.03347341,0.012169035,0.1817031,0.20355663,-0.06241386,-0.00092061097,0.097795166,0.06720681,0.085652016,0.072772846,0.0511032,0.052615754,0.5753209,-0.009038148,-0.97259426,-0.087704115,-0.028433083,-0.3967623,-0.5413559,0.033292715,-0.8199115,0.1803253,0.09081754,-0.33122706,-0.119625814,0.16005969,0.0029873208,-0.18581456
0.11183791,0.03872962,-0.011635898,0.22986735,0.3664947,-0.06371134,-0.020042108,0.15943342,0.15181151,0.17786396,0.10422029,-0.2201292,0.02694543,0.73254186,0.036287528,0.07550281,-0.06762619,0.012035235,0.20178317,0.06757858,0.028317485,-0.3142159,0.12007236,0.08762883,-0.17714748,-0.120191164,0.22021261,-0.002785602,-0.17667702
0.09717867,-0.025167529,-0.01912296,0.2956087,-0.20701964,-0.07857176,-0.028225115,0.14488561,0.096536994,0.11223285,0.14928378,0.05462168,0.106481194,0.5813037,0.052252315,0.044309005,0.28086174,0.019460075,0.22079547,0.04398223,0.063419074,0.039831333,-0.12738164,0.09743626,-0.036602262,-0.12306771,-0.17331478,0.034293097,0.123423815
0.17505273,0.02907111,-0.008710038,0.31614414,-0.364067,-0.033631127,-0.08238722,0.062412057,0.09800721,-0.43593344,-0.4139635,-0.2053043,-0.08773668,-0.5189468,0.030545091,-0.23459719,-0.17595516,0.0031320318,-0.19007143,0.023846189,0.09056246,-0.38067186,0.13205813,0.10969505,-0.16181004,0.16439278,-0.52274776,0.007886985,-0.15987048
-0.120843574,0.051005963,0.045351945,0.3174416,-0.28815833,-0.06327819,-0.025781114,0.2182311,0.13512209,-0.14922059,0.13127053,-0.08967669,-0.123010054,0.6233208,0.053317536,0.94421434,-0.32481486,0.015457721,0.34186935,0.043039307,0.03394203,0.09525384,-0.098623544,0.09765161,-0.05975349,0.067725085,-0.21956345,-0.006600554,0.14755844
-0.17396504,0.032269806,-0.044194486,0.22701523,-0.1196052,-0.06545974,-0.044618014,0.07336566,0.07811118,0.11579092,0.08247741,0.053006526,0.05322508,-1.9339092,-0.05958132,-0.74792725,-0.40161625,0.014382621,-0.25312364,-0.16903172,0.041243553,-0.5041244,0.073800296,0.10056687,-0.36096248,-0.13059598,-0.45721263,0.0061405753,-0.13861388
-0.14378159,0.016868463,0.002031133,0.24032849,0.05515359,-0.04892887,0.055876773,0.14907694,0.07670251,0.044052992,0.07199244,0.027642354,0.008538754,-1.1421367,-0.08098803,-0.65374583,-0.5041541,-0.0072157597,-0.18660964,-0.23130235,0.03469356,0.07793541,0.1621565,-0.48559532,0.058788948,-0.12231897,0.15121056,0.007751955,0.09967931
0.060543407,0.03760084,-0.20627281,-2.0438766,-0.08038991,-0.104587846,0.0011994711,0.06212567,0.13940354,-0.011860118,0.070927136,0.059040394,0.060308605,0.53636754,0.037060253,-0.31280085,0.034025732,-0.004371438,-0.14698577,0.043527476,0.051473044,0.01778924,-0.032723602,0.09185401,-0.07420544,-0.13873796,0.17583762,0.0060419766,0.08487226
0.13252048,0.00024263095,-0.01888468,0.19177137,0.56009495,-0.048873425,0.047742393,0.16738659,0.100699596,0.04482038,0.0807608,0.028064772,0.019445533,0.60787153,-0.1080652,-0.7151474,-0.18167892,0.0046888907,-0.36438876,-0.27468848,0.040748008,0.09285589,0.17621627,-0.53164047,-0.014260876,-0.069767706,0.17873168,0.00689613,0.113383405
0.027629782,-0.26216766,0.03982732,0.2469237,-1.2230695,-0.026916193,-0.009368499,-0.5128602,-0.26051623,-0.21346632,-0.4255642,-0.06493122,-0.040130008,-1.8216128,-0.06537364,0.58660686,-0.116458826,0.018760746,0.06566471,0.014942658,-0.07147043,0.040829442,0.0773349,0.07610826,0.18048333,0.09757702,-0.37105232,-0.0011794054,-0.08409038
0.051204868,0.03739699,0.102083325,0.23641421,-0.25583813,0.6581477,0.038747687,-0.71873665,0.106011756,-0.26452017,0.1688323,0.044592302,-0.12673062,0.5616239,-0.041287318,-0.23098975,-0.14156848,-0.008811227,-0.23579767,0.025730986,-0.29181212,0.091319025,0.14717217,0.10875135,-0.12897192,-0.023586214,-0.11091819,0.012487121,-0.24383491
0.19975662,0.046442017,-0.011983288,0.28732225,-0.043827064,-0.04240323,0.02860802,-0.3352088,-0.23391728,-0.22539438,-0.16282146,0.13798091,0.18495885,-0.6102499,0.023098502,-0.21732754,-0.08900493,0.0024392894,-0.107253954,0.021812398,0.14276378,-0.19687134,0.21987888,0.045025557,-0.08240666,0.30583507,-0.008163765,0.0003955452,-0.10313326
-0.1948368,0.04673365,0.047450237,0.26102796,-0.6070532,-0.0546593,0.017161429,0.12790625,0.17472847,-0.22359309,0.18859497,-0.06334643,-0.07177001,0.49866286,-0.12010914,0.38875115,-0.045634087,0.008638431,0.26360285,0.029203862,0.039700132,0.0864621,0.16018003,-0.7446052,-0.052284326,0.1304343,-0.09809296,-0.029503431,0.13283353
-0.07665994,0.031938687,0.1455817,-2.1683803,-0.054670446,-0.026149994,-0.012936327,-0.33343837,-0.14268062,-0.15629938,-0.2823404,-0.06366114,-0.09712157,-1.9726068,-0.023696784,0.79559153,-0.2075166,0.02300641,0.092329085,0.013352102,0.0056995675,0.04305672,-0.109034956,0.07049362,0.18036917,0.14964582,-0.091559686,-0.0051905927,0.027809177
-0.15002152,-0.15982091,-0.0011501398,0.29076463,-0.4603239,-0.046722054,0.03731043,0.20373552,0.13227735,-0.4516867,0.16468021,-0.071490474,-0.08972933,0.5944257,-0.016487932,0.8937311,-0.22506842,0.011051734,0.28072608,0.034545593,0.033097994,-0.47589824,0.069800675,0.10129737,0.25039107,0.092564054,-0.42323133,0.005493986,-0.24661784
-0.11482187,0.0330212,-0.018804513,0.19913568,-0.5111478,-0.07278802,0.0051149568,0.09397994,0.10806744,0.04655466,0.07350681,0.03700311,0.04561886,-1.913898,0.021390537,-0.8819788,-0.47826168,0.019973138,-0.3233104,-0.17546704,0.031719945,0.081946686,0.08352248,-0.625506,-0.35234675,-0.15011606,-0.04888514,0.0063441214,0.114590175
0.08231873,0.051554784,-0.009966021,0.40445036,-0.039309923,-0.03905431,-0.05185438,0.18663555,0.09366726,-0.44986597,0.17041878,-0.109406576,-0.07520461,-0.84730923,-0.013205815,0.5453173,-0.01494758,0.014162145,0.16475631,0.02418999,0.05081853,-0.47907344,0.053004596,0.12394699,0.23914236,0.09339121,-0.38720053,0.0005347383,-0.16444303
-0.111110754,-0.03951639,-0.011693408,0.23174621,0.6055139,0.29147485,0.038202126,0.18824011,0.10044849,0.05059737,0.12999895,0.028677333,0.013372035,0.65858513,-0.19160074,-0.76067066,-0.23243614,-0.01581668,-0.2822643,0.06655596,0.034925185,0.08374142,0.09543903,-0.65495485,-0.19005617,-0.1096389,0.1865349,0.0074210255,0.116041295
-0.011544194,0.0825138,0.06727006,0.2984139,-1.5552652,-0.030307958,0.083048075,-0.446075,-0.26905307,0.13960573,-0.3013742,-0.04969247,-0.034565892,-1.5278941,-0.009403051,0.8110747,0.17343654,0.025452318,0.07081934,0.0140065225,-0.07360888,0.03731007,0.13595434,0.11411165,0.28443366,0.11663333,-0.32897922,0.008141921,-0.052121453
0.08806808,0.035130136,-0.02327127,0.24554269,-0.4819958,-0.06839552,0.023301657,0.11816616,0.061408203,0.06995548,0.065428816,0.019728106,0.04303956,-1.0811296,-0.076311044,-0.913323,-0.688873,0.01773839,-0.33164582,-0.14760196,0.05007265,0.084568985,0.20372587,-0.6582076,-0.43172058,-0.201386,-0.115470804,0.0068750074,0.11278987
-0.13373142,0.03338122,-0.086689934,-2.7949395,-0.5525657,-0.07655812,0.01581608,0.10434203,0.13058661,-0.23404661,0.10040994,-0.056993257,-0.0935918,0.49158016,0.008729473,0.21296407,-0.40580884,0.011205997,0.13031527,0.020105403,-0.08681064,0.08551386,0.12112607,0.071338266,-0.022717895,0.05502972,-0.19895506,-0.056251016,-0.2381774
-0.07157384,0.009585427,-0.05091133,-1.9561931,-0.47309265,-0.14625543,-0.047350895,-0.27391776,0.11744726,0.0517212,0.078299284,0.029422464,0.11463647,0.48804775,-0.048822243,-0.3039711,-0.16006082,0.0076489504,-0.1821077,0.024173956,0.037222784,0.038267635,-0.16069148,0.12608157,-0.18683207,-0.023170976,0.0036847899,0.0010803633,0.08346084
0.054450437,-0.13832642,0.017808001,0.3851356,-0.0016271435,-0.049722277,-0.07295279,0.16097926,-0.37940004,0.14857979,0.19756113,-0.07134454,-0.0452306,-0.9453397,0.019839855,0.53110236,-0.07730994,0.021307603,0.16641384,0.023238273,-0.3144778,0.06207004,0.103544556,0.105406046,0.010128239,0.1285784,-0.3157915,0.005509389,-0.16895212
0.05317688,0.0010298704,-0.08016134,-1.3161218,0.8133128,-0.050950825,0.0436821,0.08180648,0.063487284,0.0021103884,0.058574393,0.034992017,0.07022828,0.6727666,0.06911423,-0.54397994,0.1970215,-0.008977265,-0.1913321,-0.2934212,0.011959849,0.07660084,-0.12536734,0.0004192759,0.27675205,-0.079619214,0.19858159,0.0086625265,0.08475686
-0.024091871,-0.34137323,-0.012588284,0.3187877,-0.9802445,-0.041988827,-0.01718487,0.19918695,0.17853494,-0.22185087,0.17888877,-0.06959688,-0.08143986,-1.8651599,-0.08005874,0.97834605,-0.027792895,0.016048642,0.12730235,0.023982521,-0.082731344,0.03624642,0.1131596,0.08618564,-0.12670246,0.0436439,-0.33469796,0.00021026432,-0.104671925
-0.052648872,0.059912324,-0.09005419,-2.871023,-0.2281393,-0.032147184,-0.071260795,0.11136327,0.20196377,-0.16173644,-0.42826143,-0.05586333,-0.028236296,-1.0479838,0.018576894,0.8654938,-0.11588557,0.014714662,0.09520484,0.01633154,-0.14929503,0.06382438,0.08466306,0.117975116,0.10239466,0.19447464,-0.37350842,-0.008101607,-0.10779983
0.09164766,0.040481903,-0.0067649414,0.3166928,-0.44005772,-0.050258197,-0.054581787,0.12719926,0.14314792,0.13390045,-0.4067996,-0.041255414,-0.13871573,-0.58056736,0.017227525,0.010322719,-0.08154575,-0.0042386167,-0.15515947,0.034201883,0.094046034,0.05672091,0.23418996,-0.5529037,-0.0710669,0.30634826,-0.006132949,0.006845304,0.13723288
-0.10376284,-0.17227292,0.010315021,0.31603116,-0.33502558,-0.07563629,-0.034614097,0.14262362,0.186315,0.12406213,0.19631459,-0.04832402,-0.16209553,0.6167416,0.036846086,0.14089371,0.023500232,0.010324865,0.28370813,0.038919512,0.042241737,0.048706926,-0.16502297,0.068848506,-0.2551296,0.02693317,-0.05686079,-0.07009269,0.13469627
-0.121107385,-0.098674275,-0.0051525966,0.26657662,0.121237546,-0.062019393,0.008111772,0.106498726,0.15464978,0.11294548,0.1820121,-0.03956829,-0.16469333,0.59597856,0.060721595,0.431867,0.047207005,0.010408539,0.2672834,0.059439957,0.03345995,0.06287312,-0.19019389,0.057455968,-0.3348252,0.070489764,-0.06584399,-0.0750834,0.12617514
0.11928187,0.061734404,0.027207319,0.3703019,-0.40389657,-0.03838401,-0.064281,0.18601087,0.13500315,-0.3393577,0.13071884,-0.13382219,-0.07772983,-0.8852771,-0.027125224,0.5812584,-0.10049654,0.014413682,0.14807676,0.025546629,0.052138574,-0.5066129,0.02787184,0.10656944,-0.17823341,0.13473172,-0.38048804,0.005115757,-0.22220773
-0.20538217,0.017156826,-0.00027678275,0.17508453,-0.60082036,-0.13905764,0.018877946,-0.50259215,0.08832335,0.12092921,0.10079774,0.015428047,0.06104723,0.4434086,-0.067958914,-0.38286608,-0.071496926,-0.0032751572,-0.38414502,0.025435958,0.06146821,0.05090946,0.18977281,-1.0288806,-0.12190092,-0.119560264,-0.22084263,0.0075628366,0.12558362
-0.097852655,0.028700331,-0.025924005,0.23780185,-0.17934892,-0.06078785,0.020676564,0.12381642,0.08589843,0.05185785,0.06992204,0.037530772,0.043248963,-1.1090896,-0.102767356,-0.7237288,-0.52756125,-0.0025984114,-0.23190424,-0.24684453,0.04432536,0.08569165,0.15469179,-0.5435816,-0.40857714,-0.16199958,0.13252851,0.006468755,0.10590882
-0.09047703,0.04395828,-0.025260398,0.22938773,-0.49363774,-0.0848745,0.011968141,0.11325951,0.10943182,0.058761742,0.090684146,0.026967488,0.07601005,-1.0957401,-0.02070255,-0.85693175,-0.5416325,0.022859931,-0.30832568,-0.170989,-0.17796895,0.096448414,0.12628807,0.12071994,-0.3465075,-0.15210165,-0.036282334,0.0058252295,-0.119261794
-0.13561805,-0.22765842,0.024025435,0.360863,-0.09076911,-0.04441068,0.018958637,-0.45412531,-0.24720812,0.17480217,-0.4823653,0.05627266,-0.21818188,-0.49862367,0.008543384,0.31521863,0.20709191,0.020544093,0.088432886,0.015645243,0.06782639,0.039646473,-0.21969278,0.06258569,-0.2548983,0.07881077,-0.13631521,-0.04057859,0.09416096
0.10780787,0.09252603,0.07568501,0.26895043,-0.40024647,-0.044882644,0.0022893434,0.12918834,-0.45931333,-0.17078811,-0.6401904,-0.08614781,-0.24757712,0.49273542,0.004623874,0.82526267,-0.070515126,0.025161035,0.2940836,0.028914802,0.06239834,0.062146056,-0.10293998,0.087419935,-0.04072736,0.151065,-0.12980027,-0.008086778,0.13224149
-0.13205776,0.07576651,0.090353586,0.24518174,0.11168409,-0.100343004,0.0047232425,0.15240294,0.1477867,0.0671933,0.122510806,0.021375626,0.0753417,0.68311316,-0.17077552,-0.29572085,-0.08678229,0.013468623,0.17173815,0.058415715,0.023670865,0.05545636,-0.11043672,0.0886686,-0.2683154,-0.12876153,0.17469832,0.007778198,0.105459824
-0.30584407,0.01595896,-0.0058252662,0.36018783,-0.18718447,-0.032422278,-0.06599307,0.13750128,0.07301659,0.19587797,-0.46139187,0.101013534,0.041457437,-0.56883866,-0.1087305,-0.078820534,0.40423626,0.015702158,0.05643577,0.024097193,0.09372214,-0.38083655,0.11322574,0.05738421,-0.144303,-0.04400053,-0.16527107,0.010245771,-0.13726915
0.09349272,0.02453063,0.0037881045,0.18513143,0.5997329,-0.08339655,0.04313469,0.16586159,-0.4741348,0.029177822,0.083133526,0.062504336,0.10406602,0.66677743,-0.19190587,-0.3181622,-0.034237344,-0.0502634,-0.28280172,0.09678778,0.054365527,0.035712212,-0.1372487,0.074268535,-0.011921003,-0.12021655,0.18751356,0.0076490366,0.09035979
0.03724495,-0.22459309,0.012825045,0.3442533,-0.120386206,-0.19082497,0.113223456,0.14169021,-0.305395,0.11312331,0.07870501,0.070170365,-0.15976122,-0.7557298,0.00015918107,-0.3814786,0.33364925,-0.023779104,-0.24669422,0.024240412,-0.5013618,0.033881184,0.15039638,0.015081252,-0.17713036,0.020071786,-0.063252605,0.03005431,-0.15669905
0.13355646,0.04171187,-0.00061852933,0.23634923,-0.43747762,-0.053012196,-0.026361424,0.10837276,0.17354123,0.107762985,-0.7491581,0.043674316,-0.18656093,0.5456481,0.029185781,0.07279385,-0.05898326,0.0057669403,0.15187675,0.03996637,0.051920284,0.032677874,-0.19668363,0.11103692,-0.13775083,0.106887795,-0.063347846,-0.06857733,0.105959974
0.06943675,-0.18874322,-0.027217329,0.32564017,-0.012429713,-0.02656274,-0.03204889,-0.37495187,-0.19314279,-0.2951617,-0.32496524,0.09189121,-0.0952904,-0.7843813,0.050603136,0.7437599,-0.0719207,0.022726698,0.12475414,0.0149690695,-0.38760468,0.034249485,0.13498253,0.11853973,-0.012113888,0.24274436,-0.3602211,-0.006574887,-0.124938115
-0.12166395,0.04057442,-0.069239765,0.31937107,0.04424843,-0.10101876,0.0627454,-0.5646735,0.088327505,-0.27377322,0.09091244,0.07244272,0.102894045,-0.5344593,0.052747674,-0.31612706,0.2603423,-0.0065676956,-0.22551377,0.019562293,0.08965051,0.07568086,-0.15331571,0.1506571,-0.03621468,-0.039699025,-0.47241157,0.010159274,0.119786635
-0.08802042,0.013012185,-0.036604602,-1.660701,-0.42240298,0.23737134,0.006644397,-0.16547272,0.06820225,-0.15119788,-0.4330529,0.030580942,0.08541762,-1.8915346,-0.08315285,-0.32738546,-0.05493772,-0.003362852,-0.10882808,0.015410906,0.031208618,0.029576419,0.104735814,-0.5066195,0.014763138,-0.019860288,0.0026936121,0.010854382,0.09968633
0.13432106,0.036265966,-0.010813981,0.2732863,-0.27726278,-0.054726835,-0.054669674,0.18411149,0.20409921,-0.23748448,0.16779713,-0.058693115,-0.11263741,0.62866473,-0.11580859,0.9483173,-0.16899031,0.023183051,0.29135293,0.036253933,-0.11156788,0.08646203,0.12519135,0.09838426,-0.038467877,0.07885792,-0.23854382,-6.874665e-05,-0.28284338
0.14778344,0.046836156,-0.0026447508,0.18608405,-0.021134948,-0.095799185,0.008244501,0.13051888,0.14874999,0.07579443,0.07661454,0.029648464,0.06782416,0.5937806,0.0022151482,-0.7126417,-0.012069412,0.011819843,-0.36973682,-0.2843728,-0.10587308,0.10865793,0.16779445,0.15641041,-0.24003929,-0.09642222,-0.025875846,0.008239511,-0.20233095
0.09195023,0.043943845,-0.009754987,0.3707503,-0.34095225,-0.044202957,-0.059219852,0.16473903,-0.29769012,-0.39213756,0.105523355,-0.12736946,-0.10037061,-1.0142295,0.008906965,0.93369794,-0.3286092,0.012290848,0.17546754,0.02453488,0.047646537,-0.2946778,0.097603135,0.046669066,0.03375509,0.148499,-0.15981045,-0.00033680085,-0.15794978
0.23093405,0.030946065,0.019268772,0.2940792,-0.37396255,-0.06293836,0.030706704,0.13521978,-0.20226945,-0.39243314,0.14042579,0.1250292,-0.17099625,0.5376428,-0.0011797026,0.08174656,0.18856464,0.004287235,0.22440173,0.026681514,0.08563322,-0.35641545,0.07697401,0.04480905,-0.106669955,0.09077286,-0.17402989,0.018848864,-0.28358477
-0.1114987,0.10375878,-0.020082844,0.33945197,0.032157145,-0.031922,-0.07452382,-0.51649624,-0.15877204,-0.20467718,0.11013967,-0.069455095,0.12682728,-0.8207887,0.07118137,0.6461147,-0.12827557,0.022333767,0.12833256,0.016324172,-0.34924582,0.068051584,0.10399952,0.14396305,0.11910751,0.15479867,-0.31835005,0.007049388,-0.16228326
-0.043947987,0.011887898,-0.027569763,-2.032913,-0.88626105,-0.028432433,-0.012736237,-0.25733793,-0.19688182,-0.1954597,-0.19457181,0.069500014,-0.07083259,-1.8505052,0.059844516,0.62167513,-0.011102571,0.008403643,0.027076012,0.013115995,0.019439738,-0.18076123,0.05359463,0.08693968,-0.008268286,0.16392455,-0.29857793,0.0039159064,-0.06015843
-0.17398375,0.026200393,-0.014327927,0.17667793,-0.2773516,-0.109282136,0.01463829,0.12099648,0.06968224,0.05083511,0.08303092,0.03291342,0.0623508,0.53642637,0.039267294,-0.73351765,-0.22396624,0.011186292,-0.43336058,-0.3281205,0.0370097,0.09810688,0.15291902,-0.8007304,-0.43232003,-0.13291165,-0.09381609,0.008800672,0.13733517
-0.2338065,0.06057872,0.053402793,0.22735336,-0.09250598,-0.13658008,0.00081744517,0.09728625,0.21229394,0.067213774,-0.53881395,0.03500761,0.09419825,0.4976118,-0.13182372,-0.3477293,-0.12316075,-0.022849515,-0.26860473,0.047054436,-0.25389,0.028265608,0.11306741,0.124491155,-0.12339408,-0.1100194,-0.05383406,0.009456628,-0.20752598
-0.0656078,0.05589854,-0.04903151,-2.9036534,-0.32341418,-0.04378393,-0.05518268,0.15965997,0.09683804,-0.13111949,0.1312684,-0.052574947,-0.08213723,-1.1007793,0.033874396,0.684901,-0.10744321,0.009186329,0.11461691,0.019387897,0.0383977,0.07584178,-0.038516372,0.10362082,0.012684876,0.108697824,-0.3034697,-0.011393328,0.12548466
0.087106384,0.06828561,0.061119776,0.42853528,-0.09349682,-0.043789737,-0.07842098,0.15210512,-0.22931981,0.060279176,-0.46369854,-0.11636975,-0.11715046,-0.8092395,0.008994524,0.912934,-0.20955433,0.024969187,0.17179702,0.021399964,0.061966155,0.042359937,-0.17247799,0.07992259,-0.038852125,0.2362421,-0.12868434,-0.0043570306,0.10741856
-0.20497636,-0.12791467,0.14136028,0.19504541,-0.72597754,0.3390501,-0.009680299,0.045519695,0.067563765,-0.24836797,-0.81981057,0.0071069584,0.056329615,0.43963492,-0.18381709,-0.57672226,-0.09451243,0.002405907,-0.26479015,0.039476007,0.037571143,0.06489772,0.15464343,-0.81407285,0.09138545,-0.10301465,-0.04529882,0.01432635,0.12314324
-0.07529744,0.010891973,0.054792445,0.2949143,-0.1369628,-0.07506278,-0.005809819,0.13223834,-0.33038282,0.11314926,0.12859793,0.10823258,0.11118261,0.6251086,0.08688967,0.13267833,0.0040643667,0.023422735,0.25317806,0.04483788,-0.1999448,0.062734865,0.12558745,0.11118862,-0.034818392,0.027024478,-0.08197958,0.008276337,-0.21952818
0.054588083,0.036971703,-0.00010430481,0.24162854,-0.11077452,-0.07400073,-0.10891521,0.09542987,0.07301978,0.053680893,0.07287024,0.044883978,0.07428083,-1.9226832,-0.02556861,-0.8192195,-0.40287492,0.02482041,-0.28353456,-0.15806669,-0.21458128,0.07210838,0.08144821,0.117372856,-0.34146127,-0.15333097,-0.44943994,0.007638779,-0.13255264
-0.061079238,0.004258286,0.008459265,0.17161663,0.838225,-0.058203537,0.044638984,0.14626732,0.08092907,0.036043078,0.09497876,0.029242504,0.022065148,0.65621346,0.08656025,-0.5690454,-0.09087686,0.010510564,-0.3567606,-0.24730778,0.03573642,0.10667551,0.17887424,-0.32170472,0.22318241,-0.064485624,0.19825073,0.006330248,0.1430286
-0.20113692,0.011456044,0.03753292,0.2823013,-0.13383053,-0.04690181,-0.02530686,0.14798318,-0.24129939,0.20510247,-0.7833768,0.121344894,-0.08946084,0.4585665,0.021895321,0.21640691,-0.08834097,0.005096982,0.2012497,0.02542199,0.055147275,-0.33887845,0.123685986,0.13422503,-0.14169239,0.099773295,-0.35304895,0.0067839064,-0.26041418
0.05356057,0.0027165078,-0.02814181,-2.2619667,-0.1625658,-0.059679862,-0.0800373,-0.26995754,-0.19498485,0.145837,-0.28352922,0.09347934,-0.0075768307,-0.8985881,-0.03652593,-0.008413207,-0.323695,-0.0103425775,-0.09785126,0.012554563,-0.39252922,0.04587357,0.14001568,0.11622274,-0.015258474,0.26727316,-0.30283114,0.006439549,-0.073866874
0.08482962,0.03453823,-0.01786468,0.31740993,-0.44133076,-0.06525112,0.026586339,0.12702176,0.054752942,0.087984174,0.045116905,0.030692821,0.067809306,-0.62543166,-0.035549004,-0.34778982,-0.094953716,0.017529247,-0.29722387,-0.14935085,0.0674688,0.09050227,0.21159102,-0.615789,-0.2602082,-0.1974954,-0.109690964,0.0072086416,0.13785899
0.10446203,0.015540948,0.007392102,0.3278768,-0.06234014,-0.050795812,-0.028829128,0.19650714,-0.30571947,0.2177749,0.18588886,-0.14455464,-0.083002634,0.5959929,0.00992078,0.6485828,-0.14639342,0.009073034,0.263646,0.033337243,0.049916763,-0.45078942,0.10628278,0.13961788,-0.12065913,0.122199625,-0.38873056,0.0149109615,-0.25337422
-0.10096624,0.017946448,0.028419062,-1.5060945,-0.7867156,0.22133946,0.015493292,-0.2847269,-0.132186,-0.19371468,-0.26309627,-0.1495576,-0.06288598,-1.8593643,-0.07337795,-0.2323172,-0.22828299,0.0018218348,-0.06296854,0.01313892,0.026437946,-0.30204228,0.052336153,0.07484832,-0.21806753,0.024364935,-0.34121576,0.0065056887,-0.076606855
0.057348907,0.018440563,-0.0042835283,-1.7094958,-0.9030106,-0.045303285,-0.044688255,-0.3627015,0.14076412,-0.21325268,-0.28616902,-0.067573965,-0.07017994,-1.7266278,-0.04132756,-0.23948856,-0.16437101,-0.0080277035,-0.10112857,0.013577855,-0.15696603,0.045566894,0.021324836,0.081676595,-0.18848442,0.15740104,-0.31818148,0.013963148,-0.06672713
0.06240855,0.06718001,-0.0658841,0.23929214,-0.27551508,0.59105176,0.029903911,0.17303655,0.10632203,-0.3003835,0.16574848,-0.07233995,-0.1839146,0.56659436,0.046288,-0.32729486,-0.2958179,-0.005580291,-0.30691275,0.045461837,0.047923975,0.09681034,-0.1525398,0.11067968,-0.1273203,0.015986219,-0.21772446,0.014182179,0.13267033
0.13686663,0.022770777,-0.017793812,0.1924964,-0.80345404,-0.03155802,0.02684523,-0.3087747,-0.17108451,-0.21327442,-0.1760348,-0.18190251,0.09709474,-1.8625708,0.19093718,-0.1284239,-0.07694465,-0.01875535,-0.06745316,0.015940221,0.07143844,-0.25218606,0.07006714,0.10556295,-0.070975654,0.10789828,-0.42640445,0.0017529336,-0.089334205
0.012332774,-0.0021109765,-0.0059977258,0.14837211,0.70360345,-0.045231957,0.047742393,0.1666793,0.09981514,0.047706295,0.080064915,0.028274301,0.020475388,0.6394804,-0.18729134,-0.51602715,-0.22193493,0.013074373,-0.36071885,-0.24575995,0.037471604,0.097359724,0.20420374,-0.3350872,0.13026212,-0.06657378,0.18734147,0.00689613,0.12540722
0.118444264,0.03200512,0.41885528,-1.9641902,0.37251294,-0.041588962,-0.01195877,0.09954866,-0.34123313,-0.18292826,0.1129113,-0.06639781,-0.15037912,0.7198214,0.062275622,1.3771743,0.04834678,0.03029665,0.21617402,0.04287279,0.012868999,0.037168156,-0.12037248,0.059693094,0.101589665,0.13810042,0.28754893,0.0020993263,0.07697834
-0.24082626,0.028095575,0.038044002,0.33102244,-0.33840182,-0.079602025,0.043764528,-0.47222582,0.05930778,-0.45789602,0.060459442,-0.1070628,-0.12390667,-0.4001082,0.024434535,-0.062236067,0.27007622,0.0061447113,-0.17181695,0.018958505,0.088196434,-0.572976,0.10467643,0.056046072,-0.13365924,0.08604454,-0.1554848,0.008349775,-0.15847707
0.10968719,0.03495065,-0.034920238,-2.4425104,-0.38748056,-0.050529152,0.013499112,0.084733985,0.048655182,-0.07289802,-0.3938016,0.08729882,0.09251848,0.5017112,0.021910451,-0.086628936,-0.050978992,0.017764412,0.06317337,0.01765291,-0.25686646,0.06389074,0.10839997,0.081419796,-0.20742975,-0.0035913168,-0.15358607,0.011977059,-0.22422215
-0.1772419,0.042788684,-0.043601494,-1.967837,-0.43102497,-0.09124311,0.05904882,0.10335797,-0.118933685,-0.071683094,-0.23794982,0.09322536,0.120977424,0.42762294,0.009486648,-0.07649173,0.06664351,0.001361349,-0.12555413,0.017282326,0.08097935,0.04934236,0.17928079,-0.52557003,-0.108748056,0.16493037,-0.12853554,0.014887002,0.11232576
-0.09233268,-0.001147752,0.16002828,-1.3718221,-0.8736311,-0.06152393,0.0150537025,0.06691124,0.0095537165,0.0567512,0.063179284,0.02097921,0.038996276,-1.9586865,0.00017933012,-0.6804651,-0.21057062,0.0051047327,-0.13140014,-0.11007807,0.031583086,-0.47250515,0.0772616,0.076150656,-0.31633875,-0.18984425,-0.35500014,0.0055621685,-0.12258363
-0.16283031,0.04071384,-0.043903526,0.20197985,-0.40318838,-0.16189915,-0.05296636,-0.6315627,0.09276981,-0.3572111,0.10229276,0.05332817,0.17312324,0.46829712,0.0074881427,-0.30607826,-0.052510183,-0.0055307182,-0.35439706,0.03246911,0.0659058,0.07918504,-0.13364491,0.16369067,-0.1620314,0.115162045,-0.2407422,0.01028394,0.13012487
0.04973203,0.05052157,-0.085940376,0.25517923,-0.025569107,-0.08159808,0.0067057945,0.14956798,0.13891676,0.056834288,0.09830355,0.04087368,0.04454307,0.70626694,0.016307216,-0.21730973,-0.15831243,-0.015083097,0.17088678,0.065657385,0.020133153,0.03661302,-0.13221678,0.09883039,-0.16066454,-0.104941666,0.18304496,0.007342342,0.08829316
-0.10716397,0.024174277,-0.16266027,-2.5495424,-0.62346244,-0.051985428,-0.015812663,0.07501097,-0.20981126,0.1224762,-0.52958626,-0.12538129,0.024401775,0.43899798,-0.015281861,0.39173675,-0.28574637,0.0004570084,0.1005946,0.018487372,0.045073863,-0.40480912,0.07466014,0.09906504,-0.19483636,0.08432451,-0.35713217,0.0036225193,-0.18840869
-0.12616938,0.0012956848,0.11236545,-1.2177277,0.6491574,-0.057706438,0.034022972,-0.81993526,0.089951426,0.026013704,0.070300445,0.036500435,0.060160268,0.6647566,-0.19356725,-0.027065635,-0.02144378,-0.01708791,-0.1573932,0.04052816,0.029747695,0.037574835,0.10800462,-0.60193807,-0.14935,-0.041741405,0.20040946,0.007219019,0.09821532
0.13908832,-0.0014690042,-0.016502699,0.21363862,-0.18458904,-0.034028813,-0.042178057,-0.57408243,-0.20407856,-0.30069366,-0.50964624,-0.058176406,-0.051009923,0.40443376,-0.017090077,0.80893314,-0.014513528,0.024134712,0.20654222,0.018925773,-0.30186236,0.05634126,0.08853688,0.117199875,0.016118515,0.019774199,-0.14650065,0.000116935786,-0.28465077
0.08568056,0.009925575,0.021028338,-1.4699976,-0.32113215,0.22081974,0.018503578,-0.27048206,-0.17862037,-0.15704405,-0.2963395,-0.091756746,0.08842422,-2.0970144,0.032126673,-0.17095159,-0.0055708005,-0.0100593595,-0.08463741,0.012974863,0.068903856,0.053163134,0.14208212,-0.38527262,-0.064169995,0.17224787,-0.029430104,0.0016183186,0.10260045
0.21080364,0.022821547,-0.008212735,0.19338739,0.010333925,-0.09118086,-0.082506955,-0.66002357,0.1005213,-0.26489478,-0.32351223,0.040761437,0.10528991,0.46148974,-0.021211691,-0.29715168,-0.0067263297,-0.008505794,-0.19467618,0.038189657,0.072737835,0.025166199,0.17782854,-0.61289877,-0.17547403,0.19269596,0.21337256,0.006308721,0.111477256
0.1063919,0.035256095,0.06752475,0.33395198,-0.17793351,-0.09365537,-0.09937507,0.12064739,0.1685563,-0.25358713,0.095549256,-0.090682134,-0.075893566,-0.77987206,-0.05521264,-0.044412747,-0.29066217,-0.021092564,-0.25700268,0.026807025,-0.34725764,0.074507356,0.11253403,0.099663444,-0.12566528,0.13516858,-0.46745354,0.012811185,-0.14287694
-0.09116842,-0.1470205,0.07672618,0.23814178,-0.42232624,0.7209906,0.035467222,0.058086127,0.12329313,0.1285403,0.19837052,0.020350566,-0.1627286,0.5837703,-0.13448247,-0.4562013,-0.033436827,0.009607686,-0.25911838,0.034138,-0.10680679,0.06779778,0.19133364,0.10528086,0.012036435,-0.07842263,-0.1857137,0.011040901,-0.24910186
-0.23332132,0.031009708,0.044533584,0.22921179,-0.20921755,-0.054924287,0.0012335725,-0.4339989,0.14832214,-0.3289245,-0.17940573,-0.16013311,-0.06563871,-1.74775,-0.06334563,-0.2509116,-0.26323116,-0.013052538,-0.20950851,0.017279878,0.049797166,-0.46631247,0.084278725,0.07157936,-0.2572838,0.08605473,-0.091843694,0.011045567,-0.08484998
-0.07427117,0.029777871,-0.0062716734,0.23930936,-0.4607232,-0.07537672,0.024178881,0.12983304,0.05089302,0.081528515,0.050734848,0.022081409,0.06504419,-1.0408871,0.07960082,-0.8830636,-0.520584,0.016452406,-0.33238965,-0.14781238,0.049027786,0.092166394,0.12671301,-0.47382486,-0.37472105,-0.20866002,-0.14480184,0.006790539,0.13928428
0.11387198,0.031061709,0.012775115,0.17863151,0.50140613,-0.08148016,0.027420782,0.15606914,0.1318362,0.040677242,-0.5599832,0.07297104,0.0934388,0.65074736,0.06368023,-0.24584311,0.015716197,0.0042067096,-0.18297052,0.09175802,0.04206673,0.031111473,-0.10388355,0.08584618,0.19493486,-0.07568362,0.22253224,0.0067825005,0.09643429
0.06364919,0.0269357,-0.013365245,0.20971736,0.5935692,-0.10279288,0.04450708,0.15031767,0.13873096,0.03064369,0.10270847,0.0608274,0.07239789,0.7034202,0.068520166,-0.25295082,-0.09397929,0.0043897927,-0.2636235,0.10847239,0.03912065,0.046403963,-0.05537697,0.13273843,0.02524736,-0.0838832,0.21648471,0.009076264,0.09888451
-0.050517526,0.011930136,-0.08170658,-2.4361491,-0.43456295,0.36018535,0.000627463,0.04913575,0.070603505,0.021632304,0.0817767,0.026697356,0.058717247,0.51173913,0.032120075,-0.55104035,-0.33170873,0.0055995104,-0.16703889,0.032447174,0.0391825,0.046721824,-0.07031017,0.16081123,-0.10043372,-0.14734437,0.0094271945,0.010096655,0.100687906
-0.10307845,0.06504449,0.022029484,0.31368473,-0.29358652,-0.070860416,-0.0014076884,0.13798867,0.1931466,0.1076865,0.17346741,-0.040489495,-0.18664744,0.61752504,0.04035439,0.19488715,-0.12557283,0.011497117,0.2838861,0.0388942,0.05274142,0.06696126,-0.16130185,0.09867657,-0.11989871,0.033741806,-0.04787848,-0.06328761,0.13593262
-0.13602869,-0.031076742,0.05619585,0.33669078,-0.11181859,-0.048741076,-0.012950915,-0.5864763,0.14142022,-0.32543033,0.12150933,0.07982045,-0.13179958,-0.91756195,-0.008336331,0.47922996,-0.123159535,0.02330336,0.11995602,0.017460102,-0.19395594,0.092409186,0.12624966,0.11023326,0.01715706,0.11172287,-0.36317393,-0.020548042,-0.18074319
-0.17010325,0.007476645,0.009109387,0.38829425,-0.2546792,-0.052138943,-0.07926582,0.1752152,0.114823826,0.21701711,0.13666973,-0.1393266,-0.056044143,-0.960252,0.0022671327,0.2825929,-0.17818813,0.014809605,0.1529338,0.0245559,0.050020747,-0.4991463,0.10683151,0.07098006,-0.12447878,0.15689701,-0.1638722,-0.021468066,-0.16742943
0.08406462,0.018263785,-0.15607513,-2.806723,-0.5160728,-0.063537285,-0.032744225,0.11418652,0.14150108,-0.16147864,0.098614074,-0.06723078,-0.08069999,0.5632726,0.013429149,0.801341,-0.37925282,0.013739467,0.15097368,0.024896018,-0.12273255,0.08293675,0.098210126,0.08605003,-0.11708721,0.053491183,-0.20766298,-0.0076580127,-0.22979078
-0.11781933,0.03157738,0.003611397,0.22539881,-0.4193129,-0.06585558,0.026484039,0.110956624,0.10192146,0.070008084,0.060548075,0.0330376,0.076855816,-1.8210415,-0.032077968,-0.8895766,-0.17473632,0.02035136,-0.3139126,-0.13446842,0.033697855,0.10333399,0.14098229,-0.5528472,-0.34988716,-0.15415986,-0.13216744,0.0068394123,0.12865727
-0.29414782,0.041281313,0.003035616,0.27025932,-0.26200914,-0.092497,0.049044594,0.13966848,0.060100373,0.1973775,0.14590554,0.06872438,0.05297097,0.5444797,0.05381283,-0.21990156,0.25956494,0.005234167,0.22527713,0.032855477,0.05630316,-0.4399252,0.098102294,0.107952476,-0.058176916,-0.14670227,-0.187748,0.0056338627,-0.2831177
0.15361674,0.040279374,0.11234684,0.22129972,-0.14938179,-0.08571458,0.015193427,0.13047376,0.08734877,0.059205864,0.06930222,0.028051132,0.06256665,0.5815646,-0.07399547,-0.67565244,-0.14542252,0.0120258955,-0.39116895,-0.29444477,0.04049345,0.096021876,0.19373544,-0.7262159,-0.38272074,-0.12392171,-0.059509337,0.010779112,0.10893165
0.14781275,0.04222877,0.009085735,0.2538797,0.026205812,-0.07278297,-0.020640472,0.15002139,0.15223052,0.14304325,0.1623384,-0.03634035,-0.053779334,0.6833791,0.03740944,0.4873887,-0.0018342666,0.022254651,0.26272482,0.043418646,-0.17391025,0.046738762,0.16943164,0.048982166,-0.10481501,0.01904135,0.25178465,0.011649281,-0.1904908
-0.16755636,0.016466178,-0.069322385,-1.8615226,0.6778839,-0.0568781,-0.009865773,-0.49882638,0.11066819,-0.054020498,0.12661882,0.07489558,-0.1498783,0.6439081,0.029401578,0.233184,0.06756625,0.004956538,0.101753175,0.03330992,0.020702621,0.04866466,0.12950736,-0.49190804,-0.049861718,0.13017525,0.2311609,-0.009058946,0.10695391
-0.13487448,0.036716644,0.020237507,0.37675357,-0.2789452,-0.13767667,0.10021455,0.24598356,0.08226354,0.10293068,0.05078259,-0.07402127,0.055988815,-0.48291096,0.011800409,-0.20519495,0.5711528,-0.004254743,-0.24153543,0.026373798,0.08354306,0.085532874,0.1306935,-0.5330752,-0.042679433,-0.1845257,-0.124403216,0.01000221,0.15001442
0.113943756,0.03175235,-0.00035007106,0.21903147,-0.19676322,0.49449626,0.009233975,0.113942735,-0.47564855,0.058862716,0.088649176,0.026525844,0.088954225,0.60035574,-0.26367143,-0.54103565,-0.1083652,-0.026707236,-0.26499194,0.0639401,0.06863525,0.045306962,-0.13125733,0.14583932,-0.07338312,-0.124937005,0.0033929246,0.008613212,0.10846337
-0.1200808,0.031888966,0.013504031,0.20847905,0.0733819,-0.0689548,0.015971903,0.15919112,0.17010142,0.049362868,0.13976009,0.016123556,0.030778006,0.6983719,-0.13645111,-0.13406289,-0.07105126,0.00662014,0.17524908,0.055917356,0.024559695,0.041630544,0.14700189,-0.6990247,-0.031080376,-0.09720527,0.23977171,0.007887282,0.09642839
0.07537173,-0.076201305,-0.008703491,0.15819176,0.63194615,-0.09301064,-0.015430925,-0.8767953,0.09468082,-0.18845794,0.092929006,0.07586517,0.09790414,0.62764835,0.15600902,-0.30337927,0.006901447,0.0009793184,-0.177648,0.061732844,0.03774046,0.061417043,-0.047172364,0.09696602,-0.037140194,-0.111148894,0.21655972,0.010937262,0.10568219
-0.16355759,0.033479463,0.0150547875,0.20975424,-0.14857425,-0.06842693,-0.05581936,0.076731004,0.042210005,0.124406174,0.07573077,0.036347758,0.05294705,-1.9778067,-0.071372226,-0.87882674,-0.5165973,0.015021898,-0.25510103,-0.15373486,0.051678598,-0.43776235,0.07747051,0.112624474,-0.21426272,-0.15062599,-0.46969447,0.0037678306,-0.14644788
-0.16703413,-0.16769625,0.0911057,0.18880293,-0.87801456,0.2170197,0.00654123,-0.26674783,-0.21558484,-0.2219738,-0.3819503,0.12519088,0.08716733,-1.7214584,0.119569056,-0.3565885,-0.015874859,0.008851017,-0.087529995,0.016595421,0.05600571,-0.30267668,0.0040957946,0.07962953,-0.23727578,0.14143535,-0.40175965,0.019262385,-0.10340253
0.06593465,0.05072253,0.04370096,0.24878234,-0.16401283,0.61582834,0.047649123,-0.52687204,-0.2500336,0.068756826,0.13376735,-0.09883144,0.12664337,0.54851466,-0.04317156,-0.16716197,-0.119906984,-0.03181816,-0.2606569,0.023466982,0.09888695,0.06682683,-0.19500145,0.14597468,-0.19687219,-0.013776182,-0.1016362,0.0068880874,0.11449283
0.12236351,0.031056022,-0.035078686,0.20460862,-0.047075175,-0.06538885,0.021552855,0.15433908,0.09629347,0.05343677,0.081323266,0.033657536,0.041335385,0.6121601,-0.05303089,-0.88541716,-0.106681086,-0.0080060745,-0.38284802,-0.43631908,0.024411697,0.09416,0.21262398,-0.61787546,-0.15283036,-0.09265675,0.15768935,0.00689613,0.10803286
0.10444795,-0.07472972,-0.016065322,0.20931791,0.45583856,-0.0635598,0.036912516,0.10043996,-0.45679492,0.08737984,0.16291057,-0.03908603,-0.11584165,0.6906116,0.09307045,1.0983533,-0.03168406,0.018055445,0.290934,0.06392366,0.03571397,0.04141732,-0.12698019,0.0910332,-0.05620916,0.13316247,0.2733717,0.022816267,0.10288533
0.05347079,-0.036739398,-0.007513583,0.28286842,0.42856836,0.34513342,0.049218673,0.18674533,0.092655465,0.04426183,0.09473807,0.03295635,0.0068769758,-1.2994703,-0.13640782,-0.7147805,-0.52772444,-0.013467456,-0.17066829,0.044976354,0.05203147,0.07951924,0.118072025,-0.52949244,-0.15776339,-0.1522279,0.1629947,0.005899507,0.10447047
0.11770595,0.066399105,-0.009982542,0.2196284,-0.44446048,-0.15228485,0.012206958,0.13848475,0.16080187,-0.32283747,0.1112966,-0.104227334,0.0800321,0.5521327,0.017397156,-0.31485942,-0.18765022,-0.026778283,-0.35442457,0.038776323,-0.30050844,0.092610076,0.12423245,0.1057915,-0.19230364,0.012136726,-0.1938964,0.0070332363,-0.24373622
0.078593984,0.047448263,-0.07780395,-2.5824895,-0.29084605,-0.03155215,-0.0031015514,-0.38105842,0.1861444,-0.2593604,0.07320197,-0.08345333,-0.056687877,-1.7216947,-0.043471985,0.74023706,-0.15764801,0.0136291785,0.090035215,0.0149138905,0.027077049,-0.2282936,0.09297583,0.09596876,0.051424034,0.21253984,-0.3334338,0.006755551,-0.057102256
0.06650803,0.04860399,-0.0040476844,0.2172554,-0.22884771,0.5332138,0.010014771,0.12303246,-0.40774602,0.05030987,0.13348597,0.044116367,0.10426741,0.6082837,0.1262847,-0.32764906,-0.11933265,-0.04565092,-0.25963777,0.06725734,0.07748827,0.028253248,-0.079877,0.15088037,0.040737085,-0.12930007,0.00028232753,0.0057282234,0.11232871
0.07157369,0.037985593,-0.0048976815,0.22574832,0.730232,-0.05784887,0.0035032455,0.17031758,0.17414741,0.062912844,0.1435519,-0.04609261,0.08354797,0.7371931,-0.10371167,0.27759045,0.062309608,0.02326803,0.19237377,0.060279094,0.01872525,0.05743059,-0.11717404,0.08952822,0.17482883,-0.03912143,0.23750642,0.0070733908,0.10000381
0.034470275,-0.006321439,-0.004630473,0.13064949,0.43483308,-0.05765357,0.04670877,0.13773642,0.080977984,0.035611242,0.07432354,0.016317276,0.05329029,0.592595,-0.28324422,-1.1809357,-0.3497623,-0.018211652,-0.38766167,-0.44709527,0.02079516,0.08027551,-0.13170105,0.0020235516,-0.023821995,-0.073175706,0.16999029,0.006669879,0.11075538
0.09640106,0.026307158,0.008385964,0.23675175,-0.28587595,-0.066196606,-0.14366059,0.10454084,0.072050355,0.05809534,0.08764512,0.040902823,0.05923231,-1.9744055,0.0076565114,-0.765658,-0.52398556,0.020654103,-0.25683793,-0.15682359,0.053074345,0.067660265,0.12527983,-0.602715,-0.2660765,-0.15399686,-0.55604005,0.0076970574,0.16669549
-0.12293127,0.041802622,0.08680363,0.28137946,-0.52549005,0.65200007,0.04828778,0.13167153,-0.36004084,0.015911665,0.17652227,-0.10876849,-0.051120244,-1.8119714,-0.052045394,-0.20678614,-0.3343464,-0.014681116,-0.10587398,0.026338074,0.010011764,0.073670864,0.16651547,0.07979689,-0.21673065,-0.04020093,-0.36089098,0.011377928,0.13862534
0.0628159,0.060166385,0.05841081,0.2908761,-0.29852253,-0.087115794,0.026922278,-0.42799392,0.12458394,-0.23064633,-0.3543372,0.03522916,-0.23045376,-0.60873103,-0.0028432545,-0.3723968,-0.17994116,-0.026972428,-0.16920114,0.024124239,-0.39164573,0.0435586,0.15215024,0.08268748,-0.19793105,0.24192636,0.0005461196,0.004948425,-0.11803385
-0.086056285,-0.000345454,-0.080438994,-1.6336371,-0.8321913,-0.06443406,0.019101292,0.06858611,0.058476638,0.04242156,0.06469887,0.035052594,0.04400063,-1.7245655,0.013719073,-0.5683646,-0.18054971,0.0017105512,-0.13305947,-0.11019426,0.024899194,-0.5170752,0.08099411,0.06165889,-0.30322522,-0.20330817,-0.33109468,0.007064714,-0.11513459
0.046818264,0.04087442,-0.03758129,-2.4712455,-0.31139687,-0.070497684,0.025078887,0.07094352,0.092544556,0.08261416,0.09411269,0.037593342,0.048379757,-1.12365,0.01598476,-0.23959857,-0.20911074,0.015873315,0.08332909,0.01601136,-0.24650666,0.050378457,0.1090266,0.078025706,-0.06701354,-0.16885148,-0.14375986,0.008213362,-0.10730828
0.08147556,-0.13106988,0.00920304,0.34436974,-0.251614,-0.049496938,-0.029652689,0.18345475,0.15602542,-0.24884517,0.12388011,-0.08456537,-0.088257864,-1.2068686,0.020828575,0.74591106,-0.1066608,0.022478184,0.17979065,0.02492485,-0.19864157,0.06877723,0.1001294,0.07142313,0.05441581,0.10387864,-0.16207041,-0.012104266,-0.1867086
-0.15536396,0.024826461,-0.004507427,0.21807642,-0.4911487,0.43471867,0.004536707,0.12263511,0.13846815,0.0762098,0.13038611,0.028549047,0.042872965,0.58839595,0.01898449,-0.91940916,-0.22578473,-0.012349487,-0.34238517,0.05015769,-0.22384115,0.07546967,0.04490262,0.16237566,-0.08418324,-0.1542852,-0.02291889,0.0053388104,-0.2906918
0.07758347,-0.17002594,-0.025627833,0.22300415,-0.0672271,-0.07363423,-0.08548096,0.16213399,0.09444261,-0.3142483,0.11241129,0.03567014,0.14166059,0.61613286,0.038256157,-0.09263795,-0.03867015,0.015972346,0.17528073,0.05107469,0.051592473,0.058959525,-0.16146922,0.0779426,-0.21530482,-0.15266804,-0.0026109966,0.013939378,0.12542614
-0.079876244,-0.090911455,0.014356831,0.24308015,-0.26855224,-0.062519394,0.008276874,0.1448208,0.23527737,0.1389846,0.21909317,-0.057916794,-0.17612618,0.6362231,0.07425616,0.81281865,-0.05805864,0.010863303,0.3090918,0.0467145,0.034566123,0.06325158,-0.1623677,0.090765215,-0.06667377,0.09204696,-0.060732085,0.005980401,0.13904823
0.22899556,0.027765587,-0.009000354,0.23657177,-0.11337206,-0.056828953,0.019651765,-0.6561437,-0.13119566,-0.41131735,0.077638924,0.15488125,0.121111766,0.52065116,-0.045314938,-0.09851991,0.22236063,-0.0011874537,0.17492482,0.020900534,0.0778292,-0.3880069,0.1369176,0.10488847,-0.17012835,0.07900792,-0.12742887,0.0066073085,-0.26911703
0.18917504,0.04959564,-0.012017937,0.24345347,-0.048479844,-0.14783373,-0.019057706,0.11257807,0.1385149,-0.44168875,0.07907557,-0.13387927,-0.14391777,0.5635191,0.004646082,-0.518026,-0.088758096,0.0014404281,-0.31291285,0.061434865,0.05694806,-0.4675446,0.08976104,0.039614353,-0.28262264,0.064080745,0.15488583,0.0015503012,-0.22347698
-0.10152019,0.026868183,-0.04149449,0.22839503,-0.31981423,-0.079482146,0.024575636,0.11360773,0.06837856,0.04393405,0.062988445,0.020465657,0.05851894,-1.0720081,-0.0011069716,-0.91583085,-0.4727838,-0.002478479,-0.23010956,-0.24637295,0.04158422,0.086136654,0.12231022,-0.6353678,-0.29119256,-0.18531117,-0.059173644,0.007815839,0.12577498
-0.088967994,0.0033494874,-0.05617422,-1.8225845,-0.6539848,-0.05779296,-0.09955179,0.061292943,0.024587601,0.036801923,0.057295598,0.025965227,0.04164636,-1.7783775,0.010995847,-0.67501354,-0.38114682,0.0155563,-0.13877364,-0.10735151,0.041475195,0.052065328,0.100867346,-0.52428067,-0.22090273,-0.16677727,-0.48199406,0.009249379,0.12797013
-0.04968341,0.021739813,-0.08170181,-2.0384765,0.096014075,-0.0612733,0.0334834,0.058135893,0.07676438,0.053625427,0.06750295,0.03079998,0.051073663,-1.9239787,0.06681424,-0.2858585,0.05264343,0.015404442,-0.14552072,-0.09614349,-0.11480078,0.089237906,0.11698133,0.06051213,-0.21386862,-0.1634979,-0.32305184,0.008348188,-0.114032194
-0.13630615,0.0036376389,-0.054720283,-1.6397864,-1.0561086,-0.055914026,-0.02842331,0.06698585,0.021187145,0.084930226,0.05644966,0.03891566,0.033900313,-1.8008316,-0.020346064,-0.64855,-0.38296023,0.012755909,-0.13003622,-0.115259,0.037656434,-0.30213317,0.041852154,0.084368244,-0.28561488,-0.12441988,-0.34922293,0.0071556554,-0.10880366
-0.20985793,-0.21133266,-0.0020941244,0.2043342,0.2577011,-0.043169204,0.022280436,0.092744775,-0.32767636,-0.18425941,-0.68332916,-0.05231349,-0.13667893,0.5583564,0.050033126,1.3753251,0.20022239,0.016579648,0.32247183,0.045511365,0.024879906,0.040354457,-0.17033029,0.045823075,0.05592581,0.13026966,0.34017634,-0.009110801,0.10157089
0.18797801,-0.19872744,0.017546853,0.21738972,-0.8577905,-0.026794054,-0.012744198,-0.5193274,-0.26068804,-0.4199531,-0.6167445,0.1317074,0.0848578,0.40322527,-0.079924144,0.14507847,-0.2830348,0.0064156954,0.09969845,0.019043373,0.062013436,-0.21682158,0.15736435,0.110369995,-0.22242671,0.21676233,-0.4842306,-0.0035089601,-0.22281526
0.07651504,0.040500022,0.32661724,-1.414298,0.2531169,-0.0651558,-0.049027212,-0.50814235,0.14798148,0.074026,0.09588669,0.039895725,0.060680024,0.66555196,-0.056775805,0.05604146,-0.13714226,0.03496528,0.13143338,0.03778745,-0.21129154,0.035821665,0.16596779,0.07293065,-0.16833219,-0.07716921,0.2071774,0.0027217735,-0.19428445
-0.20621644,0.04194144,0.023028122,0.26817098,-0.5008822,-0.03155675,-0.065082446,-0.42268094,0.21824118,0.16163716,-0.4040514,0.14901187,-0.005711857,-1.6198263,-0.070430145,-0.2460923,-0.077429265,0.030153513,0.05937404,0.016975027,0.052131977,-0.3540511,0.05928316,0.11522827,-0.21513169,0.18069147,-0.384416,-0.0053643035,-0.09785496
0.11109682,0.005161449,-0.0115834335,0.13171403,0.4008181,-0.08029023,0.034991838,-1.0875081,0.14058518,0.062586375,0.08001959,0.037883513,0.044601917,0.6282773,-0.20653926,-0.383406,-0.14935099,-0.035525803,-0.22843663,0.05262616,-0.2030051,0.042568445,0.09077357,0.08519334,-0.24302828,-0.09849049,0.17663349,0.0054214606,-0.17481682
0.13264826,0.056319922,0.038949423,0.22898673,-0.11934303,-0.037028477,-0.0025593354,-0.2179426,-0.21507867,-0.286898,-0.21694446,-0.18027829,-0.14101468,-1.8236609,0.22480856,-0.22393863,-0.07329388,-0.009709029,-0.102455236,0.017243847,0.044172995,-0.29238632,0.05940882,0.119443975,-0.16162893,0.14170334,-0.39242944,0.008068022,-0.088117674
0.04941859,0.034388207,-0.033084527,-2.554468,-0.4666267,-0.03708832,-0.05817568,0.07154927,-0.27846166,0.064820796,-0.40486857,0.078254364,-0.02797883,-0.9275843,-0.015013954,-0.027992928,-0.23766306,0.013808926,0.045365155,0.014688017,-0.4013854,0.036698766,0.06356312,0.085210524,-0.24056567,0.12929936,-0.30760908,0.0037907397,-0.10258725
-0.14477845,0.03853666,-0.01269584,0.19126622,-0.20312108,-0.036849197,-0.051634554,-0.38244286,-0.19219525,-0.23583232,-0.3351904,-0.054367773,-0.14263034,-1.5740589,0.090399526,-0.13818331,-0.32156506,-0.019555658,-0.14424838,0.016226066,0.023333471,0.025753316,0.11484703,-0.73961276,-0.23599955,0.07900285,-0.526092,-0.033201892,0.08682517
-0.063771896,-0.00097072136,-0.098502345,-1.2738029,0.7645947,-0.04981043,0.043057386,0.10720027,0.084155194,0.0072240955,0.07834668,0.024526425,0.065945715,0.65697443,-0.15049353,-0.4679911,0.17961809,-0.0107211815,-0.19928215,-0.28041476,0.0071255723,0.08197414,-0.15457267,-0.022785809,0.29101807,-0.07073494,0.19858249,0.009552628,0.080033444
0.065963306,0.048191722,0.0024631333,0.21124814,0.7274077,-0.06798119,0.0076673916,0.13198237,0.14283937,0.043911826,0.12770778,0.026318204,0.048596278,0.76659226,0.042850856,-0.20585829,-0.13350575,0.0070221797,0.18932888,0.052718565,0.023760494,0.050257858,0.13548283,-0.5719168,0.09116603,-0.08514985,0.25392678,0.0063744867,0.11346505
-0.07163354,-0.058207683,-0.01581364,0.26486227,-0.34594157,-0.07895451,0.02914555,0.12597564,0.09960098,0.115416765,0.17166364,0.0426045,0.16723043,0.6231439,0.06416046,-0.010174193,-0.071218655,0.015532288,0.23782796,0.04547976,0.04874191,0.06524484,-0.1189452,0.13928989,-0.06991734,-0.10896535,0.01580114,0.017356656,0.13887565
-0.17985362,0.017789926,0.019084966,-2.1752398,-0.24624003,-0.06473129,0.058710523,-0.49852931,0.03646941,-0.111459434,-0.17396735,0.070290685,0.08835829,-0.9036467,0.09061788,-0.06685478,0.25538763,0.0020239095,-0.07363233,0.01261529,0.0824524,0.051359236,0.12995617,-0.5765536,-0.056147218,0.19754168,-0.13937514,0.012778734,0.11193925
0.105281726,-0.25885022,-0.050520603,0.24519023,-0.22127844,-0.039103247,-0.015387939,0.14047603,0.21589726,-0.25704408,-0.6817138,-0.08311655,-0.10727949,0.5042933,0.054484002,0.86521584,0.14845386,0.015719283,0.28214523,0.037564818,0.038170706,0.04897629,-0.12830965,0.068235464,-0.027851747,0.19753958,-0.21310212,-0.018227816,0.1187967
0.061464418,-0.14665116,-0.023733266,0.2711531,-0.24856292,-0.06438492,0.0021301522,0.17602628,-0.25543356,-0.23555304,0.16154687,-0.09371539,-0.14447255,0.5481556,0.047232773,0.93125886,-0.15909706,0.021462956,0.33882442,0.038648818,0.025409956,0.048702657,-0.16647242,0.09362523,-0.061241377,0.1075195,-0.15925415,-0.011676504,0.10595882
0.1241021,0.049184255,0.004890944,0.26038235,-0.40677655,-0.029892795,-0.032639787,-0.44216487,-0.30075976,-0.21165355,0.106554866,-0.12916268,0.12793447,-2.1138813,0.09804044,0.49642235,-0.18549687,0.022928242,0.073482096,0.017486764,0.034724217,-0.29807124,0.07415069,0.12613803,-0.09376669,0.13857546,-0.38126105,0.015201813,-0.14221138
-0.060544007,0.057121076,0.13118085,0.2701574,-0.014907719,0.7214442,0.06452441,0.18759543,-0.20677814,-0.1806061,0.1527,-0.09203591,-0.056010608,-1.9767522,-0.009632552,-0.1623828,0.08901375,-0.00917423,-0.18142611,0.023573842,-0.19790365,0.1029357,0.054864675,0.04669989,-0.030468034,0.13147645,-0.07765418,0.013727748,-0.13812326
-0.18433905,0.0219203,0.036665224,0.31426746,-0.20968603,-0.06236371,-0.020440346,0.1603262,-0.3229879,0.21747378,0.19308503,-0.14170474,-0.097913794,0.60233897,0.0356714,0.6837356,0.024434183,0.0101780575,0.29547977,0.03272676,0.057967547,-0.41552627,0.088460855,0.07128809,-0.14258286,0.0546973,-0.21381906,0.0060104704,-0.26887995
-0.061857793,-0.17762454,-0.05450947,0.22776239,0.08416746,0.54192865,-0.006117029,0.15323517,0.10252299,-0.13492647,0.1496366,0.050381772,0.04891675,0.6933512,0.11961985,-0.4383589,0.014071867,0.0049509727,-0.17258161,0.13056548,0.025386462,0.09264655,0.004003953,0.10719801,0.066370696,-0.07489367,0.21994902,0.012425068,0.118164286
-0.13121326,0.049306996,0.0315352,-2.757034,-0.5252564,-0.069642656,0.009527375,0.06028671,0.081330195,-0.117700696,0.098069996,-0.077474445,0.104266495,0.5286774,-0.020568892,-0.09438114,0.067828044,-0.00049759215,0.1298156,0.02198973,0.042830028,0.10127064,-0.0760488,0.07557305,-0.24996644,-0.009212568,-0.19844033,0.01378715,0.13514946
0.12671961,0.045789782,-0.009244503,0.24196547,-0.46176422,-0.049682215,-0.028424134,0.10405631,0.14026123,0.0956154,-0.7606603,-0.07833327,0.09762625,0.55463374,0.02941534,0.13748565,0.02697392,0.0062874258,0.15844002,0.039892253,0.05688041,0.057615943,-0.13052866,0.12882437,-0.14635575,0.10835124,-0.05705935,0.012705343,0.11737191
0.15707226,0.036184844,-0.03819297,0.2290135,-0.16797793,-0.04681103,0.005188437,-0.43743932,0.15147549,-0.28981656,-0.25467357,-0.14513956,-0.086722784,-1.7995114,0.048182957,-0.34907222,-0.22551921,-0.03360796,-0.20031999,0.015121964,-0.30521134,0.055277783,0.1190404,0.08041761,-0.27806574,0.111323446,-0.09963679,0.009351477,-0.10181925
0.111376695,0.034117106,0.02671326,0.35656163,0.035899304,-0.025736688,0.05681451,0.13617982,-0.25466964,-0.40602875,-0.4341032,0.13536009,-0.17615262,-0.60372204,-0.025535846,0.12251265,-0.12123187,-0.0044416953,0.10531952,0.019415522,0.07048685,-0.35084397,0.13903248,0.121285744,-0.13169144,0.10732273,-0.43488503,-0.03278646,-0.16773583
-0.09948671,0.030353323,-0.041820608,0.24098743,-0.46668556,-0.06638384,0.019432826,0.12546757,0.07248004,0.06501856,0.08328607,0.01480072,0.05348599,-1.0569904,-0.09858366,-0.6435682,-0.69490045,0.017365819,-0.33102977,-0.13673213,0.048685614,0.096807174,0.17094348,-0.5836287,-0.45546815,-0.17207122,-0.13533641,0.007273175,0.11225564
0.10314146,0.041153993,-0.026723504,0.27763823,-0.21364623,-0.06049077,-0.042681623,0.19394703,-0.29601943,0.122047946,0.14712445,-0.11113374,-0.14821145,0.6275733,0.056948125,0.8629593,-0.2059389,0.022580624,0.31495547,0.0391907,0.047041845,0.03584082,-0.15880744,0.08149268,-0.034684535,0.06596059,-0.18202375,0.0025188797,0.107383415
0.119430736,-0.15902975,0.035230048,0.31674814,-0.29318452,-0.06245476,-0.008659227,0.16509119,-0.39425635,-0.2588085,0.17239399,0.0851334,-0.27306446,0.5498718,0.028107937,0.18574172,0.02472362,0.022576392,0.29945317,0.036027543,0.040457916,0.05831544,-0.13359009,0.06666164,-0.0753305,0.08626643,-0.18390025,-0.049056903,0.13968354
0.08619055,-0.18189906,0.077889614,0.26965344,-0.23507664,-0.05971209,-0.09666638,-0.7104001,0.08508372,-0.26755577,0.12866488,-0.06326332,-0.17044483,0.5780132,0.0077072214,0.63658065,0.10050842,0.01436915,0.2721513,0.0243724,0.03543534,0.062323123,-0.13499989,0.08022197,-0.11590219,0.05514472,-0.22977912,-0.004637876,0.12272473
-0.16701488,0.043625448,0.093156815,0.20036758,-0.9632096,0.23269737,0.035433196,-0.29831806,-0.1797093,-0.15269762,-0.3839371,0.13058272,0.090995036,-1.7447323,0.09421306,-0.28712064,0.12125972,0.005429956,-0.07508132,0.017908115,0.054558355,-0.3233992,-0.014712712,0.10218647,-0.16896507,0.12416371,-0.41893247,0.0060716406,-0.10807517
0.04602319,0.02129101,-0.056364793,0.20793836,-0.09735401,-0.06904541,-0.00023357355,-0.9988602,0.11596041,0.07396936,0.09260469,0.029119616,0.05174452,0.62557375,0.046427228,-0.10724978,-0.19787101,-0.015155147,0.09248884,0.04470351,0.028541207,0.03411448,-0.14205758,0.10223735,-0.12723586,-0.0780538,0.14631487,0.0046783034,0.082721405
-0.19694671,0.07473563,-0.03750038,0.19428895,0.32123575,-0.06092996,-0.013064213,0.16060129,0.119191766,-0.20502217,-0.7846083,0.032208208,-0.1788647,0.61865234,0.1134984,0.28501543,0.06680889,0.006948743,0.19423193,0.054902934,0.01697434,0.0659519,-0.106172726,0.08317858,-0.116069555,0.065500155,0.22344032,-0.019970372,0.11535348
0.13650224,0.016916022,-0.014552621,0.24932364,-0.033228952,-0.079379044,-0.004806288,0.16310613,0.1609151,0.12753452,0.1575426,0.049020845,-0.09536097,0.6607747,0.044680923,0.21490836,-0.057051074,0.006890637,0.23128885,0.060023002,0.032762785,0.035914227,-0.17492191,0.06988463,-0.16261995,0.016780047,0.20021822,0.0032084656,0.09473258
0.13412294,0.06060715,-0.046142723,0.22435841,0.28471953,-0.06816109,-0.011945327,0.17887345,0.17165427,-0.28748217,0.13613802,0.036520995,-0.18046516,0.70143914,-0.14844997,0.22754385,-0.09309868,0.006746232,0.22803162,0.059634566,0.035260182,0.066011906,-0.13696933,0.08144161,-0.23213851,-0.007406288,0.21216103,-0.0016972229,0.1058059
-0.094678044,0.0038339144,-0.039309822,-1.8312682,-0.58615196,-0.063509025,-0.09955179,0.062474255,0.030073695,0.036062464,0.06355358,0.02590227,0.040657647,-1.7605268,-0.009680281,-0.7214478,-0.38135108,0.0155563,-0.1493978,-0.105693,0.042745132,0.05338595,0.09717646,-0.52676535,-0.22645754,-0.17013286,-0.48043424,0.009249379,0.11452671
0.12966031,0.06572405,0.039745953,0.26493683,-0.114733115,-0.19884373,0.010203283,0.1142268,0.20772196,0.07797684,0.080023535,0.020705268,-0.22141685,0.53115577,-0.072134286,-0.40576345,-0.08764542,-0.00821799,-0.3194987,0.06100914,0.058241118,0.03210983,-0.16721553,0.0980427,-0.15799466,-0.15679203,-0.024052106,0.01182451,0.102058865
-0.15572023,0.024655152,0.037996624,-1.577224,0.1398913,0.60421777,0.011217724,-0.39188594,-0.26586735,-0.06921446,0.07992819,-0.0932017,-0.16525961,0.585776,0.042551145,-0.04917563,-0.10693459,0.0033231776,-0.08959384,0.028535282,0.057101887,0.062506944,0.17837766,-0.4294524,-0.10995027,0.10268323,0.12737171,0.00012861134,0.11669765
0.09380726,0.019872082,-0.101525374,-1.9007674,0.14976545,-0.08072277,0.008435576,-0.4005289,0.10373232,0.011825106,0.06012645,0.05099553,0.071648434,0.5580598,-0.023496706,-0.1871658,-0.06284475,0.0015208541,-0.1279664,0.038874455,0.06736593,0.011176652,0.15614545,-0.5529465,-0.056850094,-0.10151202,0.17306814,0.00618172,0.098285474
-0.11693221,0.033841155,-0.030940708,-1.9276335,-0.07587461,-0.10920058,-0.014372102,0.095954336,0.13429868,-0.07767053,-0.29897133,0.060103096,0.108179085,0.48603454,0.009548088,-0.23165774,-0.12999398,-0.0094088605,-0.1067193,0.031371932,-0.18480942,0.063127965,0.070961684,0.075268105,-0.13960788,0.053871587,0.002830896,0.012732844,-0.18266834
-0.18418048,0.03212987,-0.0059759524,0.25093782,0.14096187,-0.051490553,-0.025264177,0.1113114,0.12330673,0.11791453,-0.76644003,-0.051395155,0.1239127,0.5705467,0.081338756,0.18096517,0.18442747,0.012192021,0.1966966,0.050452076,0.03695111,0.06849127,-0.15709157,0.088071115,-0.17104845,0.094522014,-0.063047126,0.012405831,0.10688792
-0.07430607,0.03774038,0.0027925482,0.22428493,0.76956517,-0.071113415,0.0022315672,0.15664735,0.16493525,0.05938584,0.166349,-0.0715176,0.09535186,0.7457496,0.05954836,0.2252097,0.051308185,0.021784037,0.21160732,0.062393673,0.020797946,0.070202574,-0.09968373,0.092971034,0.20190549,-0.042902272,0.2415648,0.00671892,0.11897046
-0.08940043,0.025783423,0.080469966,0.2129374,0.10131711,0.40596384,0.021415843,-0.4008894,-0.24410634,-0.10754424,0.10425911,0.04129356,0.11016671,-2.3202276,-0.18058534,-0.42579818,-0.22948378,-0.011472366,-0.121192046,0.042000163,0.030791383,0.06752457,0.09522927,-0.4522972,0.063401535,-0.0032060198,0.1737867,0.0073154257,0.09823858
0.07615564,0.031779885,0.032214202,0.3181332,0.034983933,-0.06603547,-0.021439454,0.1406561,0.15284778,0.104482636,0.13063379,-0.07610076,0.072200686,0.6550438,0.036874384,0.22453234,-0.023320125,0.012058711,0.23214296,0.05910672,0.047905758,0.070470445,-0.12794153,0.08654387,-0.16787305,0.019435236,-0.032119405,0.01314614,0.119242705
-0.09134893,0.013767045,-0.07120911,-2.6628172,-0.33534008,-0.03386006,-0.05839801,0.063292615,-0.200151,0.15190588,-0.3756813,-0.09656159,0.0019870868,-0.880099,-0.004312381,0.22366841,-0.18698697,0.003033966,0.060798503,0.015605422,0.055193443,-0.30183047,0.071649075,0.08543142,-0.08356507,0.10965268,-0.2989325,-0.007316672,-0.10606282
-0.11148452,0.046342988,-0.010844114,0.28248987,0.24585684,-0.11551847,0.025274506,0.15875043,0.1499097,-0.20584308,0.0893898,-0.05188865,-0.103867084,-1.1213456,0.06775973,-0.32275605,-0.34019014,-0.005071232,-0.18681212,0.055000585,0.03918854,0.07712093,0.14109077,-0.41623804,-0.20106436,0.11179548,0.18494506,0.0052693523,0.12853247
0.11094224,0.05285327,-0.0063376576,0.23961475,-0.044549517,-0.09764938,0.0027473725,0.11798237,0.17867784,0.10274545,0.10339503,0.033327445,0.06222453,0.6101016,-0.09965027,-0.4035217,-0.054318406,0.023710232,0.15999512,0.037211295,-0.25365785,0.03536603,0.14379875,0.08468121,-0.18359688,-0.15333503,-0.06393479,0.0047801477,-0.22242004
0.19228867,-0.014206746,0.01130654,0.31051576,-0.24571899,-0.06557211,-0.0395079,0.16155598,-0.275252,0.1850057,0.12881678,0.13613762,0.020147756,0.5697573,0.016652022,-0.011045671,-0.37157702,0.010646031,0.1903923,0.032157294,0.094951004,-0.31610715,0.07330613,0.13868618,-0.14389257,0.027973216,-0.40915218,-0.000747065,-0.24280533
0.072243914,-0.42949083,0.02524249,0.35842288,-0.31056193,-0.02130784,-0.042227175,0.12640198,0.14058807,-0.3749453,-0.4860007,-0.12582693,-0.04649612,-0.8496075,-0.026013719,0.676555,-0.15580639,0.013806549,0.12574975,0.02298599,0.068278246,-0.21479873,0.097098485,0.08991851,0.15914682,0.21871154,-0.39561197,0.0023075542,-0.14363423
-0.13422136,0.052065037,0.07097999,0.23407911,-0.08189912,-0.04592372,-0.061177213,-0.2932287,-0.2542063,-0.2442346,-0.36465725,-0.07396874,-0.12382499,-1.5585775,0.08922297,0.02972026,-0.10841148,-0.023422929,-0.15186915,0.016036501,-0.18435074,0.04533752,0.079690695,0.13274322,-0.16394223,0.057718147,-0.3284078,-0.03698118,-0.086693436
0.06958518,-0.14932461,0.064968504,0.24929342,-0.36942434,-0.08734738,-0.008193948,0.107605495,-0.34186366,-0.2553033,0.12324246,-0.10123296,-0.066344135,-1.8719943,-0.016494187,-0.24855787,-0.10183857,0.04769953,-0.27281216,0.0248572,-0.22014216,0.07912554,0.0932264,0.08393802,-0.22474717,0.08239431,-0.34769413,0.025041278,-0.11838515
0.07131365,0.01310785,-0.025619168,0.3221112,-0.07229409,-0.058432702,0.0017237847,0.13327102,-0.2439302,0.0883724,0.08622998,0.045968283,0.096806765,-1.0110407,0.061818343,-0.04741363,-0.0073992005,0.012540183,0.09703696,0.03458918,0.084317796,0.03782435,0.16028254,-0.5994165,-0.12322063,-0.22849914,-0.050470624,0.0060249898,0.1028881
-0.1690581,0.036224533,-0.029352447,0.23318362,0.1228231,-0.07234863,-0.03193523,0.12585492,-0.29973847,-0.19205807,0.15005553,-0.049477257,0.15337455,0.590314,0.06904756,0.43931073,0.05153811,0.020110253,0.3260553,0.051548798,0.026981128,0.061245613,-0.123727284,0.060490374,-0.092550874,0.069022395,0.20875677,-0.013214535,0.11347931
-0.09039745,-0.17792292,-0.021040281,0.25207296,-0.27376547,-0.063504085,-0.011384256,0.16102658,-0.39616632,-0.21440671,0.18845852,-0.08200646,-0.16551135,0.5458402,0.061799664,1.1034122,0.08351689,0.0247021,0.3436249,0.040243935,0.054241154,0.032836754,-0.12056201,0.06643684,-0.092793085,0.08540428,-0.07727784,-0.011637147,0.113973945
-0.060541485,0.02202157,-0.13185407,-2.6433275,-0.37599012,-0.0603524,-0.011588275,-0.4720987,-0.2518253,0.10389021,0.103434615,-0.06763122,0.13750398,0.5003862,-0.044469193,0.49032667,-0.27153698,0.010121444,0.13696913,0.018373461,0.041297775,0.085759334,-0.09609713,0.13216463,-0.090029836,0.08401918,-0.31913126,0.0054349997,0.11715733
0.071965486,0.04448003,0.0024631333,0.20925884,0.7223034,-0.06474462,0.007510987,0.13098246,0.14782698,0.041603707,0.1322966,0.024537029,0.04793629,0.7644688,0.043175522,-0.15862834,-0.15028426,0.007174832,0.18893634,0.052718565,0.024595715,0.049848057,0.1357739,-0.5797668,0.103207484,-0.08586717,0.2534685,0.0063744867,0.11346505
-0.21329404,0.05725597,-0.011526124,0.17299417,0.39676806,-0.05032237,0.005573531,0.112347625,0.13421175,0.062060542,-1.1158485,0.0092888065,0.11057458,0.6256399,-0.20925091,-0.13173354,-0.19027632,0.0077588037,0.11123191,0.050561413,0.018139243,0.05441893,-0.13560785,0.08770661,0.11139563,-0.07101044,0.22009324,0.008473394,0.11052834
-0.036846083,0.17459908,0.031258088,0.36945662,-0.26823732,-0.027073469,-0.029240778,0.13388331,-0.32543254,-0.13748012,-0.41839522,-0.049820464,-0.02776911,-1.381794,-0.043662686,1.1523141,0.19760482,0.028394556,0.12711835,0.020628143,-0.062063847,0.062106326,0.054397352,0.1204058,0.36636162,0.117350355,-0.3592675,-0.0032566956,-0.08449832
-0.1604195,0.0020650434,0.0013899008,0.23887224,0.6632819,-0.056834333,0.01718146,0.14939311,-0.4217058,0.1370106,0.14803465,0.09449791,-0.14930122,0.7337353,0.08578488,0.29664123,-0.038971994,0.00584948,0.22661242,0.061643284,0.028293492,-0.33038607,0.17372179,0.08247448,-0.072295144,0.056631315,0.2406115,-0.0015976061,-0.18032771
0.075477764,0.047099855,-0.022132354,0.23026203,-0.44844228,-0.08142254,0.0225026,0.11201392,0.1170542,0.06001882,0.06943813,0.02735772,0.052025754,-1.1943623,-0.016814139,-0.93084663,-0.53896123,0.025652364,-0.26534474,-0.17672192,-0.17412393,0.092125684,0.13328186,0.13116318,-0.35005748,-0.16134523,-0.015443317,0.005407263,-0.109351024
0.051336534,0.025999349,-0.007224555,0.27899194,-0.013457543,-0.034955934,0.024858857,0.16804855,-0.29360166,0.15297586,-0.45346212,-0.093889885,-0.10092738,-2.1035721,-0.0050012534,0.4692947,-0.20186946,0.02237298,0.1269173,0.018141631,0.019819504,0.04149498,0.13170598,-0.713882,-0.1566655,0.15052414,-0.5607113,0.0012434834,0.0963649
0.12687576,0.025826398,-0.0451484,0.18975908,-0.11886479,-0.07798901,0.018339284,0.12570904,0.09796944,0.056611426,0.06148782,0.034754712,0.045544602,0.5961016,-0.10441909,-0.83319,-0.06589031,-0.008652366,-0.40062284,-0.33008504,0.04135473,0.07435962,0.16434745,-0.55606997,-0.22374311,-0.113786876,0.15013093,0.0070045698,0.1132024
-0.14944872,0.033825673,-0.007798454,-2.2819467,-0.4956663,-0.048348926,-0.009600904,0.08200753,0.09949581,-0.17724274,0.05222825,0.0903607,0.008886544,-1.7757783,-0.05452484,-0.04015262,-0.16178466,0.023611067,0.049847387,0.017317502,0.033364404,-0.40173113,0.040530924,0.09622699,-0.22028552,0.028915774,-0.3217097,0.007936747,-0.09866576
-0.09611822,0.02732954,0.123824105,-2.3523693,-0.26312944,-0.03957141,-0.03886386,-0.45578006,-0.2161739,0.1012627,0.06681806,-0.09813199,-0.14999329,-1.3026829,0.013482411,0.72909683,-0.3476667,0.014529905,0.10609933,0.015603485,0.054221705,0.035663527,-0.17547116,0.07183979,-0.051447187,0.1826653,-0.1451196,0.0045889677,0.077225044
-0.12049332,0.07953883,0.09145094,0.30167755,-0.3108384,-0.06221628,0.118597426,-0.4649698,-0.29268807,-0.2057547,-0.36806974,0.07978447,0.02994144,-0.23448616,-0.057665456,-0.36770537,-0.47567612,-0.016265672,-0.13729078,0.014262189,-0.4579716,0.07681187,0.10312064,0.11572344,-0.17377149,0.12504064,-0.42925733,0.008462216,-0.12850483
-0.034701277,0.01407256,0.05686414,-2.1078296,-0.2241066,0.52936155,0.03546099,-0.3360138,0.029264605,-0.11078059,0.104748316,0.037246488,-0.11697486,-1.2649088,0.04881115,-0.54179686,-0.15614933,0.008037161,-0.08561867,0.013612897,-0.23878917,0.087644175,0.10039724,0.11454466,-0.15801768,-0.098406866,-0.38217142,0.012052223,-0.13336621
0.124650374,-0.09363896,-0.019361123,0.20027596,-0.009245983,-0.067020215,-0.06589138,-0.6937259,-0.27106073,0.119368985,0.0965328,0.03862692,0.17977878,0.56954795,-0.13178746,-0.10827542,-0.0044498495,0.024521898,0.15550277,0.022730429,0.09517129,0.034184948,-0.18266606,0.08070511,-0.15454815,-0.019611921,0.00014091773,0.007382321,0.09774098
-0.08548133,0.048217345,-0.12721623,-2.4589148,-0.6350454,-0.05295867,-0.04070366,-0.5681413,-0.25480437,0.082540326,0.1283187,-0.07517969,-0.13642816,0.42954582,-0.011283313,0.71223074,-0.31171495,0.008435028,0.12873514,0.018412601,0.038635682,0.021627864,-0.17634319,0.11924355,0.07191908,0.1529319,-0.32238278,0.009221206,0.06816277
0.069223836,0.06805432,0.027568104,0.42382467,0.22319363,-0.039680038,-0.13220188,-0.4681843,-0.310159,0.18246686,0.09472168,-0.07154897,-0.0480701,-0.7563883,-0.047582515,0.93635416,0.00891473,0.023316827,0.14423537,0.016118811,-0.31511423,0.042572536,0.14142023,0.16364485,0.13641152,0.21626492,-0.38229197,0.008369438,-0.11755305
-0.20954719,0.026973099,-0.02631019,0.18780385,-0.9139799,0.21594548,0.01764355,-0.4429123,0.13298832,-0.31498563,-0.3680693,-0.1814437,-0.114109226,-1.703846,-0.048808333,-0.33510864,-0.18203406,-0.012722078,-0.10019437,0.017787335,0.03150872,-0.3644408,0.034982707,0.09882676,-0.26727346,0.06263419,-0.52129084,0.003589355,-0.09603207
-0.06964765,-0.08291275,0.007838709,0.20505232,0.66301996,0.70768636,0.007793926,0.15147373,-0.38273987,-0.06322426,0.16165474,0.0413891,-0.17818832,0.6696532,0.19369598,-0.09435693,0.07267255,-0.02630957,-0.2602329,0.099704914,0.03270303,0.09282444,-0.10178718,0.09093388,0.07203873,-0.037043065,0.19590275,0.012234618,0.11678725
-0.087142155,0.036248755,-0.03519696,-2.3095245,-0.5898205,-0.07387184,0.027038291,-0.33550885,-0.26658642,0.053558886,0.096611276,0.034237437,0.06742066,0.43330836,0.057795946,-0.06789248,-0.34739038,0.0062699853,0.06812614,0.014867851,0.049459036,0.04565448,-0.11553159,0.13416485,-0.30376592,-0.06492822,-0.33069897,-0.00017186438,0.09328413
0.1338844,0.03841776,0.034053836,0.251001,-0.4298639,-0.097190715,-0.15952551,0.098241925,0.083276786,0.0807152,0.07893472,0.030595757,0.10467685,0.47464505,-0.08996554,-0.6618135,-0.09140286,0.005961479,-0.45631117,-0.34335586,0.04985116,0.063243285,-0.21579482,0.1275292,-0.1117064,-0.14825678,-0.14945082,0.009627777,0.095821604
0.10780462,0.030747956,-0.03886831,0.3717369,-0.041595437,-0.067000404,0.070294045,0.11381786,-0.27139276,0.06499546,0.06498252,0.069523,0.09716041,-0.83702123,-0.06461373,-0.03455822,-0.41085854,0.02972404,0.12749314,0.02523711,0.09456538,0.040356982,-0.17513746,0.05669369,-0.13839735,-0.17446297,-0.07590045,0.008198675,0.10558116
-0.054631725,-0.18439206,0.022277966,0.2073904,-0.4318244,-0.08650459,0.060276702,0.07279937,0.13096854,0.09557038,0.083457656,0.03213418,0.039944794,-1.9963895,-0.058867887,-0.81179714,-0.036486056,0.020243127,-0.2902503,-0.14759552,-0.13464963,0.09987585,0.06853575,0.07534535,-0.21237479,-0.068691336,-0.37103632,0.0054758224,-0.18444291
-0.114906944,-0.13774273,0.0035778116,0.3300815,-0.2934533,-0.08065647,-0.025636133,0.17018093,0.16205622,0.12959324,0.18052006,0.074554,-0.13705012,0.57360417,0.057715904,0.076840445,0.27159324,0.014166946,0.2783188,0.04212581,0.04012353,0.058974493,-0.13091184,0.057565853,-0.15201138,0.026652662,-0.21227856,0.068455495,0.13706072
-0.11214117,0.028093874,-0.00371669,-2.1121051,-0.549425,-0.06578144,0.025575316,0.06536567,0.06821427,-0.13731891,0.0703179,0.026990142,0.06459874,-1.1037344,-0.030322101,-0.29040423,-0.19171736,0.0013987935,-0.13074344,0.017187802,0.04221482,0.060788773,0.16225886,-0.55645627,-0.19099419,-0.17337754,-0.1561812,0.013716608,0.114411585
-0.12293551,0.06776892,-0.02137203,0.23422007,0.34194013,-0.08308667,-0.015741412,0.16490458,0.18971059,0.10796319,0.15099506,-0.07148225,-0.1264029,0.71538955,0.07502808,0.37490088,-0.050761856,0.0074015916,0.219041,0.06495535,0.017050102,0.060162,-0.14599994,0.08181576,-0.036736127,-0.0086954115,0.2224542,-0.0021116883,0.10420337
-0.049753837,0.058219623,-0.107639104,-2.6775248,-0.3341475,-0.031993296,-0.033196073,-0.39039317,0.12777416,-0.1413901,-0.33802453,-0.05701474,-0.07456515,-1.3975472,-0.034747988,0.79186684,-0.10265968,0.015595455,0.07761236,0.0145350825,0.018263774,0.047109436,-0.09400013,0.09966695,-0.033500504,0.16179202,-0.34794846,-0.0054285177,0.06830472
-0.07991004,0.016713608,0.008209219,-1.7344768,-0.09519357,-0.050603054,0.0012237487,0.074633546,0.10288539,0.035747148,0.059360515,0.03391092,0.056029864,-1.9090761,-0.06523141,-0.48676342,-0.1857829,0.0120430095,-0.11443164,-0.14695634,0.029197618,0.063060775,0.083545744,-0.48594147,-0.22148854,-0.12526031,-0.03822361,0.010183094,0.089813225
0.13261239,0.0014686787,0.042379953,0.25753635,-0.12131877,-0.042418253,-0.04320589,-0.55863726,-0.18652353,-0.26918912,-0.4743397,-0.062352784,-0.05289191,0.39889568,-0.016807083,0.77468574,-0.033208583,0.023751413,0.20930782,0.01858455,-0.2809034,0.065312766,0.0950953,0.12069945,0.015973464,0.022585515,-0.14897722,-0.0019572133,-0.2857726
0.08941079,0.034433458,-0.028464993,0.24878824,-0.4325625,-0.069428496,0.023577973,0.116659194,0.06389589,0.074695684,0.06533285,0.023225572,0.046697915,-1.0647032,-0.056486804,-0.9977909,-0.5948302,0.0175631,-0.30732083,-0.14760196,0.05196637,0.083855964,0.20381711,-0.65981066,-0.38965467,-0.19822724,-0.115896866,0.0068750074,0.11187896
0.09833576,0.0059801284,-0.0008943265,0.16883941,0.094422035,-0.049713172,0.04789302,0.16606387,0.09879993,0.046455923,0.07533768,0.030629806,0.011291567,0.6030074,-0.08969646,-0.43405917,0.057326593,0.0023259942,-0.37836275,-0.31736782,0.03650894,0.08995669,0.21295393,-0.5477902,0.26071805,-0.059285704,0.15852638,0.00689613,0.10366341
-0.25994363,-0.19317013,-0.015616323,0.21612735,-0.14844082,-0.03989474,0.006447734,-0.20678721,0.13180877,-0.23638041,-0.20533773,0.16020414,-0.088151634,-1.424681,0.1463949,-0.2421351,0.02841469,0.013608578,-0.14184523,0.017731648,0.067413144,-0.24468626,0.10950215,0.100217484,-0.10468457,0.17353037,-0.3829731,0.021871278,-0.08815469
0.17259902,0.028018726,0.16173552,-1.6886777,-0.19011101,-0.05174265,0.02582756,0.10367616,0.09061976,-0.10008397,-0.27662495,0.050355125,0.10404042,0.54429775,-0.022475068,-0.22361685,-0.10051774,-0.012636241,-0.14627118,0.02976033,0.06196885,0.023412086,0.17122546,-0.51055855,-0.08706844,0.11358709,-0.028890256,0.009334005,0.10888309
0.08298989,0.011914215,0.0014883777,-2.8799052,-0.2795596,-0.056002796,-0.02538266,0.112849265,0.087511025,-0.12551612,0.09533848,0.06831324,-0.1902171,-1.0607953,-0.0039053026,-0.0025898207,-0.2475311,0.009391403,0.10378324,0.019170946,0.045342296,0.049725953,-0.12196705,0.096988164,-0.21864888,0.13799232,-0.35147434,-0.12181119,0.111279234
0.11893659,0.004305335,-0.002567702,0.31504914,-0.15182018,-0.07346549,-0.061625954,-0.6413766,0.107364036,0.18923853,0.049673803,-0.048813384,-0.14110528,-0.63304466,-0.012137588,0.013910427,0.13499749,-0.0037281238,-0.18599303,0.019360784,0.10010807,0.059398275,0.21984053,-0.5903554,-0.016344516,0.27135897,-0.0996738,0.009538608,0.142316
0.25717813,0.05641089,-0.01529637,0.28191328,-0.3485534,-0.047162574,0.0351399,-0.32151616,0.04162173,-0.26545474,-0.24326904,0.118799984,0.11767846,-0.73770297,0.07078713,-0.14678024,-0.25958592,0.0057172724,-0.13572963,0.018083367,0.13664167,-0.2310655,0.18130702,0.09374916,-0.08554068,0.061253734,-0.14503066,0.005008916,-0.1253549
-0.19145498,0.020427018,0.00080648874,-1.6821443,-0.28595066,-0.03892021,-0.055795237,-0.14009407,-0.21678984,-0.13105598,-0.21179166,0.12639828,0.053458802,-1.8429934,0.14000586,-0.19810382,-0.37855577,-0.0041947705,-0.042118497,0.013055362,0.06014056,-0.24063647,0.06276855,0.103099994,-0.1539492,0.18931134,-0.3339221,0.0054049795,-0.06626111
-0.064176835,-0.0075903973,-0.027267212,-2.283638,-0.34450763,-0.038262077,-0.03862727,-0.2583645,-0.17539388,0.10943335,-0.36177525,0.10147418,0.019825755,-0.8368714,-0.027418341,-0.009993084,-0.28758746,0.013682465,0.03943038,0.012267,-0.2767615,0.051654834,0.100408256,0.08922406,-0.13483672,0.11712514,-0.2841794,0.02868619,-0.09938787
0.11254731,0.0203423,0.010395641,0.20447475,0.5349281,-0.0811593,0.013883679,0.14889358,0.1183908,0.13554105,0.08269202,-0.19272211,0.042411692,0.69468915,0.03697384,-0.30974177,-0.09426338,0.0074536814,-0.27774018,0.114928044,0.04534926,-0.40605617,0.1104569,0.06155131,0.07121157,-0.05431902,0.19369653,0.0022077325,-0.19964525
0.12314895,-0.19160472,0.1321401,0.28151086,-0.018806498,-0.043067805,-0.0077801435,0.119193226,-0.26248685,-0.19703682,-0.7593721,0.06544235,0.1296111,0.46692675,0.0026409184,-0.05169603,-0.20700018,0.021085791,0.222455,0.026035247,0.056398574,0.047941424,-0.12112236,0.12882167,-0.26398012,0.15729132,-0.44686246,-0.10795013,0.13223064
-0.1314073,0.0056378227,0.09430497,0.20026097,-0.9472302,-0.04616035,-0.05752038,-0.3511497,-0.20891087,-0.15089203,-0.29119357,-0.07132853,0.0962409,-1.6137699,0.07915044,-0.16303168,-0.19065315,-0.022511562,-0.12813209,0.014327263,-0.29993573,0.064030886,0.016345993,0.10539281,-0.27510262,0.13812359,-0.34641603,0.009663334,-0.085614026
-0.11303879,0.083945654,0.037094142,0.29648957,-0.39993465,-0.054995745,-0.07510385,0.10792589,-0.34585813,0.073002316,-0.672773,-0.08372178,0.11487779,-1.8611196,-0.0062108887,0.2934015,-0.18141994,0.031425543,0.1291851,0.020180535,0.019505315,0.052648354,-0.065738454,0.10678399,-0.19638532,0.075652756,-0.30973962,-0.014115861,0.1083641
0.12055995,-0.15289742,0.054951213,0.24727197,0.10484282,-0.0449461,0.037913777,0.14489408,0.11013511,-0.25679857,-0.7080044,0.11263087,0.13765687,0.58056086,0.027493393,-0.02845341,-0.025976248,0.012030996,0.17056432,0.05040253,0.04286211,0.057530455,-0.17364185,0.072254285,-0.21972743,0.14577734,-0.047059793,0.021851024,0.12743476
-0.15254872,0.010620593,0.005278094,0.18189718,0.1398086,-0.054065216,0.04651385,0.16579825,0.089556165,0.047830287,0.10187746,0.02673199,0.015557443,0.58558774,-0.1204398,-0.6636854,-0.06525402,0.0012104188,-0.3760713,-0.31552795,0.03152165,0.08658597,0.19193693,-0.63721395,0.1426056,-0.06776883,0.17438497,0.0073695867,0.109500594
0.10494205,0.023950953,-0.022896467,0.2476782,-0.024883423,-0.025400078,0.021139337,-0.575571,-0.32150185,-0.24338664,-0.30537957,0.08362233,-0.1404936,-2.0124211,0.03141462,0.39252043,-0.25668064,0.021945745,0.09126127,0.014184087,0.025314689,0.040130123,0.10183016,-0.8460909,-0.20306112,0.172767,-0.5838528,0.00078981323,0.103252456
-0.111735396,0.020268802,0.0203325,0.21680832,-0.19359739,-0.06183974,-0.14849384,0.10013015,0.07884963,0.072374776,0.08515129,0.030474346,0.058742564,-1.8531375,0.0014674948,-0.7776128,-0.49035218,0.020432288,-0.24995434,-0.15178609,0.04517987,0.07044574,0.10483373,-0.64458746,-0.24902946,-0.13263461,-0.573677,0.006330586,0.16864303
0.09473318,-0.2489726,-0.016238045,0.24006213,-0.105900645,-0.059536465,-0.08762484,0.106435746,-0.34440592,-0.24043925,0.12927847,-0.1358851,0.16087297,0.6243968,0.024974566,-0.07076415,0.09393197,0.02335157,0.2805085,0.048307866,0.06570935,0.054289706,-0.15095831,0.06022585,-0.1167009,0.087780654,-0.05460656,0.012013817,0.1350061
-0.09322932,0.019947007,0.0071100127,-2.1225705,-0.3674898,-0.042582534,-0.04034081,0.06264292,0.098324105,-0.16179213,-0.2749558,-0.048984576,-0.12178769,-0.87565076,0.015784018,0.003278575,0.011755803,0.0037423081,-0.11266941,0.019305594,0.05024463,0.060505725,0.12548414,-0.46535683,-0.120930225,0.24440444,0.01411309,0.0129175605,0.1269707
-0.29191205,0.066307455,-0.048057213,0.2556806,-0.4089608,-0.04779522,0.03748386,0.15921073,0.11458489,-0.27705365,-0.94110847,0.0053010434,-0.18647632,0.4512785,-0.17196384,-0.079620205,0.15372598,0.014668466,0.22125497,0.024826622,0.036167175,0.064210385,-0.1347417,0.079574764,-0.19285932,0.071494505,-0.2341053,-0.08653109,0.16769467
0.17597581,0.043641012,0.008662463,0.2533371,-0.0048764944,-0.08442326,0.057146996,-0.39760637,-0.29329464,0.08351507,0.05919609,0.15185876,0.09232036,-1.9757247,0.07584263,-0.21191186,0.22358681,-0.0033297043,-0.171602,0.018735945,0.11716181,-0.21063456,0.13853747,0.08780003,0.063360274,0.034195583,-0.035391476,-0.0021059813,-0.10118744
-0.12359746,0.03577039,-0.022660103,0.23937768,0.086556405,0.41848326,0.009268534,0.11895242,0.10865328,0.047349293,-0.7000688,0.037152093,0.066814415,0.6124811,0.18542023,-0.43135086,-0.07974859,0.015929438,-0.17082222,0.111551486,0.03150415,0.072305374,-0.03696908,0.117624894,0.011652855,-0.12563224,0.21109074,0.009550925,0.1051824
-0.100155585,0.08020893,-0.02535115,0.3669553,-0.3113524,-0.053843662,0.049791496,0.19748041,-0.37150347,-0.3008226,0.10166511,-0.07293577,-0.080731705,-0.93931144,0.04447732,0.8426697,-0.42660147,0.02235597,0.19762369,0.022241766,-0.20221406,0.072621115,0.08938196,0.051968075,-0.019556003,0.045327704,-0.16367397,-0.00537446,-0.17303297
-0.080025405,0.03809492,0.0022956603,0.22025383,0.7127521,-0.080520965,0.0104978215,0.12364382,0.12966466,0.04839896,0.1582079,0.04457567,0.09621655,0.75404674,0.06893259,-0.11666447,0.104942024,0.006580659,0.20073831,0.06137778,0.020463515,0.060188815,-0.09827614,0.08983989,0.2772312,-0.05047881,0.2195428,0.007344408,0.11812896
-0.12546603,0.056404028,-0.048514936,0.3196486,-0.31760684,-0.04763322,-0.13996965,-0.5933934,-0.2973246,0.18966909,0.13529365,0.06839404,-0.063661054,-0.65250534,-0.0005758188,0.27495253,-0.12541041,0.023719693,0.09937672,0.016875785,-0.30089307,0.055260234,0.15970482,0.14236997,-0.10428785,0.11968387,-0.3130369,0.0019349216,-0.13854633
-0.056793176,0.03114184,0.15656507,-1.7498004,-0.32869354,-0.068687186,0.021087686,0.07754268,0.096622966,0.036061693,0.053888127,0.032945186,0.07494377,-1.954839,-0.017587392,-0.45832974,-0.10567129,0.019294621,-0.16366412,-0.09731748,-0.113553435,0.083715454,0.11102445,0.077793874,-0.17980818,-0.12548122,-0.10896278,0.0070233117,-0.097625405
-0.0076998053,0.05758095,-0.055195924,0.33274195,-0.4941278,0.521864,0.10722389,0.19389692,-0.13499044,-0.21425755,0.18813843,0.03166848,0.011520211,-0.7092391,0.053047933,-0.44024587,0.16017579,-0.01125461,-0.18675286,0.024418175,-0.35863093,0.0929648,0.045605708,0.10179496,-0.14466843,-0.1127398,-0.43129918,0.0071324105,-0.21837837
-0.098052554,0.025615929,-0.0012364592,0.24700227,-0.2922838,-0.06779156,-0.035955627,0.14840399,0.2285112,0.11271681,0.2105193,-0.056071293,-0.18976234,0.57882154,0.06118062,0.3630202,-0.0020881623,0.011724904,0.28834888,0.045911267,0.037173357,0.068137325,-0.1519785,0.11271826,-0.08635676,0.081416756,-0.066693366,-0.033595443,0.13021465
0.059558585,0.0216198,-0.017430108,0.23159897,0.23284563,-0.0797196,-0.016043076,0.16024145,0.12399783,0.09325005,0.1250281,0.03247945,0.05353564,0.6992976,0.04306565,-0.032790877,-0.16311708,0.010930362,0.1822443,0.06620374,0.045513064,0.03255022,-0.17882156,0.090393215,-0.1166174,-0.14153653,0.1971699,0.0026960787,0.10277152
-0.100965686,0.020177068,-0.034562156,-1.9390888,-0.21546917,-0.077965945,0.046678316,-0.3954144,0.14413248,0.043007635,-0.19013353,0.10449193,0.07399511,-1.6711682,0.01615107,-0.23432039,0.14613521,-0.010976755,-0.08703343,0.012737105,-0.28214058,0.038243305,0.062409896,0.07590738,-0.11300608,-0.0034520254,-0.11859229,0.0077132354,-0.081395574
-0.1183451,0.032468323,-0.012948716,0.22052026,0.097624496,-0.08942218,-0.037515193,0.17583074,0.20188792,0.10178951,0.09544523,0.072943516,-0.17114969,0.71229863,0.09788035,0.18479358,-0.02889964,0.0077602924,0.18306679,0.06504801,0.02065727,0.05089392,-0.13665658,0.10420603,-0.21118914,-0.06519184,0.19778757,0.0074401796,0.10442054
0.04883588,0.029958878,-0.012264871,0.24909154,-0.55151135,-0.08162938,-0.0035818228,0.13852505,0.11040379,0.100682296,0.14021266,0.016024044,0.1183231,0.61279535,0.03958442,-0.062012896,-0.12721482,0.009933882,0.17495608,0.047145378,0.052501727,0.04608639,-0.17466223,0.14608227,-0.1377705,-0.14867437,-0.014440789,0.0068032295,0.10697413
-0.17005798,0.03717754,-0.018135166,0.18903676,-0.33013144,-0.17135096,-0.058098994,-0.41015306,-0.34143174,0.12233407,0.113569625,0.028413005,0.204241,0.47080502,-0.12769632,-0.27808872,-0.100052685,-0.036676742,-0.35402137,0.027607486,0.08600795,0.035427872,-0.21894845,0.16109712,-0.2327558,0.1139818,-0.022359284,-0.0005120391,0.09952743
-0.12557775,0.032814134,-0.0204667,0.22016586,-0.2234422,-0.063834414,-0.02729397,0.15552595,-0.4416133,0.11864325,0.15029246,-0.07311029,-0.24722975,0.61474556,0.069727965,1.072933,-0.08118314,0.02164567,0.32698223,0.04018915,0.05289287,0.06605681,-0.1467026,0.110355824,-0.058983933,0.08400886,-0.113572486,0.0053217015,0.13460715
-0.24789132,0.062183257,-0.023461886,0.20346348,0.30452737,-0.042405732,-0.028913796,-0.49697757,-0.31619447,-0.19822407,-0.5727014,-0.03513686,-0.15092157,0.45860797,0.03221033,1.6147436,0.15560049,0.011774606,0.28671923,0.035078116,0.018737493,0.05546221,-0.15220936,0.052987196,0.078505486,0.15900888,0.3076505,0.015454452,0.098426506
0.070875496,0.05925037,-0.08817387,0.27265507,-0.21844298,-0.06003917,-0.038924158,0.20004807,-0.32959613,-0.23117547,0.13193329,-0.09263222,-0.14742747,0.5514702,0.054609023,0.94572437,-0.35344195,0.022694027,0.33836824,0.038648818,0.0116918115,0.05480317,-0.14355546,0.097636044,-0.13817684,0.104919724,-0.17869681,-0.0036708575,0.10385456
-0.13760705,0.037382558,0.011102246,0.2056711,-0.50029993,-0.03423703,-0.058425754,-0.80071324,0.22295728,0.16010302,-0.5672222,-0.06671925,-0.04086032,0.27631697,-0.010722084,0.9302435,-0.3255456,0.015108141,0.19051848,0.02358965,0.028178474,0.009970755,0.1909953,-1.0813502,0.04742521,0.18932664,-0.713991,0.008488427,0.06587802
0.0988922,0.04261419,-0.031935643,0.21129507,-0.34181264,0.30348226,0.029060347,-0.47883523,-0.14610165,-0.2914257,-0.35095066,0.06638108,-0.16393122,-1.929024,-0.021884808,-0.2579267,-0.2534911,-0.011571039,-0.17843764,0.015182006,0.07277678,0.046330493,0.1457885,-0.5040623,-0.040356953,0.16709158,-0.099968,0.010809182,0.11411682
0.1283063,0.029011026,-0.052178357,0.2991785,-0.15825906,-0.046544798,0.09557205,-0.5373569,0.113079265,-0.38827708,-0.27483386,-0.10283442,-0.08359329,-0.5895672,-0.041972164,-0.13773492,-0.10715388,-0.02661869,-0.20824605,0.0158175,-0.39553592,0.06455166,0.15011266,0.08194083,-0.1983477,0.19608521,-0.093856744,0.009284132,-0.114572674
-0.060877267,0.033901084,-0.11744162,-1.9306437,0.28426218,-0.10867256,-0.017597608,0.03318273,0.11910607,0.009427854,0.07413076,0.05392839,0.07842391,0.6206249,0.07457415,-0.7081484,0.034583814,-0.04577198,-0.1690129,0.04809261,-0.095539555,0.04571813,0.01976548,0.107222594,0.13426787,-0.09623452,0.1604251,0.00808758,-0.16672485
-0.10820777,-0.17226712,0.03709215,0.30164674,-0.22059043,-0.06787254,0.0009220131,0.2016489,0.1679665,-0.22676153,0.21511787,-0.057706412,-0.1404402,0.6334835,0.05564406,0.98792684,0.18462299,0.014173126,0.33335385,0.043153793,0.033564847,0.08831473,-0.09363142,0.07348311,-0.08880082,0.06559606,-0.21035549,-0.017562142,0.14548264
-0.14727543,0.0072512287,-0.020849606,0.2389781,-0.22337455,-0.056545362,-0.014304244,-0.7182478,-0.14539537,-0.28362167,0.15895964,-0.06611535,-0.14745608,0.41562855,-4.9062073e-06,1.0467895,-0.24026799,0.020375136,0.26953214,0.025680542,0.042234346,0.066009685,-0.107978396,0.1330308,0.04746552,0.10811487,-0.14569217,0.0030315896,0.17223595
0.18988149,0.04190084,-0.004584887,0.18128434,-0.3655444,-0.100481085,-0.012165068,0.07137877,0.02924148,0.113096565,0.08309298,0.031322505,0.06486014,0.54104024,0.008057736,-0.9653368,-0.32251522,-0.008603774,-0.48142025,-0.30357802,0.065956265,-0.59486085,0.18324009,0.08629439,-0.5480417,-0.13597785,-0.14902814,0.0041303877,-0.28123084
-0.14406092,0.029006822,0.05030986,0.23599319,-0.107738964,-0.06206221,0.011492856,0.07976867,0.056547493,0.08690279,0.059228875,0.03411103,0.054841306,-1.0198793,-0.010999534,-0.9766604,-0.4865321,-0.016988618,-0.22768925,-0.3240373,0.046881743,-0.70705634,0.118103966,0.03644268,-0.40237406,-0.1679555,0.14037743,0.00606833,-0.11884193
-0.15622275,0.058990277,-0.013245197,0.23834151,0.056330554,-0.077555336,-0.016239328,0.14745909,0.16863208,-0.25094652,0.16454081,-0.0027120097,-0.1609765,0.6036325,0.062477544,0.4377319,-0.035830252,0.006611372,0.27157512,0.052082345,0.03024781,0.06563571,-0.14254525,0.052382592,-0.15668976,0.073514566,0.20337589,-0.010798249,0.12461407
-0.29948124,0.008592931,-0.04573775,0.25591564,-0.16919169,-0.052745875,-0.0029204197,0.1494868,0.090174414,-0.4358626,0.15736955,0.09674205,-0.1516185,0.520566,-0.016408436,-0.063984856,-0.34684977,0.010033312,0.23320803,0.030652352,0.04598663,-0.5032308,0.10050465,0.1341945,-0.3332707,0.12462533,-0.47462812,0.018625395,-0.3048094
0.07977135,0.01705025,-0.027339498,-1.9334562,-0.14738752,-0.059791453,0.028654536,0.07312252,0.09340971,0.047483962,0.06475,0.03178928,0.059036545,-1.9016424,0.04408938,-0.538127,-0.15731858,0.013729927,-0.12863667,-0.09998118,0.036847766,0.074357115,0.13549021,-0.51159304,-0.105672784,-0.15269786,-0.48499396,0.008727605,0.14032036
0.08315176,-0.051045626,-0.0063370243,0.21980351,0.4454387,0.25671864,0.037612956,0.17973118,0.124589495,0.048993785,0.10475614,0.03384875,0.055462323,0.65888184,-0.18533753,-0.7605968,-0.20268098,0.0031242904,-0.25941727,0.08431854,0.034980632,0.08491639,-0.04874035,0.113309085,-0.101183176,-0.13563514,0.20108679,0.007432337,0.113004796
-0.13770476,0.041812934,0.0012411182,0.20309861,0.12839103,-0.07965136,-0.00052489515,0.13443622,0.12798242,0.06430301,0.10392817,0.025383856,0.06412351,0.60884494,-0.016046911,-0.85581934,0.0045347875,0.0005416205,-0.40238735,-0.37388536,-0.07491217,0.12310044,0.17019472,0.10271062,-0.10895795,-0.079078704,0.15934545,0.0067854333,-0.2020028
0.03687798,0.02603115,-0.04204978,-1.765585,-0.10194411,-0.053404227,0.004695517,0.06241142,0.11396378,0.029229864,0.058105085,0.03340717,0.045959868,-2.0431747,-0.008183822,-0.6241377,-0.18064357,0.012766115,-0.11075457,-0.16383855,-0.10178446,0.071033314,0.06817406,0.05280838,-0.21962902,-0.08964824,0.11962621,0.0075123357,-0.082683094
0.06538004,-0.00072436256,-0.067820445,-1.6513277,-0.88333184,-0.064490125,0.01982315,0.06691369,0.035747617,0.037488412,0.060595244,0.037623897,0.034267653,-1.8446766,0.0025243657,-0.6388798,-0.3159424,0.0020466647,-0.12155177,-0.11262595,0.035614386,-0.4707121,0.102721356,0.060658436,-0.33385575,-0.22334915,-0.33295056,0.006863812,-0.11488673
0.12870957,0.04395405,-0.055015884,0.23221844,-0.13126808,0.22848661,-0.0019578827,0.07510256,0.14241876,-0.1411894,-0.5297337,0.033381216,0.055369776,-2.0457902,-0.08774265,-0.620487,-0.38264817,-0.006767689,-0.114388116,0.04034316,0.055254206,0.02247027,0.069005035,-0.62666124,-0.050942786,-0.11239092,0.009227444,0.009360116,0.10463203
-0.0095043555,0.035282914,-0.057387713,-1.9139256,-1.1917914,-0.027158542,0.020236917,-0.35688168,-0.16137879,-0.24480936,-0.19697015,-0.09127983,-0.047153447,-1.7742141,-0.043766685,0.47573048,-0.32552782,0.012207904,0.033844683,0.012947168,0.0035665086,-0.2836183,0.03036598,0.07767815,0.050609976,0.12356632,-0.3499203,0.0028885966,-0.06109201
-0.13728282,0.02619968,0.07764752,0.20692277,-0.75207,-0.046969038,-0.05822692,-0.37732384,-0.19570425,-0.23152612,-0.35899585,-0.082511134,-0.12286483,-1.5293859,0.061253272,-0.14897183,-0.0714462,-0.022730267,-0.1455474,0.016036501,-0.20340085,0.036908623,0.061123904,0.1145511,-0.36226732,0.13909006,-0.3639663,-0.040796172,-0.09322263
0.09816646,-0.11797386,-0.0020168978,0.23307808,-0.33270082,-0.07022459,-0.06597133,0.104340315,0.12359473,0.17333958,0.15105972,-0.114760205,0.042589106,0.63896626,-0.08703794,-0.040699013,-0.145782,0.023283387,0.21865511,0.03128955,-0.31666952,0.053761616,0.14439654,0.12714882,-0.1760335,-0.102894895,-0.07503437,0.009188188,-0.2335576
0.1133403,0.031411313,-0.039665233,-2.4723022,-0.48029816,-0.08397285,0.039457157,0.031301398,-0.204569,0.05228685,0.07331672,0.099620126,0.02131815,-0.93733233,0.0032564057,-0.25767383,-0.2702657,0.012037049,-0.124764815,0.018594697,0.10665754,-0.19455601,0.17866538,0.089906774,-0.15084666,-0.17332506,-0.40835023,0.005689384,-0.11482163
-0.08084467,0.022103617,0.030383753,0.24541463,-0.78722435,-0.11020666,-0.11018969,0.11768852,0.0746762,0.032134514,0.07923009,0.05597718,0.08137131,-1.8468537,-0.010759066,-0.755265,-0.49458542,0.019231858,-0.21170343,-0.20694618,0.036588676,0.07619957,0.13507535,0.11371447,-0.28490165,-0.14964777,-0.4151428,0.008923906,0.15262258
0.043143213,-0.32906848,-0.06903634,0.24147935,-0.38714063,0.5769817,0.008102803,0.15361512,-0.39812157,-0.24793868,0.20985092,-0.10118463,-0.02706788,-1.7932764,-0.0036424191,-0.38792577,-0.35652256,-0.009101391,-0.19317695,0.024224741,-0.2205096,0.0812675,0.013564555,0.064328864,0.0017909771,0.16325095,-0.37506863,0.021417543,-0.14432497
-0.09725523,0.068463214,0.045824267,0.27544335,0.1974902,-0.10471167,-0.023028245,0.13813098,0.14939736,0.080461375,0.11711911,0.040992875,0.066103525,0.6888037,0.05900052,-0.33513787,-0.21328446,0.0193146,0.22906125,0.047793366,-0.19188753,0.05620132,0.10546032,0.07454004,-0.21045963,-0.14577624,0.19397818,0.0024892492,-0.22494529
-0.14213483,0.010810352,-0.03206208,0.24585156,-0.065841496,-0.090583876,-0.06840325,0.1316182,0.17408636,-0.2711575,0.105089106,-0.09150971,-0.051693585,-1.9391165,-0.006603897,-0.21471228,-0.3178713,-0.021419886,-0.26166144,0.027678097,-0.14300588,0.11017805,0.08148473,0.12157188,-0.2662096,0.116553485,-0.42235643,0.008007464,-0.11489603
-0.09986705,0.032961637,-0.0010839303,0.26934773,-0.45356157,-0.072177656,0.032038663,0.119048856,0.060325887,0.0757768,0.057125196,0.025652202,0.07528573,-0.76568776,-0.06933736,-0.9006524,-0.10051849,0.017247515,-0.31331465,-0.13788857,0.047181837,0.10664149,0.18085545,-0.62565565,-0.2998404,-0.19588926,-0.14178702,0.007382365,0.1382204
0.06526507,-0.013017793,0.1829938,-2.314793,-0.6494162,-0.05831459,-0.0064250766,0.097447835,0.03354522,-0.20774858,0.096973576,0.060269587,0.1262566,0.5781956,0.024752509,-0.026661467,-0.118466735,0.016908985,0.11668263,0.02900422,0.046631057,0.054843724,-0.13653779,0.1107736,-0.16251142,-0.024121841,-0.24421063,0.032039683,0.120415635
0.19027478,0.027683191,0.3136492,-1.7824256,0.037056934,-0.09498797,-0.005112148,0.07087059,0.12418349,0.13043597,-0.36523277,-0.09389,-0.11302024,0.5896008,0.013638992,-0.33574283,-0.19102764,-0.009775079,-0.16047332,0.044797048,0.06193766,-0.25761485,0.114300825,0.049014937,-0.18420757,0.07705459,0.17881952,0.002500882,-0.17637582
-0.15089327,0.05110809,-0.01593863,0.22576198,0.39018312,-0.0782629,-0.011770453,0.118926324,-0.41725227,0.107563615,0.1580913,-0.023652961,-0.23021589,0.6397454,0.08642498,0.3480547,0.058200788,0.0181062,0.29323363,0.05458299,0.02475473,0.03788907,-0.13867743,0.07203433,-0.1931142,0.084111035,0.15986177,-0.028644651,0.10226198
0.07418501,-0.19826968,0.0071986453,0.31665915,-0.38595587,-0.025387697,-0.054823164,-0.4147139,-0.2762061,-0.32971263,-0.39078185,-0.09864598,-0.03292105,-0.9161955,-0.009518719,0.92743325,-0.32740295,0.029100778,0.13371126,0.0153701585,-0.3521654,0.052579645,0.062356822,0.04390262,0.14623429,0.051758256,-0.1347282,-0.008498156,-0.16178037
0.114839934,-0.11839952,0.018160133,0.37423983,-0.0882922,-0.033885073,0.06488307,0.13935564,-0.18699221,0.23938751,-0.41594014,-0.14696856,-0.04026302,-0.9069166,-0.004113359,0.63577753,-0.23810565,0.009347855,0.13424887,0.019390522,0.10039885,-0.22484708,0.20912588,0.043427706,0.06610289,0.10671615,-0.12207723,0.003892149,-0.1216704
-0.10927845,0.06425441,-0.045497674,-2.3762736,-0.7169843,-0.053602453,-0.04786714,-0.4780568,-0.22481127,-0.18627058,0.124488585,0.050837755,0.14533083,0.45275676,-0.05776646,0.21711855,-0.31934437,0.010237241,0.1010682,0.01766093,0.03200274,0.05712176,-0.06477304,0.12194551,-0.092023805,0.094938494,-0.3168664,-0.049937543,0.12077216
0.09331137,0.026864182,0.02973076,-2.0527492,-0.111570835,-0.05505635,-0.0021013375,0.06847196,0.10255972,0.055774916,0.04556837,0.032829195,0.0580867,-1.790053,-0.008252103,-0.29192847,-0.013987751,0.014974148,-0.15310334,-0.097705,0.040750608,0.07028923,0.15353793,-0.4095861,-0.068569735,-0.12906584,-0.078120604,0.009491376,0.098379314
-0.12519036,0.026504448,0.04000962,0.24710384,-0.2244096,-0.063128375,-0.002174497,-0.53773355,0.19667035,0.12178393,0.11201223,-0.047824465,-0.1719071,0.58304703,0.0327654,1.0664929,0.021125898,0.004975768,0.26363096,0.034044806,0.04132364,0.07384652,-0.15490787,0.13233817,-0.011272288,0.10721725,-0.022443138,0.027902367,0.12192567
0.07114294,-0.109719485,0.38068026,-2.1451042,-0.53005004,-0.044533636,-0.015147764,0.10437971,-0.37220097,-0.2330734,0.12864758,-0.10481775,-0.037094563,0.62593687,0.030114558,0.93232864,-0.43679103,0.027044775,0.1891276,0.02083629,-0.186016,0.043080475,0.14675789,0.052933875,0.12546033,0.09472021,-0.19259484,-0.010802986,-0.18302496
-0.11351774,0.026742088,-0.014198994,0.1947688,-0.33243987,-0.16457832,-0.043332145,-0.5706698,0.1373589,0.14876917,0.11274098,0.034143053,0.15703617,0.489976,0.038714137,-0.40519825,-0.006213005,-0.0053063063,-0.35860717,0.04368837,0.04547393,0.036350682,-0.15347126,0.16730912,-0.1762771,-0.008174054,0.013869768,0.0032008663,0.109439984
0.09937903,0.026271746,-0.034226637,0.21693079,0.08642769,-0.066847175,0.022095622,0.13968216,0.09974027,0.05533224,0.07618387,0.029918067,0.052138865,0.6148463,-0.066579305,-0.75173503,-0.08594786,-0.0080728475,-0.40299466,-0.4089072,0.03696089,0.096152484,0.2121269,-0.58980376,-0.10038305,-0.107914075,0.15826039,0.00689613,0.11420617
-0.025655095,-0.105399944,0.12564567,0.28012162,-0.52291936,0.28399423,0.06943625,-0.34186387,0.07731704,0.12915897,-0.49909264,0.03230629,0.0262523,-0.75544405,0.003007749,-0.5443002,-0.19610786,0.008076023,-0.1429155,0.017616782,-0.33264488,0.057901427,0.063192554,0.11396438,-0.05691553,-0.12873162,-0.4744492,0.006835134,-0.18900147
-0.20943075,0.048989926,-0.071726225,0.3121288,-0.09639086,-0.054192193,-0.15266992,-0.38281578,-0.2190431,-0.22921783,-0.25729382,0.09580366,0.15140377,-0.34207144,-0.020813461,-0.2172077,0.34497818,-0.035522196,-0.18125184,0.017322842,0.12659326,0.052713864,-0.18332808,0.09426208,-0.11738634,0.22674675,-0.13128266,0.0112499045,0.110271335
0.093731515,0.028661592,-0.047560442,0.23271105,-0.37574774,0.21583675,-0.0011140434,-0.29147607,0.11889848,0.110833794,-0.48604897,0.046542577,0.06770405,-1.8568115,-0.05011657,-0.55700254,-0.10282707,-0.0075577428,-0.15050782,0.028438369,0.07037652,0.010881985,0.112570755,-0.67572606,0.02643512,-0.08817844,0.013316698,0.006196112,0.10137255
0.12498471,0.03817698,0.11544376,0.14590465,0.06446867,-0.09145611,0.036810283,-0.75681496,-0.29798293,0.08052946,0.064459905,0.06638223,0.12599412,0.57247514,-0.14887002,-0.36999732,-0.17670316,-0.024766665,-0.2373352,0.057103015,0.091647215,0.019237436,0.22360058,-0.59245056,-0.33765343,0.01910699,0.14957465,0.0064411527,0.100383304
-0.048321594,0.0136523815,-0.054736122,-1.8521171,-0.570466,-0.06927117,0.037976526,0.066165194,0.04466223,0.036970317,0.0621326,0.020691019,0.027829167,-1.9246296,0.017997993,-0.68227255,-0.25639912,0.015765283,-0.14849898,-0.09869895,-0.11147932,0.08578073,0.09810256,0.08948749,-0.23785661,-0.17531107,-0.32080472,0.007839817,-0.112302214
0.12802778,0.021443447,-0.01621108,-1.7653141,-0.15812917,-0.07779463,0.0013501775,0.041886337,-0.39872387,-0.061967414,-0.2280647,-0.10790464,-0.09995962,0.5011041,-0.007894409,-0.06993799,0.031082464,-0.024435716,-0.15378459,0.01830185,-0.33066943,0.05761822,0.14979483,0.02039446,-0.13221762,0.12309092,-0.08279043,0.0035020795,-0.18138996
-0.09392949,0.045023613,0.09851262,0.25263005,-0.08504088,-0.09181177,-0.008704233,-0.7822133,0.09637072,0.13004366,0.12236914,0.0012515332,0.079242185,0.59128606,0.03775887,-0.21768713,-0.19231433,0.0090069175,0.15676089,0.031987347,0.051141992,0.051535286,-0.12952027,0.086128354,-0.09321014,-0.11653481,0.15968297,-0.00087244884,0.11182106
0.14170066,0.039637607,0.020394418,0.22378488,-0.21931903,-0.048477933,-0.07509164,0.08496108,0.10605963,0.05929725,0.04460568,0.07028091,0.06534787,-2.026427,0.026112836,-0.6153591,-0.2644174,0.016425518,-0.26618353,-0.17230539,0.06517344,-0.40206233,0.11897378,0.06393857,-0.31915015,-0.13404524,-0.13459162,0.0042334753,-0.119530335
0.07477447,0.019009974,0.0120920595,0.18146008,0.5414203,-0.090698555,-0.2411845,0.16794646,0.14545466,0.022800568,0.08899003,0.063900635,0.07085211,0.69979,0.06533371,-0.39448878,-0.15621912,0.00382455,-0.26112297,0.11617623,0.03815028,0.042399317,-0.07780719,0.07691181,-0.0077790623,-0.12327783,0.21979591,0.0068812794,0.09906131
0.10860672,0.0016199191,0.0064346367,0.18527552,0.7845963,-0.055820286,0.04549875,0.14419682,0.083200715,0.0337429,0.07716868,0.0324066,0.018704904,0.6569716,0.07441127,-0.7135697,-0.09393473,0.0028100787,-0.35874024,-0.2571441,0.037347462,0.09872262,0.1897518,-0.4803738,0.11173928,-0.07427065,0.1855351,0.0058567915,0.1277671
0.085862264,0.04244556,-0.16452198,-1.8665099,-0.08739506,-0.11746832,-0.0650244,0.021782145,-0.47613764,0.011445941,0.05443459,0.05692263,0.07858805,0.5206944,-0.13576949,-0.27349967,-0.096400954,-0.0632806,-0.20441772,0.03364255,0.07044263,0.024794947,-0.18519346,0.06094158,-0.24189568,0.018214019,0.14877853,0.0066020116,0.07492277
-0.08527488,0.04585489,0.0041913935,0.27762473,-0.28440183,-0.079599746,-0.040232573,0.10295087,0.15837319,0.10451905,-0.41283143,0.049319007,0.08898187,-0.78928,-0.10057589,-0.34826443,-0.093478136,-0.015572203,-0.18557128,0.032910097,-0.29525626,0.04370508,0.15298347,0.10975041,-0.10170033,-0.022928547,0.0021990757,0.0060717543,-0.11294691
0.08432237,0.061091222,0.00022971183,0.22757259,-0.3023811,-0.16854377,-0.081843235,0.107469924,-0.31094489,0.110854864,0.08065448,0.07576677,0.15529332,0.517118,0.07110608,-0.41176236,-0.15120569,-0.04589879,-0.420816,0.044347662,0.097565375,0.029029664,-0.22861524,0.12242626,-0.1500096,0.043501697,-0.17340916,0.006939304,0.10543576
0.06904772,0.037410937,0.05666249,0.2565374,-0.28210965,-0.05438097,-0.007207695,-0.66623944,0.23903646,-0.25737688,0.10564778,-0.06521188,-0.10068627,0.54389685,0.020886658,1.0732652,-0.030766904,0.025922785,0.2684583,0.028923279,-0.23319975,0.050914716,0.13821284,0.12425575,0.08239826,0.20185114,-0.039149016,0.032025732,-0.20998289
0.10216624,0.0697825,-0.05655422,0.3920802,-0.13225828,-0.028988436,0.0447221,-0.61002684,0.13179132,-0.20889002,-0.26868987,-0.11220483,-0.14244184,-0.69527864,-0.018445095,0.93409735,-0.2729136,0.018468993,0.14881395,0.01687527,0.038199577,0.041820098,-0.1975133,0.103390664,-0.06451267,0.23821673,-0.12802935,-0.003638887,0.09268074
-0.170555,0.028128842,-0.038738173,0.25965604,-0.39713374,-0.05391595,-0.03964611,0.13072388,0.07668156,0.10666593,-0.73459697,0.06685167,0.12875843,0.53470916,0.09060739,-0.15078405,-0.080485955,0.015337235,0.18346204,0.034693465,0.045965217,0.07281351,-0.13334087,0.14718434,-0.20184298,-0.008880966,-0.26028156,0.0076276856,0.13038446
0.052674036,0.05110948,0.105229385,0.31315276,-0.30999815,0.5188586,0.016588349,-0.5978999,0.14324293,-0.31608433,0.12414747,-0.08510626,-0.20516376,-1.0273143,-0.019847892,-0.27382195,-0.30663037,-0.009446301,-0.17601076,0.028658668,0.055422317,0.07002074,-0.20502807,0.08632414,-0.08316955,0.069535695,0.053856194,0.010482508,0.09551648
-0.057027694,0.0054573,0.0028401425,-2.0722723,-0.19552472,-0.08083332,0.00020597319,-0.3122353,0.17088763,0.15595847,0.08350673,-0.043537684,-0.11446767,-1.0344349,0.003505332,0.0183442,0.068300694,-0.0068327943,-0.1271997,0.017346263,-0.24141146,0.041218046,0.16207589,0.06019902,-0.12728567,0.17568472,0.017839061,-0.00031202548,-0.081886746
-0.14714316,0.015173521,-0.056783892,-2.1584532,-0.42499042,0.44470984,0.023103286,0.034258876,-0.08112699,0.051580355,0.052981567,0.039540373,0.040381834,0.5117269,-0.058506332,-0.54252183,-0.038732078,0.027664596,-0.1731675,0.024085552,0.054104917,-0.4486333,0.18420264,0.08459711,-0.17305665,-0.16333956,-0.10449189,0.0067264736,-0.18378177
-0.029596476,-0.11851916,0.029022202,0.20798595,-0.111559846,0.7760345,0.0071241446,0.10542042,-0.3303257,-0.10661463,0.13201888,0.027500348,-0.17105485,0.5863507,0.12705623,-0.33313,-0.13556209,-0.00040867866,-0.32817432,0.05511988,0.052452885,0.0642888,0.12882297,-0.47396785,0.10613242,0.01666789,0.17842002,0.0066224486,0.13201876
0.068242334,0.044635553,0.014186721,0.27889138,-0.2162494,-0.07736198,-0.15709594,0.11722342,0.11156572,0.07970756,0.06471487,0.032976046,0.063112676,-0.8798242,0.030319626,-0.62228435,-0.02387743,0.022229992,-0.27359954,-0.14372584,-0.29364154,0.083515674,0.15146858,0.0790078,-0.143611,-0.14777076,-0.12697308,0.00613072,-0.14050892
0.11762756,0.049119685,-0.022690803,0.2237144,-0.3155796,-0.054653514,-0.0007747791,-0.622885,0.16598794,0.14030348,-0.6223867,0.04221657,-0.19561234,0.49968883,-0.0059882724,-0.14486459,-0.0545865,0.011319748,0.15042347,0.02360852,0.06843853,0.034788046,-0.21006937,0.109228685,-0.12294233,0.093192495,-0.036566198,0.026199952,0.106911354
-0.13584958,-0.07358045,-0.0019944469,0.19751184,0.5777998,-0.11880626,0.015824242,0.15377204,0.13351531,0.045410603,0.12599958,0.04342446,0.0695099,0.6800997,-0.20397636,-0.8073182,-0.1896036,0.0025044016,-0.270133,0.10382677,0.033686433,0.06926616,-0.024150047,0.108000465,-0.085589856,-0.068943396,0.2175884,0.009016501,0.11528545
0.036121912,-0.07241888,-0.0074544554,0.17077173,-0.1421348,-0.08122006,0.013292776,-0.6272122,-0.30298638,0.066024356,0.069481924,0.059000093,0.10016726,0.590105,-0.2040332,-0.32864022,-0.1827201,-0.0020841758,-0.20792764,0.06804594,0.06676373,0.019277835,0.19470236,-0.6500912,0.20837526,-0.034808233,0.18306175,0.010500175,0.090683445
0.07860706,0.025297087,0.00732937,0.20247288,-0.5278094,-0.036046006,-0.044351466,-0.34706292,-0.2898068,-0.37075078,-0.32203963,-0.18108591,-0.09312996,-1.8435985,-0.12967329,-0.31001762,-0.07304063,-0.018513458,-0.16557309,0.018402532,0.045621794,-0.26676553,0.081000954,0.10599781,-0.19216786,0.13106413,-0.45748267,0.0057373317,-0.1129473
0.1278862,0.034002315,0.027436225,0.2281506,-0.16068745,-0.082867146,0.015555977,0.11760867,0.13871819,0.057628322,0.07874163,0.027618166,0.059852026,0.6059095,0.044547122,-0.82641757,-0.04123016,-0.004642143,-0.39696246,-0.312048,-0.13335766,0.11442512,0.16260578,0.08209607,-0.17377976,-0.09751403,0.14693916,0.007530994,-0.182947
-0.200886,-0.11814017,0.034138493,0.2886725,-0.27386898,-0.0625037,-0.027792558,0.13616669,0.11960088,0.1162884,-0.7936507,0.063314706,0.068192676,0.47934476,0.06469673,-0.028001983,0.19919838,0.018461006,0.17900151,0.03734259,0.05288871,0.063121594,-0.11035921,0.102512024,-0.19758043,-0.0004953104,-0.20990331,0.041551366,0.14095755
-0.25518224,0.048155464,0.10129208,0.19306163,0.15885341,-0.057756923,0.018058583,0.08876023,0.116554216,0.050857704,-0.6713382,0.048875082,0.0960463,0.5968247,-0.15386714,-0.386798,-0.03982449,0.0052275057,-0.21156909,0.09638356,0.042873245,0.035457037,0.11164916,-0.6776721,0.112555504,-0.10402145,0.18387482,0.0094406735,0.11274817
0.101374805,-0.13508667,0.0097798165,0.20581445,-0.12582691,-0.06506925,0.034467395,0.07503577,0.10128931,0.09101022,0.063856624,0.071867526,0.062371712,-1.9045117,-0.0014335688,-0.8781988,-0.08130869,0.0141384965,-0.2801097,-0.17169212,0.0478329,-0.5629895,0.13004716,0.0516473,-0.49571836,-0.19750915,-0.40556136,0.005144256,-0.15757406
-0.117491364,0.019161198,0.00971558,0.20096199,0.7214356,-0.11194665,0.039923854,0.15471207,0.09580164,0.031465735,0.09931472,0.038469765,0.036986113,0.6899673,0.11514391,-0.6701693,-0.23524469,0.00012777094,-0.2958806,0.088658705,0.044539165,0.055603623,0.111137494,-0.6689299,-0.063841805,-0.073545024,0.20386174,0.0062945783,0.1203162
-0.08549807,0.06443988,-0.032582488,0.22522782,0.26777387,-0.0832415,-0.011203644,0.17247684,0.15272796,0.090531774,0.13837494,-0.159096,0.05941355,0.7193458,0.06820968,0.124738745,-0.089787275,0.01132222,0.19852458,0.064675674,0.014592533,0.06022017,-0.11939726,0.10726839,-0.07470814,-0.104774535,0.19954024,0.002180257,0.10364456
0.08416746,-0.25748953,-0.0052205534,0.2420535,0.29804868,-0.076030746,-0.11121514,0.14071429,0.16248615,0.117870696,0.1523367,-0.09435565,-0.11481038,0.7160682,0.051565263,0.070112176,-0.20045872,0.0058845063,0.24325411,0.06066242,0.038699802,0.04206536,-0.21175036,0.062863715,-0.16830313,0.00017286785,0.17974651,-3.849545e-05,0.09040012
-0.17469652,0.045540705,0.037821177,0.19300836,0.26382378,-0.07499274,0.033931866,0.12953602,0.07686768,-0.09284735,-0.54941964,0.08266313,0.13946739,0.58861375,0.1078913,-0.22469345,-0.039913576,0.01219941,-0.22541387,0.09250424,0.042922333,0.072882235,0.11803615,-0.54561657,0.22406702,0.08970321,0.22240266,0.010967677,0.12624699
0.09796543,0.021753486,-0.059865326,-2.023957,-0.65847534,-0.10129174,0.023847232,0.020287089,-0.26317573,0.04184191,0.0677875,0.025706371,0.036243476,0.47542337,-0.044265907,-0.4217457,-0.1328971,0.0046686716,-0.19760375,0.020473562,0.086577795,0.023155281,0.25349745,-0.6883679,-0.21957333,-0.15338604,-0.13543,0.008880969,0.09908406
-0.15696374,0.045694634,0.06853216,0.31458527,-0.20366895,-0.10155871,0.08342834,-0.4488512,-0.2792571,-0.28555462,0.04271014,-0.12947825,-0.049052093,-0.51027507,0.022403533,-0.12402022,-0.35190943,-0.014262956,-0.22283909,0.0156248305,-0.46253133,0.08460647,0.120572485,0.08715402,-0.14492115,0.15610066,-0.09402735,0.010362771,-0.14745644
-0.08328662,0.01339718,-0.003037086,0.2390359,-0.5438573,-0.08339865,0.018009873,0.12450026,0.15505697,0.13672467,0.16369717,0.030598162,0.03362222,0.60950786,0.054190796,-0.033034723,-0.04174596,0.014242256,0.19394572,0.040787555,-0.22099486,0.0652912,0.11800504,0.14673169,-0.16691273,-0.10996028,-0.05986812,0.0060406686,-0.23287176
0.2723367,0.031029591,0.0157563,0.2866831,-0.23110104,-0.04336086,-0.020258076,0.14662859,0.13153411,-0.28305534,-0.47741285,0.2011708,0.10869927,0.5174493,-0.030013511,-0.01657511,-0.22057293,0.011279943,0.16458656,0.025435634,0.07839578,-0.4786943,0.10321582,0.08027338,-0.16665415,0.13685408,-0.17430793,0.019613318,-0.28034517
-0.16070089,-0.15860997,0.059462197,0.17896573,-0.42136705,-0.21421996,-0.015393992,-0.42509574,-0.45485574,0.14531274,0.124558195,0.05373194,-0.20889536,0.45772824,0.052218065,-0.5022498,-0.091276854,-0.013036839,-0.39413303,0.02703226,-0.36506248,0.036719155,0.23110172,0.07299222,-0.23022194,0.10624869,-0.02330006,0.0067344857,-0.24258335
-0.18067268,0.016338201,-0.026130358,0.2617974,-0.36339626,-0.055352394,-0.046172727,0.13574272,0.08835138,0.105288185,-0.7591773,0.0421773,0.12424088,0.5375258,0.074162506,-0.05377015,0.014390193,0.015337235,0.18352988,0.034909606,0.04991316,0.07136156,-0.13994564,0.14639807,-0.2526624,-0.008277629,-0.24540396,0.008879655,0.14494988
0.073114984,0.04082568,0.10910566,0.24324143,-0.47254145,-0.06994461,0.0025894241,0.10246816,0.09626504,0.062792726,0.07897063,0.038120024,0.04946414,-2.027026,0.018203976,-0.68900806,-0.52226514,0.019732527,-0.33529118,-0.14366865,0.04770248,0.0973495,0.122106574,-0.50099367,-0.38258517,-0.1484176,-0.1217124,0.008686592,0.11709509
0.15598635,0.026799956,0.026312586,0.23653294,-0.5175304,-0.18550687,0.043088548,0.13558117,-0.3811197,0.10777612,0.08442958,0.042729706,-0.16151169,0.5167767,0.043613564,-0.3846502,0.0492888,-0.00825109,-0.40818673,0.036283437,0.10006655,0.02982686,0.27459228,-0.59702295,-0.18803021,0.11662646,-0.06392363,0.008352399,0.10737311
-0.16055588,-0.1701851,0.018088676,0.21436642,-0.35789582,-0.079516694,-0.0067325905,0.0757117,0.07013206,0.089501634,0.058154635,0.0677955,0.07119163,-1.7869858,-0.0010555596,-0.68698037,-0.17968178,0.007783048,-0.3055606,-0.17584774,0.041386977,-0.649749,0.085740164,0.040063366,-0.5262201,-0.16950253,-0.13464153,0.0072990363,-0.17934105
-0.103056766,0.015132237,-0.034695853,-2.0229857,0.13151744,-0.05134598,0.0068573877,0.08547615,0.071508415,0.0031508221,0.074846245,0.038741883,0.052430745,0.55368316,-0.08495175,-0.52232254,-0.035133213,0.0007688514,-0.18479417,-0.22245365,0.018890433,0.08373563,0.13757828,-0.510205,-0.26807138,-0.10836622,0.12791565,0.008943009,0.097502224
0.07844003,0.03271557,0.03492807,0.29137346,-0.36042023,-0.04970017,-0.048974216,-0.9533717,0.14016406,0.10286857,0.15281573,-0.065531105,-0.15048775,0.5164727,-0.0141534135,0.8795948,-0.13898155,0.01492472,0.19384728,0.030866064,0.019717162,0.06815146,-0.14738707,0.16746996,-0.10315427,0.12215469,-0.47790504,0.0077366154,0.121142656
0.060114965,0.050758418,-0.00057064946,0.28609726,-0.2777202,-0.088114694,0.05880438,-0.498488,0.11059949,0.11462291,-0.31297854,0.052753482,0.08465084,-0.9317218,-0.011133195,-0.36132187,-0.3205767,-0.026727557,-0.18588014,0.01637661,-0.5145066,0.029769138,0.10797813,0.09711306,-0.085919715,-0.05363268,-0.166551,0.006030735,-0.12551238
-0.119584896,0.029718503,-0.0070219846,-2.242781,-0.44584644,-0.04430292,-0.039361402,-0.2847601,0.12362613,-0.19466029,0.109899476,0.07269715,-0.09856311,-1.5808992,0.012066545,0.2412911,-0.26461416,0.0153874215,0.064693555,0.013724198,-0.13388294,0.04495206,0.0811289,0.10808284,-0.28311047,0.12770982,-0.30859885,-0.04868356,-0.104863346
-0.052608278,0.023837602,0.051562276,0.2424268,-0.5062671,0.6304441,0.02962335,-0.57908046,0.063606925,0.102554865,0.1641074,-0.058852185,0.08011967,0.5905032,0.036119346,-0.2945572,-0.32571274,0.0060053337,-0.23859386,0.029227167,-0.2881515,0.092820585,0.09356733,0.15379725,0.11254127,-0.099332966,-0.15405989,0.0054721297,-0.2334747
-0.10074709,0.0063051786,-0.049875725,-2.0188851,-0.24184272,-0.09003624,-0.028473182,-0.2653138,0.109099,0.07583978,0.09978701,0.030921116,0.06182438,0.53466225,-0.03545544,-0.048607774,-0.015800657,0.003273378,0.09532938,0.015390525,-0.22222784,0.047608923,0.14520434,0.12361884,-0.11676043,-0.09289986,-0.015138469,0.0019994043,-0.20874806
-0.11745112,0.032886434,-0.014866825,0.22916217,-0.36425546,-0.06341343,0.023181982,0.12230894,0.10605007,0.05317836,0.06328659,0.040201724,0.059908528,-1.929785,-0.054777507,-0.63129455,-0.08264521,0.020042604,-0.31152272,-0.13356552,0.034167796,0.11036469,0.1458366,-0.4705325,-0.3719708,-0.1528473,-0.11283897,0.0068394123,0.124521196
-0.23530465,0.037589423,0.002946093,0.1609927,-0.19285129,-0.10529197,-0.01730232,0.07757467,0.06476735,0.11014026,0.0841798,0.043727763,0.07186108,0.51918936,-0.0482325,-1.0085354,-0.17180124,-0.029653037,-0.43951958,-0.41577268,0.04340817,-0.7483855,0.15714362,0.10417506,-0.5448307,-0.11578905,0.166324,0.004049634,-0.2091771
-0.05594812,0.030605603,-0.01914873,0.20486085,-0.5083071,-0.08707085,0.045739423,0.09179036,0.060895678,0.06033105,0.07070571,0.025828792,0.035156377,-2.0857441,-0.024998643,-0.78056854,-0.40837488,0.021347156,-0.31449285,-0.14725561,-0.15666711,0.10167092,0.06811301,0.06945592,-0.43665096,-0.14637236,-0.4204305,0.0046406323,-0.18804085
0.08896642,0.021177841,0.016828507,0.23265213,0.23433849,-0.065644905,-0.019225359,0.14746158,0.22262844,0.08325414,0.108907305,-0.0655197,-0.08065304,0.66044056,0.061943337,0.5034076,-0.04035083,0.004912488,0.22812897,0.07394927,0.01992278,0.05390753,-0.13719906,0.09875648,-0.069762714,0.055534773,0.18944164,-0.0039422936,0.09176798
0.12967812,0.03378864,-0.043321278,0.19117995,-0.24426791,-0.08184155,0.012150535,0.12500152,0.10628068,0.05756681,0.06878237,0.032971725,0.058565345,0.5949204,-0.08830182,-0.5949821,-0.20224707,-0.008940267,-0.41543216,-0.31906712,0.041981895,0.08436064,0.2035909,-0.67049485,-0.35042855,-0.12522474,0.14260548,0.0073612668,0.11532157
-0.24900027,-0.0029697577,-0.024277993,0.2812814,-0.105836086,-0.046590704,-0.01188426,0.15351968,0.19867267,-0.35724646,0.111998536,0.16544189,-0.1245424,-1.9346495,-0.017342933,-0.17556998,-0.19509426,0.028225493,0.13143466,0.023885136,0.02972651,-0.4939479,0.035113133,0.10418091,-0.20409119,0.1657684,-0.43007326,0.01515846,-0.15689065
0.013504452,0.02253919,0.046560623,0.23981073,-0.22653067,0.56508034,0.02228672,-0.57363194,0.0944591,0.07835781,0.14908198,-0.07714493,0.040626854,0.56082046,-0.037381146,-0.36112577,-0.16060442,-0.0048104455,-0.19583325,0.026071656,-0.3294819,0.07018683,0.11966224,0.18874595,-0.06237917,-0.16353104,-0.5385247,0.0059585343,-0.20902346
-0.18956406,0.019081784,-0.05972281,0.1655996,0.29085052,0.28151885,0.027004458,-0.541274,0.0693044,-0.19927657,-0.7267592,0.03323871,0.08813577,0.54762197,-0.30326205,-0.4162425,-0.08628088,-0.0030529692,-0.16518146,0.06761633,0.04621644,0.060672745,0.113995396,-0.61543304,0.19762361,-0.014842915,0.21290722,0.008101363,0.123810105
0.038133264,0.06888208,-0.06350594,-2.7671473,-0.19721916,-0.03736322,-0.037206024,-0.2816142,-0.206311,-0.13960713,0.09998835,-0.055053215,-0.05198748,-1.3875413,0.04553587,0.79321915,-0.117887706,0.01792077,0.08402544,0.012892634,-0.119391635,0.0752523,0.07205286,0.101475716,0.32347885,0.1427901,-0.2901454,-0.001065029,-0.07728882
0.06485164,0.03309972,0.002998909,0.21995693,0.7171168,-0.07611341,0.012425341,0.12659341,0.12994616,0.046748467,0.13818383,0.048127178,0.091999285,0.7521362,0.05491837,-0.12456178,0.11316542,0.0072917016,0.19930014,0.062804244,0.018213363,0.051121976,-0.10503461,0.08688034,0.26978853,-0.06440579,0.2167592,0.0066595394,0.10330758
-0.09774553,0.013989073,-0.12551664,-1.8452349,-0.05079302,-0.07439318,0.005952716,0.04866125,0.0750157,0.003174698,0.06854781,0.03678305,0.07343948,0.48554376,-0.13916785,-0.67446125,-0.060905866,-0.00011385186,-0.20010926,-0.28246495,0.016934218,0.07771154,-0.06725352,0.12652802,-0.32541603,-0.118851215,0.0075895395,0.011114054,0.082331195
-0.16167654,0.027521493,-0.049654514,0.20779221,-0.0681402,-0.07113821,-0.035740864,-0.9526703,0.10246301,-0.32296804,0.11186772,0.03236795,0.135316,0.5710892,-0.09265519,-0.05720547,-0.028901448,0.016150184,0.1739184,0.019016307,-0.1845697,0.07765634,0.14791612,0.08022895,-0.2230325,-0.021739695,0.23193234,4.4970253e-05,-0.23277922
0.09999687,-0.13347079,0.016413324,0.26667812,-0.012350522,-0.057637934,0.00086855376,0.07795139,0.18596525,0.11885302,0.17029713,-0.06061014,-0.20120466,0.61332977,0.021911195,0.38635948,-0.13557753,0.010808738,0.22968431,0.059180837,0.037326984,0.046740144,-0.20477124,0.05962977,-0.20150709,0.08409196,-0.055320077,-0.07416257,0.11453011
0.08563118,0.043102887,0.03573204,0.2589448,-0.12724383,-0.07627217,0.05014529,0.09781516,0.13818476,0.046257447,0.05719838,0.045310322,0.0685017,-2.0335765,0.016243936,-0.81315446,-0.06903006,0.023723124,-0.27937177,-0.12734623,-0.19183388,0.1094702,0.12569155,0.061999522,-0.19156615,-0.13709557,-0.10244005,0.007029607,-0.11800411
-0.045609906,0.037722815,0.035047363,0.29408887,0.43647113,-0.06777957,-0.15705803,0.12370958,0.105442934,0.09159566,0.08203924,0.02150746,0.08144726,-0.66976094,0.032345627,-0.35654828,-0.18744083,0.018370165,-0.2755305,-0.15193084,-0.23570026,0.10163461,0.13448665,0.14148821,-0.16109246,-0.15278679,-0.44297853,0.00630049,-0.15029125
0.14035676,0.013010406,0.11286999,-1.2802085,0.36121908,-0.10108535,0.007197265,-0.46289667,0.14765565,0.08392781,-0.26154542,0.052888155,-0.19270203,0.63864166,0.055185493,-0.30308178,-0.11449324,-0.06626449,-0.1383846,0.039812617,-0.19017246,0.027745068,0.074267335,0.05762009,-0.012019707,0.025254548,0.18308093,0.0060795066,-0.16044514
0.12536223,0.03389392,0.016732534,0.3016815,0.13092953,-0.05680162,-0.019914273,0.105334684,0.15627247,0.10689702,0.1491058,-0.032353137,-0.17699249,0.6254436,0.036925677,0.55080014,0.09952237,0.0064368686,0.26702446,0.058634445,0.028908039,0.04533879,-0.20822893,0.055021677,-0.10965155,0.0917955,0.27288407,-0.049123753,0.09934503
-0.03836193,0.004163499,-0.0046903226,0.17345257,0.7925777,-0.047405906,0.046796847,0.1766294,0.09785921,0.04761925,0.10792459,0.02414868,0.022746405,0.64140266,-0.15296498,-0.50791466,-0.11658845,0.01236333,-0.3573825,-0.23592077,0.032990295,0.10176666,0.1913644,-0.39791527,0.23545454,-0.057936043,0.19311422,0.0073695867,0.12834415
-0.034657083,-0.30218813,0.03759106,0.2887417,-1.1917667,-0.030054307,-0.011153399,0.22682458,-0.27333185,-0.16815625,-0.46952084,-0.061238445,-0.039285053,-1.81459,-0.020037701,0.5548561,-0.087185025,0.016364602,0.09685131,0.020576434,-0.0863892,0.048842635,0.05332285,0.077650994,0.2702028,0.12390617,-0.322125,-0.0073329373,-0.10148595
0.092415646,0.03722637,-0.012169751,0.21443164,-0.22826914,-0.07174451,0.0048604785,0.08276955,0.115945116,0.043894246,0.059636906,0.053546626,0.05343799,-2.0473297,-0.0007984986,-0.9632024,-0.45299745,-1.660036e-05,-0.2260058,-0.25809538,0.039527535,0.07558846,0.10097485,-0.59647965,-0.32361153,-0.1421272,-0.036274455,0.0069148554,0.111860625
-0.15309912,0.08507294,0.07691369,0.26448506,0.140331,-0.045572862,-0.022876484,0.11327315,0.23022774,-0.13465627,-0.55927706,-0.06928404,-0.14199641,0.5004502,0.07961885,1.1577997,0.095481195,0.011760399,0.24249852,0.052376095,0.045355394,0.06538915,-0.122818604,0.07734556,0.022343844,0.19908075,-0.07285164,-0.014283421,0.13648225
0.13140485,-0.08652595,-0.0036501763,0.22165315,0.23055777,-0.06000754,0.013922758,0.08295999,0.11104901,-0.23384462,0.15750518,-0.023116339,-0.10534681,0.64232016,-0.16131014,0.94155616,0.10428152,0.0068006827,0.27463612,0.057432063,0.04630927,0.04772422,-0.15667544,0.06511797,-0.042741023,0.115496784,0.36509815,0.0074645546,0.1103917
0.14161979,-0.028240442,0.008620791,0.22242318,0.028878354,-0.062524095,-0.03543316,0.13031045,-0.2107474,0.17589203,0.10682068,0.11626775,0.09067925,0.6282725,0.05365671,-0.01550858,0.0834929,0.010463082,0.20008585,0.04934937,0.10046926,-0.2221001,0.17720766,0.07922153,-0.11078831,-0.12427924,-0.039312538,0.008544736,-0.22140925
-0.22537,0.029495329,-0.01107178,0.23950939,-0.30943838,-0.048052315,-0.042780545,0.1260506,0.19819273,0.12081521,-0.79884976,-0.06306052,-0.082219765,0.53314346,-0.16553478,0.7122622,-0.20258346,0.022181893,0.2372886,0.028916026,-0.15959898,0.07486491,0.14543077,0.097366326,-0.15078154,0.06393121,-0.27552882,0.008463742,-0.26766267
0.0878807,0.016824968,0.01093896,0.1512374,0.06256391,-0.06848534,0.027860405,0.13983154,0.116824955,0.050930157,0.06049123,0.021489764,0.020946803,0.61278784,-0.080321416,-1.2328066,-0.046106666,0.006512816,-0.42626718,-0.40773118,-0.04592108,0.08750246,0.18187499,0.11909649,-0.18254836,-0.0516743,0.15267019,0.0060021146,-0.14348423
-0.07569567,0.102504276,-0.014308614,0.3641941,-0.3293272,-0.04527896,-0.053181916,0.17018922,-0.4282132,-0.17760496,0.2007878,-0.051499978,-0.06131655,-1.7775067,0.01756652,1.2667783,0.0073599485,0.026708903,0.1768122,0.02329032,-0.10289518,0.07372137,0.06651308,0.11471101,-8.0129365e-05,0.11347819,-0.29935557,-0.0006508968,-0.148297
0.10937151,0.017232437,-0.059675533,-2.0282426,0.28518176,0.33250618,0.0029254253,0.0942063,0.077051364,0.018334322,-0.3847949,0.039758362,0.041500375,0.5957201,0.06376922,-0.3767099,-0.14836073,0.0027355016,-0.12256516,0.051991206,0.021115504,0.03804974,0.10800126,-0.5692323,-0.07368542,-0.13339241,0.17656653,0.008472937,0.10189598
0.107761376,0.055343576,-0.028646016,0.22779948,0.03907162,-0.055042557,-0.01864925,0.11072168,-0.3708909,-0.21298252,0.1274107,-0.062049285,-0.2512007,0.60075957,0.046708662,0.843549,0.061495416,0.022866914,0.30822498,0.04937299,0.045562554,0.051262293,-0.14929411,0.06650877,-0.012722982,0.0930807,-0.09943423,0.010148009,0.13790007
0.10597862,0.042239442,0.0604,0.28841043,-0.36369497,-0.058036588,0.034339212,-0.444663,-0.14130284,-0.17480515,-0.25405306,0.076204255,0.19389986,-0.4150174,-0.03710494,-0.19998501,0.028410742,-0.010279488,-0.17240863,0.01815957,0.12477773,0.036524445,0.20993549,-0.5699774,-0.06405331,0.37112847,-0.035096426,0.008700324,0.107995905
0.0024523118,0.014924754,0.006602333,-1.9746516,-0.5224216,0.5560556,0.017115097,-0.27643535,-0.15047899,0.034075037,0.1011051,0.05987548,0.038549893,0.547802,0.03854903,-0.3990604,-0.17937462,0.0067915334,-0.1255558,0.016545512,-0.3903403,0.05446127,0.16052848,0.111576945,0.07895911,-0.08272024,-0.09442352,0.0056870966,-0.17799807
-0.13034497,0.025072722,-0.010686515,0.16133927,-0.18603893,-0.105106324,0.012170656,0.11271462,0.11564709,0.058379207,0.095076576,0.032095052,0.076957546,0.5371116,-0.11476322,-0.8196576,-0.06591265,-0.032099646,-0.41561225,-0.5055253,0.029617328,0.104964554,-0.14295036,0.1117094,-0.25238472,-0.092105016,0.14731541,0.008043653,0.09785373
-0.15605818,-0.2551671,-0.058267653,0.30179003,0.10033943,-0.09225336,0.042739578,0.08248131,0.12896366,-0.32179913,-0.39526683,0.04858222,-0.20436013,-0.4518286,-0.04417114,-0.32522732,-0.20616798,-0.011789423,-0.19941662,0.020967346,-0.328478,0.068348624,0.15073857,0.09462803,-0.23023371,0.13791911,-0.47464058,0.031505726,-0.15156928
-0.13433471,0.025949601,0.018212905,0.2082605,0.113649085,0.43093514,0.009707082,0.11597049,0.10787898,0.048066802,-0.62289023,0.042035736,0.067447655,0.60576403,0.17720011,-0.5131509,-0.039617173,0.014127859,-0.17942323,0.11213392,0.03350355,0.066447824,-0.033132084,0.11915513,0.008293252,-0.12196121,0.21020176,0.0071675144,0.11524736
-0.13229054,0.040631883,-0.021466156,0.26629618,-0.31873873,-0.07212944,-0.03168898,0.1443563,-0.31915256,0.08216366,0.16401665,0.08160232,0.17187957,0.6163762,0.07930169,0.06562598,-0.035262734,0.023115024,0.2819013,0.038888257,0.049386423,0.050548084,-0.11929263,0.123519205,-0.20639282,0.033370703,-0.04898546,0.0152504975,0.12677576
-0.2999859,0.03254812,-0.017733257,0.20160666,-0.29461777,-0.094289124,0.010601431,0.11931119,0.13352089,0.08854482,-0.4984299,0.02558528,0.07168071,0.45146152,-0.13715415,-0.26898083,0.09759763,-0.0032886297,-0.24921425,0.04778194,0.052527808,0.02681032,0.17232762,-0.721736,-0.16144252,-0.16972066,-0.05970067,0.0074708643,0.11514386
-0.12616438,0.028603269,-0.015403302,0.14563079,0.34753424,-0.09761692,0.023898259,-0.78801435,0.09295644,-0.14763169,0.11153904,0.034766518,0.1211207,0.58212346,0.11115663,-0.3267376,-0.011153091,0.004591772,-0.18936962,0.06928012,0.052467406,0.062159844,0.13677697,-0.5728222,-0.14229275,-0.0060749305,0.20604236,0.0066377614,0.13119544
0.07198749,0.045961007,-0.07548179,-2.995378,-0.40217942,-0.07759686,0.009243225,0.06935706,-0.24730645,0.059215978,0.09633796,-0.108712316,0.04751548,0.4839012,0.014283951,-0.04698407,0.03664467,0.0170172,0.1467525,0.02099107,0.064278245,0.051199384,-0.10822015,0.055312667,-0.21742308,-0.008740587,-0.15521789,0.012307208,0.09721302
-0.24210756,0.04275822,0.01835776,0.22778505,-0.20195548,-0.06059604,-0.10460679,0.11879795,0.1000225,0.10095855,-0.26495242,0.11629326,0.09611711,-1.9294908,0.023609541,-0.3690887,-0.14251304,-0.003677747,-0.18555059,0.02563326,0.06916023,-0.34156635,0.092947684,0.08333232,-0.15943354,0.053440567,-0.20305316,0.006930722,-0.11841803
0.08781892,0.0391569,0.015891936,0.29958594,-0.07660617,-0.037916776,-0.032787833,0.14651948,-0.2683296,0.21534492,-0.6308276,-0.12963262,-0.055925984,0.5153384,-0.009935606,0.8209158,-0.13188016,0.009073034,0.24052995,0.026159197,0.06511966,-0.21334027,0.16453424,0.14446391,0.19462994,0.1922137,-0.4027768,0.008783834,-0.18993637
-0.091479175,0.044892333,0.0016665483,0.20863792,0.73975015,-0.06819477,0.0045585535,0.12708001,0.14986426,0.04518501,0.15449974,0.01701076,0.05389897,0.76103795,0.065868124,-0.11779149,-0.12573025,0.0064637903,0.17582358,0.0520625,0.027704723,0.060325608,0.13118352,-0.6022007,0.1134737,-0.07351168,0.25954,0.0068479436,0.11761055
-0.16265157,0.060282905,0.111940205,0.22616223,-0.18864685,0.28395787,0.043520287,-0.35587347,0.16577896,-0.2006676,-0.46055532,-0.11134504,-0.09546127,-1.666268,0.08329392,-0.36224377,-0.29390138,-0.018218588,-0.13975434,0.015055065,-0.18409428,0.07855334,0.017911162,0.1345457,-0.22983608,0.05736417,-0.4438792,0.01022101,-0.09424862
-0.11525075,0.004871134,-0.0068745227,0.23943156,0.11203551,-0.068033345,0.0060917945,-0.6941114,0.13531785,0.18788043,0.14579962,-0.08517539,0.042373363,0.61389375,0.042157408,0.23341833,0.08846721,0.016809257,0.21480693,0.039715618,-0.19466743,0.07356261,0.14769776,0.08922418,-0.111882016,0.08224469,-0.02524844,-0.00060168863,-0.23368254
0.07906486,0.059837293,-0.19776797,-2.325418,0.29811925,-0.05519593,0.034514498,0.05189642,0.123970255,0.14117078,0.13584071,-0.04537284,-0.09883308,0.58357286,0.04061194,0.767485,0.033586256,3.8686478e-05,0.14192298,0.039102763,0.030232338,0.05131987,-0.10787467,0.044065405,-0.1503036,0.08649149,-0.000389472,-0.0135483015,0.09876165
-0.068404466,-0.4012111,0.005995338,0.34135148,-0.27921045,-0.032179687,0.023288853,-0.46709302,-0.27694032,-0.29032603,0.13633527,-0.06953281,-0.07281119,-1.2192347,0.077007174,1.0108262,-0.096875496,0.012377475,0.11092292,0.017084124,-0.013593198,-0.3075997,0.07368832,0.08975642,0.25120032,0.1394485,-0.35319877,0.010371193,-0.14859827
0.069108054,0.013661732,-0.03464001,-2.0877225,0.065403305,-0.050605386,0.027684825,0.07126568,0.095547624,0.0536598,0.054791227,0.03552791,0.055981234,-1.8834985,0.081078276,-0.29270777,0.0058127185,0.013740619,-0.1406572,-0.10081384,0.0391724,0.07594308,0.12910321,-0.51791203,-0.06895082,-0.17370714,-0.5059185,0.009235977,0.10825673
-0.16687559,0.02013731,-0.0075936476,0.18385781,-0.3470067,-0.103206955,0.014731877,0.123549536,0.10185961,0.058587156,0.09337083,0.03379197,0.051294066,0.5453865,-0.06862746,-0.91176903,-0.13638759,-0.010786499,-0.43929166,-0.3172425,0.03641216,0.0935884,0.1788315,-0.76071054,-0.23851037,-0.117860876,0.15843728,0.007834723,0.118769296
-0.10741853,0.04262432,0.005040057,0.25885838,-0.34169394,-0.10299626,0.023102941,0.10269838,0.097098604,0.040909216,0.06303563,0.06439975,0.08381617,-1.7210435,-0.077317245,-0.88538194,-0.25871614,0.019285636,-0.3354839,-0.1734987,0.028189445,0.120525986,-0.030643577,0.09483935,-0.3794778,-0.1330821,-0.14514382,0.008876354,0.10750786
-0.14092705,0.005286365,0.028673915,-1.7604856,-0.059305377,-0.045733184,0.0010233424,0.10680313,0.07809584,0.01979976,0.06651998,0.031496838,0.044021506,0.54386497,-0.0860789,-0.7091591,-0.11245585,0.00715598,-0.21046475,-0.2664412,0.008074154,0.072254315,0.10781631,-0.56524646,-0.27775267,-0.09465844,0.14139298,0.0075125787,0.10384155
0.16170035,0.017107956,0.018261105,0.3159244,-0.33096913,-0.039637323,-0.0741409,-0.40971893,0.12256735,-0.5320269,-0.28066635,-0.19809677,-0.11814347,-0.5786651,-0.07238163,-0.14155419,0.15529454,-0.0036346517,-0.19655378,0.020456064,0.09629238,-0.38899198,0.097784676,0.06372241,-0.093505494,0.22314568,-0.106981516,0.011724866,-0.14363985
-0.16726512,0.017950632,-0.03994068,0.30162245,-0.3176336,-0.07162046,-0.055477962,0.1398361,0.13232435,0.12670241,0.17522664,-0.11997253,0.06297462,0.57318825,-0.16959608,0.035811026,0.14235647,0.015764963,0.26660255,0.039250553,0.04864896,0.07671524,-0.13585757,0.09474714,-0.22952287,-0.0025352603,-0.20506725,0.009390699,0.1430622
-0.14801212,0.007126031,0.24039742,-1.9846158,-0.46511975,-0.060489163,0.027709154,0.082979426,0.036025792,-0.30264252,0.09304175,0.08899697,0.05109936,0.5744067,0.028133266,-0.12743817,-0.027684769,0.00072464393,0.11397342,0.023812104,0.030015144,-0.42896238,0.09183869,0.105108954,-0.1507274,0.0011595584,0.0063773207,0.006986559,-0.23088232
0.061159786,0.025828186,-0.03834173,-2.7651248,-0.22058715,-0.061219588,0.051089607,0.06648428,0.08565619,0.12549917,0.11629498,-0.086093955,0.027226035,-1.005154,-0.042501453,-0.06688602,-0.33406126,0.008049122,0.0789929,0.01592116,-0.17259473,0.04145357,0.13278243,0.101980165,-0.26269117,-0.03560537,-0.36607793,0.015378757,-0.093290575
-0.20075516,0.043802585,0.018577939,0.20368594,-0.7424456,-0.16456644,0.028553339,0.12584299,0.08207194,0.116643876,0.0906713,-0.06029006,0.048850756,0.4679091,-0.12238468,-0.2787556,-0.14710103,-0.0037196595,-0.41882634,0.035244755,0.062879115,0.072173305,0.16657433,-0.86329263,-0.11875024,-0.1553426,-0.1942827,0.0075998316,0.1330524
0.15270889,-0.1068261,0.016380882,0.21491478,0.30867407,-0.04767068,-0.009432645,0.08322271,0.115475215,0.17384103,-0.5900181,-0.0767387,-0.07029844,0.65416956,0.020903718,1.1088564,0.16454035,0.0054052966,0.2525567,0.05201719,0.053218454,-0.20317739,0.21662645,0.04135688,0.13115455,0.12806639,0.36871108,0.002815661,-0.16703591
0.09983623,0.021904355,-0.0040486404,0.27856728,0.060047153,-0.06391582,-0.013219873,0.1534179,0.18244876,0.120835714,0.13224223,0.052135214,-0.13763118,0.66658086,0.045839194,0.31828278,0.08383527,0.0059971614,0.2415458,0.060136802,0.03278252,0.03752073,-0.19373627,0.05849158,-0.09125408,0.041090295,0.24278474,0.029536743,0.0951987
-0.14521626,0.019448932,-0.020375624,0.19510074,-0.0060696914,-0.073295936,-0.17563647,0.13870719,0.086412884,0.055444155,0.1135076,0.031918794,0.04603941,0.5598842,-0.09931701,-0.7794369,-0.13282274,-0.009770088,-0.3726798,-0.4764604,0.028857296,0.07688841,0.1650229,-0.6933697,-0.31705955,-0.071184434,0.16527446,0.0076551693,0.10812844
0.13461885,0.022870367,-0.08645349,0.23703098,0.013103236,-0.0503984,-0.0326491,-0.7420512,-0.25899217,-0.25551713,0.13609922,0.060130328,0.17825678,0.4858373,0.007356717,0.055759575,-0.2935222,0.018777978,0.19553134,0.022680696,0.05325648,0.05096948,-0.14304897,0.17110011,-0.12502389,0.13342777,-0.45510665,-0.05839487,0.13320936
0.05126136,0.035426777,-0.00096932054,0.22352575,0.023782501,0.580528,0.013161544,0.11013289,-0.511664,0.08715943,0.12654047,-0.098251686,-0.1553337,0.6489745,-0.19514634,-0.23494081,-0.07387625,-0.029802362,-0.21819398,0.12212166,0.036077812,0.054350637,-0.14619218,0.094963595,0.042870127,-0.054657236,0.115169734,0.009194581,0.08198385
-0.056407914,0.12618557,-0.0056627933,0.34851688,-0.016626978,-0.0230762,0.013291592,-0.3287126,-0.24580868,-0.22532658,-0.23008469,-0.06400372,-0.07088035,-1.5259719,0.1892176,0.8502844,-0.09426745,0.023162585,0.0705437,0.015771184,-0.0112037575,-0.2607918,0.07201113,0.12859546,0.17954835,0.09883548,-0.34559938,0.009560897,-0.08392576
0.075294375,0.046373144,-0.007055339,0.20709468,-0.06804663,-0.12753266,0.008827353,-0.6155551,0.14784001,0.11052472,0.08819965,0.04390329,0.13835672,0.5176269,0.022127505,-0.4363888,-0.112548634,-0.012281471,-0.26075,0.04505709,0.070866786,0.011157482,-0.17230226,0.13314953,-0.11554236,-0.1262821,-0.015094713,0.0053332658,0.100546785
0.10342537,0.064116806,-0.034733616,0.22481185,-0.08460815,-0.1809771,-0.00029099872,0.17360686,0.19775672,-0.26804623,0.08336203,0.03630715,-0.30627164,0.5354006,0.03740961,-0.4408348,-0.117390074,-0.010234356,-0.32514328,0.06419589,0.05061143,0.052377835,-0.20616187,0.072119445,-0.26425883,0.020109143,-0.010929066,0.011262342,0.12074941
-0.1114937,0.080947354,0.022305775,0.35187012,-0.33266547,-0.028426874,0.048189837,-0.39600703,-0.35744843,0.27734604,-0.35222098,-0.081862815,-0.025871914,-1.5285318,-0.060222946,1.0550648,0.07836861,0.020345269,0.11222656,0.016269831,0.021925213,-0.14813854,0.14658709,0.11969385,0.077251695,0.12973456,-0.3854251,0.016410187,-0.089507215
-0.12219355,0.011821774,-0.11214602,-1.8737329,0.1334592,-0.059020806,0.012432983,0.043342687,0.06696828,0.070959836,0.057097327,0.048451245,0.065091684,-1.764199,0.040341724,-0.5297259,0.019287435,0.0015744165,-0.15006886,-0.1116952,0.033352766,-0.54456747,0.11563905,0.07811359,-0.33264437,-0.21296753,-0.34765851,0.0076832175,-0.10426317
0.11741156,0.03502834,-0.023593452,0.23981911,0.4472886,-0.060706,-0.01208221,0.12582284,0.1226506,-0.20729831,0.14676128,-0.033336114,-0.0774893,0.69226265,0.080761455,0.9345548,0.0708289,0.008207027,0.25244,0.07138446,0.034198433,0.059425913,-0.10753138,0.07871571,-0.059228096,0.1317011,0.37490582,0.012455277,0.11266114
0.09395042,0.010981922,0.013111642,0.19091833,0.6865285,-0.079038925,-0.23939957,0.19221456,0.12809901,0.02719053,0.08566839,0.04929789,0.039514817,0.70780677,0.06351845,-0.4043993,-0.14260922,0.0067885905,-0.28670502,0.097061045,0.04823309,0.041956373,0.12000833,-0.568536,-0.01838122,-0.08584101,0.2023527,0.0067071333,0.11228267
0.11948776,0.027650762,-0.074685104,-2.0384164,-0.472026,-0.11338629,0.017349841,0.005262396,-0.33606392,0.016637018,-0.3114558,0.054292127,0.15493803,0.4710918,-0.06885213,-0.16739179,-0.0755064,-0.044701435,-0.16325487,0.019999828,0.070510216,0.016401717,-0.24264054,0.072421916,-0.19678855,0.027847543,-3.1312287e-05,0.008559298,0.07909052
-0.09251605,0.01013845,-0.00026819477,-1.2654116,1.0315781,-0.060873218,0.02439796,0.08958514,0.09886765,0.01964885,0.06730995,0.031198975,0.025340177,0.6928887,0.019447066,-0.61180127,0.25110394,0.01072754,-0.20065084,-0.2053863,0.01060169,0.09056767,0.12269784,0.027082186,0.22819623,-0.063173816,0.16866809,0.008153622,-0.13733348
0.044048034,0.03164522,0.012615487,0.23755872,-0.6171006,-0.09570568,-0.09934087,0.090158865,0.07381414,0.054512344,0.077283606,0.03739097,0.037327547,-2.0439124,-0.010259071,-0.9121061,-0.60743153,0.025168294,-0.24681143,-0.15327285,-0.24861412,0.047260437,0.05146147,0.11324027,-0.2843953,-0.1747657,-0.427388,0.0071221874,-0.14042777
0.22687197,0.018705536,-0.0014517716,0.26826766,-0.18628778,-0.06923432,0.026830025,0.09578505,-0.23049857,0.15300725,0.11215946,0.09675546,0.07815257,0.5761454,-0.13345745,0.01087417,0.26515558,0.0030138597,0.17146888,0.02926038,0.10834076,-0.25033936,0.1454129,0.107179955,-0.116450846,-0.12211272,-0.12874384,-0.0010249574,-0.23611057
0.055534013,-0.07485893,0.023306089,0.21230675,-0.988371,-0.07637533,-0.12031698,0.091093004,0.07150783,0.057389047,0.094599776,0.029415907,0.04414513,-2.0367434,0.01360901,-0.71099836,-0.55187833,0.026350984,-0.21393196,-0.14468251,-0.22989483,0.059186235,0.06549638,0.09041584,-0.31621817,-0.1544635,-0.42530134,0.008701854,-0.14885595
-0.11725605,-0.085241534,0.0017296103,0.28344002,-0.2708839,-0.07097358,-0.021807197,0.15914345,0.15246136,0.13039541,0.20353301,-0.048585035,-0.12291102,0.5563384,0.06202972,0.5131294,0.23516166,0.014434192,0.28511405,0.042900406,0.043828413,0.056914378,-0.1393143,0.057123747,-0.24149202,0.061865583,-0.23928395,-0.07001228,0.14866191
-0.16328433,0.04512943,-0.01567542,-1.6631048,-0.21998806,-0.121723466,-0.0023446963,0.0523706,-0.37524614,0.00019267044,-0.28016165,0.071198665,0.121002525,0.45583713,-0.073640555,-0.24683098,-0.12651435,-0.021376576,-0.14315706,0.018594285,-0.32713488,0.056591906,0.10898479,0.04619422,-0.26428723,0.07799588,-0.05275812,0.0123824,-0.18560573
0.07045227,0.012956964,0.33639473,-2.3736508,0.034790814,-0.060588714,-0.015259164,0.10253023,0.09600828,0.08485923,0.110441424,-0.09652716,0.095464945,0.643161,0.05043367,-0.015308088,-0.13384989,0.011634177,0.18304074,0.049105167,0.024758121,0.054423373,-0.12494641,0.05436816,-0.16583557,-0.029973125,0.20919742,0.0025089784,0.084604144
-0.08208896,-0.03251625,0.016886331,-1.9073725,0.60722965,0.29800522,0.032208767,0.08866907,0.086916745,0.021951847,0.08371563,0.03651534,0.06516233,0.6563661,0.11253316,-0.7937434,-0.022548009,-0.015348061,-0.15198657,0.053006947,0.0130732395,0.07918116,0.045700207,0.16853076,-0.16209261,-0.09541815,0.20407364,0.0071847667,0.086238764
0.09225923,0.021178938,0.018858327,-1.8691827,-0.8210099,0.32917133,0.033151865,0.055358704,-0.26173753,0.11867116,-0.3516935,-0.14052331,-0.03947741,-1.7439737,0.037942104,-0.15658699,-0.34308988,0.009593978,-0.063567504,0.016450623,0.050004926,-0.2555681,0.07697778,0.058210146,-0.033937685,0.11382944,-0.3701809,0.0058193174,-0.08911799
-0.07360411,-0.0702525,0.06941331,0.28217456,0.26085147,-0.08269056,0.045115605,0.15220739,0.115503415,0.09801099,0.13549568,0.061164804,0.068652935,0.6991173,0.0719928,0.04097382,-0.14296244,0.009118871,0.20311832,0.06484691,0.042384792,0.047365908,-0.13998808,0.07443452,-0.095487125,-0.12198065,0.19363365,0.015772378,0.10944186
-0.08427859,0.034537118,-0.022214368,0.24937333,-0.27086216,-0.069239505,-0.041699674,0.16246451,-0.29149255,0.16062175,0.17291413,-0.06565902,-0.18518448,0.58558136,0.06102674,0.8923815,0.12655763,0.02633715,0.32321778,0.040467292,0.058094736,0.024926526,-0.15054917,0.08032562,0.15136787,0.08687579,-0.10552073,0.0033930396,0.10318525
-0.14906636,0.057010703,0.05517175,0.225348,0.010457865,-0.06515435,-0.008282218,-0.33389947,-0.2013535,-0.30118817,0.051598076,-0.14792992,-0.11014877,-1.7760177,0.16658446,-0.3728265,0.021296034,-0.0096411975,-0.1583042,0.017486582,0.034209915,-0.40235355,0.084246,0.12517959,-0.23271218,0.08155502,-0.36472508,0.005402599,-0.109683454
-0.22563694,0.020095244,0.0076683587,0.20103285,0.23333365,-0.04388258,-0.05594687,0.09372639,0.21864025,0.08717925,-0.76557714,-0.048331615,-0.06991594,0.53442866,0.0730195,0.90498835,0.19556832,0.0115650445,0.21682052,0.04675661,0.037701163,0.07080077,0.18296784,-0.6755735,-0.021020634,0.15274134,-0.10414517,-0.0011979616,0.12849696
-0.08447768,-0.16594796,-0.058001526,0.23729837,0.04322414,-0.085635245,0.010521885,0.14452758,0.16025102,0.07579567,0.12448658,0.024597298,0.062268518,0.6935677,-0.10580872,-0.3154388,-0.10786001,-0.007702318,0.17411777,0.061311964,0.01871467,0.040250245,-0.13644537,0.10175229,-0.17717576,-0.08974553,0.17751795,0.012238956,0.09780068
-0.071875855,-0.61317253,0.017688313,0.32707217,-0.16939127,-0.028616771,0.0049540717,-0.50678223,0.280205,-0.20093536,-0.37856793,-0.06285401,-0.07508573,-1.040528,-0.041822173,1.0732845,-0.13638158,0.01551767,0.114416935,0.01779704,0.04417339,0.03158468,-0.11164875,0.08380261,0.050398882,0.16681549,-0.3685269,-0.00013183747,0.02438192
-0.07109527,0.055023547,-0.002923403,-1.9331126,-0.21507984,-0.06758782,-0.032018825,0.07486473,-0.27796978,-0.07511981,-0.2676719,-0.09839188,-0.0933686,-1.7299541,-0.037923228,-0.1593875,-0.17012985,-0.027939994,-0.10214757,0.016222877,0.025708849,0.063996166,0.00012594822,0.0857229,-0.14257808,0.11191881,-0.31881154,0.029064445,0.06990312
-0.12623018,0.054507524,-0.1022178,0.2212904,-0.2721686,0.26879674,0.04060558,-0.35960558,0.21427925,-0.23718809,-0.49820325,0.13585287,-0.1208094,-1.4347422,0.064185135,-0.40174288,-0.18200597,-0.011114033,-0.15236449,0.015839176,-0.2128856,0.057202607,0.013417054,0.12805526,-0.23345567,0.11833935,-0.45915824,0.009246993,-0.11713981
-0.078443244,-0.2763807,0.095387265,0.26166528,-0.09541395,0.94623315,0.00694187,0.19062455,-0.26621056,-0.25646216,0.18049678,-0.0930148,-0.1660917,0.5438335,0.031906698,-0.20211184,0.055435777,-0.004400083,-0.32770687,0.03896766,0.053594597,0.10853903,-0.1542257,0.07770861,-0.056008857,0.09902803,-0.109559946,0.03783029,0.14872922
-0.31435025,-0.0034060345,-0.012047767,0.25124934,-0.36213204,-0.073683284,-0.021493513,0.122252814,0.116875835,0.14864986,0.13276727,0.056124024,0.03460744,0.5242269,-0.063329086,-0.12260356,-0.5516727,0.014373055,0.20285903,0.03208137,0.05859499,-0.40461475,0.10921962,0.11654576,-0.22226371,-0.19524942,-0.46927813,-0.0043077464,-0.25826046
0.09515411,0.032837782,-0.08374414,-1.8768013,-0.21186343,-0.092014484,0.037870206,0.09186681,-0.2522323,0.018032743,0.05348589,0.06495348,0.11154926,0.5298307,0.005479098,-0.20434716,-0.28334302,-0.02402205,-0.18177052,0.028244304,0.0782709,0.036944613,0.1653283,-0.44811863,-0.17280917,0.13962673,0.16496384,0.008947237,0.103107475
-0.13052996,0.073393226,0.093237,0.22948149,-0.311956,-0.079663925,0.00026702636,-0.2989139,-0.30097616,-0.22368263,-0.39510065,-0.086182535,-0.13098043,-1.677807,0.1433316,-0.24414636,-0.07537955,-0.029035486,-0.16263206,0.016396092,0.02590078,0.0647297,-0.043718226,0.13184692,-0.20021091,0.1329449,-0.39145407,0.027736837,0.09135244
-0.14790644,0.020020919,-0.024177514,0.18918416,0.12724411,-0.06829807,-0.018498871,-0.81866026,0.13236499,0.13435198,0.14942025,-0.05235808,0.080076315,0.6361522,-0.17230786,0.4422901,-0.049663693,0.00761184,0.17284307,0.052496184,0.027413525,0.05065432,-0.1522968,0.09066676,0.051190145,0.06618853,0.2416337,0.035336487,0.09202571
-0.14105947,0.011189914,0.0963837,0.2719385,0.12257246,-0.084764324,0.0023908094,-0.7535982,0.14492731,0.1519774,0.16506095,0.02321587,-0.15358464,0.5926864,0.027077377,0.24221618,-0.019211592,0.0056489324,0.21128957,0.044525623,0.04421002,0.045429166,-0.17527252,0.07088451,-0.0590027,0.10211228,0.1892729,0.008739352,0.09158787
-0.028793728,0.17737855,-0.0016023357,0.41161504,0.10320913,-0.027115632,-0.026742937,0.15865695,-0.24714257,-0.14378251,-0.41514817,-0.04411698,-0.03282927,-1.0971639,-0.04472931,1.2464225,0.36202946,0.026950257,0.14102268,0.020576434,-0.05651151,0.079026714,0.059236545,0.1283726,0.5329658,0.14119802,-0.31628886,-0.00631859,-0.075076595
-0.0739159,0.01601385,-0.0459857,0.27637503,-0.28821254,0.12694098,0.045014612,-0.5216464,-0.007170416,0.1270886,-0.48757794,0.029206764,0.076531075,-0.68907565,0.019574499,-0.55204254,-0.37966594,-0.0014636677,-0.17786567,0.018331205,0.08001453,0.06703944,0.110588595,-0.82056135,-0.005700972,-0.18666972,-0.6690942,0.007787262,0.12978335
-0.090302825,0.00376716,-0.03943436,-1.8264514,-0.63508314,-0.06349268,-0.09955179,0.06149201,0.03000952,0.036801923,0.052765314,0.025217166,0.0404293,-1.7825,-0.004219424,-0.70585185,-0.38552943,0.0155563,-0.13850378,-0.10528351,0.041475195,0.052528806,0.10071185,-0.52664477,-0.21832424,-0.17006047,-0.47986287,0.009249379,0.1258809
-0.16269998,0.036526483,-0.003105472,0.2353943,-0.3860976,0.41174603,0.02290296,0.066672154,0.08136163,0.128555,0.12574024,-0.08131419,0.07622507,-2.2630684,-0.08171109,-0.5142704,-0.4607043,0.0026152646,-0.20146061,0.026573103,0.033126306,-0.4939756,0.08342765,0.0936647,-0.12709408,-0.12093634,-0.16930804,0.0043308474,-0.13613728
-0.0058491966,0.0708403,0.051588107,0.32040194,-1.285575,-0.04486389,-0.039801948,0.21588127,-0.31860366,-0.17707387,0.17684865,-0.051523603,-0.058128994,-1.9466422,0.0074651996,0.9588972,0.06148572,0.026332987,0.12802543,0.023205651,-0.103856474,0.074323945,0.07600181,0.09986274,-0.023549259,0.08143282,-0.29135066,-0.0042616613,-0.110841595
0.11321374,0.040886536,0.084825404,0.3036809,-0.05609661,-0.059318505,-0.048083443,0.1056098,0.12970102,-0.2035506,0.12376426,-0.07639256,0.10838789,0.629015,-0.09670674,0.31550726,0.048945498,0.012982452,0.22332451,0.0550088,0.060274553,0.07689416,-0.12619151,0.09492267,-0.17001885,0.09414606,-0.019023959,0.017718816,0.13622142
-0.24676716,0.048238724,-0.025435913,0.19191499,0.071737,-0.042590007,-0.01951156,-0.40371016,-0.467897,-0.2943558,-0.5788434,-0.09279748,0.1101057,0.42944804,0.012851893,1.1670996,-0.020911796,0.019019047,0.23472048,0.03180528,-0.30997893,0.054798093,0.109166056,0.089883186,0.059994064,0.09389556,-0.07530163,0.013250553,-0.26644552
0.10471046,0.034579203,-0.005658959,0.30619067,-0.3129973,-0.022129105,-0.03726151,-0.4975759,-0.25977802,-0.24856105,-0.36416245,-0.07954588,-0.040812634,-1.6018583,-0.015433632,0.9333266,-0.2905621,0.02786823,0.121542186,0.01537021,0.0062334575,0.05012397,0.105810925,-0.53903943,0.17715415,0.053483017,-0.103644155,-0.0016466257,0.060843438
-0.14614107,-0.0031848366,-0.13277182,-2.3144138,-0.28870595,-0.04556018,-0.02526032,-0.2148648,-0.08855433,0.2327082,-0.33299863,-0.07669312,-0.0035043801,0.4638697,-0.033189967,0.66466856,-0.17499386,0.0055635036,0.10744771,0.016065141,0.05648523,-0.22571824,0.11915621,0.09125867,0.15089102,0.21557383,-0.13619633,0.008878446,-0.21805373
-0.32130218,0.054289315,0.0035465786,0.18710597,-0.43628055,-0.1115062,-0.016875,0.13205223,0.061798617,-0.3958297,-0.43392965,0.11083883,0.0984832,0.41425672,0.058407497,-0.28804168,0.06959959,0.009176742,-0.27416325,0.040998753,0.06273547,-0.40972936,0.123797394,0.097041816,-0.118019775,0.03464634,0.013619789,0.006042825,-0.24797712
0.12529084,-0.24878074,0.045411695,0.32237422,-0.23846258,-0.07770079,-0.08925464,0.19354129,0.17797358,-0.21422803,0.13227035,0.12534411,-0.12714173,0.56516933,0.008782134,0.11259716,-0.25382933,0.014395621,0.27429333,0.03510834,0.038877565,0.08090973,-0.10893676,0.049155146,-0.057385366,0.07239047,-0.1777951,0.06457397,0.14534071
-0.098844856,0.0311886,0.045428313,0.23469865,-0.25326324,-0.059629295,0.05645651,0.11181662,0.110202335,0.057428163,0.086598374,0.034730032,0.046075482,-2.0200064,-0.013429532,-0.5395663,-0.23709443,0.019447584,-0.29541552,-0.14288405,0.028659208,0.102674425,0.123590305,-0.36058748,-0.22572128,-0.15368667,-0.45740473,0.0076171267,0.16640474
0.017202863,0.041072,-0.10170635,-2.9473622,-0.48498338,-0.030843971,-0.048843704,0.060088105,-0.12839262,0.21809268,-0.48429033,-0.100150995,0.025134608,-1.0308987,-0.026638322,0.6624876,-0.2389233,0.008371275,0.08560439,0.01659487,0.06852331,-0.15720072,0.12057826,0.094940424,0.31735623,0.16625158,-0.3190919,0.0044237203,-0.12536182
-0.114889495,0.009444097,-0.12923674,-2.769048,-0.29798758,-0.07910934,-0.0393817,0.06442685,0.1220317,0.112690724,0.122040905,0.03792317,-0.017180713,0.4944039,-0.010476587,0.09074407,-0.33718932,0.0033129572,0.13270092,0.02394413,-0.1682891,0.061413873,0.10570762,0.11034836,-0.13967484,0.022521915,-0.33986276,0.01394775,-0.18739022
0.13850373,0.012450267,-0.0036692615,0.20723036,-0.009402001,-0.12601665,-0.07520322,-0.72614205,0.118983746,0.12879333,0.06988093,0.034608096,0.07777331,0.53211486,0.026897354,-0.33579442,0.1265479,-0.004449166,-0.23648576,0.04221858,0.07681324,0.020552805,0.18448427,-0.69530034,-0.14452098,-0.013092657,-0.015014158,0.0050811167,0.1122216
-0.09010588,0.037001662,-0.047736503,0.2048002,-0.24125734,0.7433376,0.014726293,-0.43193397,-0.25286797,0.1523957,0.17699045,0.03358189,-0.15156673,0.5496821,0.056063537,-0.537726,-0.02095774,-0.007780346,-0.21262075,0.02574228,-0.29382077,0.06143866,0.22110982,0.1051151,-0.17410092,-0.021947827,-0.118805885,0.0059535285,-0.2216465
0.14467338,0.038355324,0.011935819,0.2476862,0.16548432,-0.05031772,-0.02834896,0.104251996,0.15938607,-0.37706736,0.13170071,-0.10340528,-0.14062017,0.5642034,0.012040585,0.53754675,0.14441796,0.01621129,0.21973395,0.047469374,0.047280286,-0.36900926,0.17469022,0.04181652,-0.07664319,0.086748384,-0.03883833,-0.020469565,-0.28917187
0.021123,0.03356996,-0.056774482,-1.9380199,-0.8826725,-0.02649479,-0.011723217,-0.31882668,-0.19947661,-0.2237308,-0.22735345,-0.084689595,-0.037462674,-1.8921188,-0.058744784,0.48538727,-0.19114645,0.0148229,0.04041969,0.013466543,0.0053948076,-0.24102677,0.05776413,0.079944015,0.115864605,0.13722886,-0.32778686,0.0041615176,-0.065105185
0.13303664,0.02996787,0.013999333,0.1633745,0.5404851,-0.0688201,0.045870386,0.15246989,0.14167103,0.027599955,-0.5170207,0.06377875,0.089560255,0.65256596,0.0715035,-0.28464517,-0.04561265,0.0042067096,-0.18625338,0.09173079,0.041584957,0.036922682,-0.08612966,0.085086845,0.061678868,-0.13057327,0.22618988,0.0067825005,0.09680373
-0.22742997,0.03939399,0.017531877,0.23112606,-0.3756649,-0.039055567,0.0036148618,0.09129578,0.1447923,-0.33376083,-0.80251795,-0.1416212,0.07765946,0.5032484,0.034935378,0.6740679,-0.024832817,0.011070227,0.21670462,0.029600823,0.052190106,-0.50874263,0.06660689,0.1000563,-0.31110007,0.07384759,-0.06601882,0.0020214384,-0.30063578
-0.2573285,0.060278565,0.04462819,0.21732186,-0.0049301973,-0.044484552,0.0054236124,-0.20728004,-0.2650857,-0.13784626,-0.21817523,0.1347773,0.1317753,-1.6072018,0.20182185,-0.28004855,-0.17350659,-0.010981361,-0.12343712,0.015889011,0.064437225,-0.23925501,0.06645151,0.12578389,-0.11719094,0.15448405,-0.41894862,0.0046864697,-0.080990866
0.13919342,0.032564208,-0.014647419,0.1840333,-0.1816499,-0.08459109,0.012910223,0.12263351,0.14064421,0.0640317,0.07655989,0.022869388,0.062291596,0.6077536,0.022759005,-0.6946964,-0.05118401,0.00072309875,-0.39173767,-0.31197548,-0.13359447,0.109785125,0.14983907,0.061729882,-0.2166576,-0.09423759,0.14095107,0.0061005643,-0.19345678
0.07061288,0.009887268,-0.002493595,0.14200781,0.5953043,-0.09094053,0.034535214,-0.87360036,0.12715808,0.05989889,0.09631264,0.0415055,0.04359588,0.64779854,0.1540545,-0.22313672,-0.09322635,-0.024200624,-0.20858087,0.05753302,-0.2517442,0.03803918,0.06651932,0.10591771,-0.06911767,-0.09992026,0.17576061,0.0052485447,-0.17876385
-0.14851044,0.0050212955,-0.008730376,0.23972642,-0.52241623,-0.07096159,0.015626477,0.13205256,0.10845857,0.10006414,0.1622222,0.01740614,0.037889414,0.5608259,-0.11537858,0.055405945,-0.03141882,0.014869933,0.2127798,0.036461417,0.05697064,0.04663789,0.15370175,-0.93157953,-0.18079726,-0.124433346,-0.06603897,0.00842917,0.11711107
0.23388547,-0.20931315,0.015400909,0.3126178,-0.19423132,-0.0679508,-0.14876062,0.100901484,0.113773145,-0.2964965,-0.2465077,0.17771055,-0.23446128,-0.6257578,-0.035496913,-0.4588236,0.0913931,0.002640498,-0.18028033,0.024872001,0.120874934,-0.24502453,0.16501072,0.054889157,-0.16177122,0.19623569,-0.11311321,0.028556203,-0.1543856
0.14740548,0.010469107,0.020211516,0.21176703,0.27727142,-0.048370175,-0.008798438,0.17114055,0.166004,0.14702506,0.08001397,0.05495721,0.037254594,0.72585297,-0.0683321,0.08233882,-0.08418677,0.006082317,0.1773941,0.07044535,0.031436965,-0.2659022,0.15026267,0.12408408,-0.12128288,-0.07930963,0.21041162,0.003220609,-0.12571089
0.17473063,0.030202411,-0.0042953305,-2.4651768,-0.085162,-0.09556504,0.040005833,0.057411067,0.082773946,-0.25953996,0.057252817,0.13269015,-0.24996337,-1.0771117,0.08190167,-0.089952074,0.03700627,0.02084909,-0.110261954,0.018457927,0.086797036,-0.3039752,0.12937385,0.0844504,-0.08933763,-0.04159879,-0.40518093,0.011540469,-0.1118409
-0.101686575,0.026260594,-0.0099439835,0.14635964,-0.039632924,-0.081248954,0.01644257,0.108847775,0.061817598,0.040215448,0.09337521,0.039198063,0.07116547,0.5655465,0.032538157,-0.8113766,-0.043729182,-0.03735096,-0.39375037,-0.59063905,0.022094687,0.114005566,-0.12928012,0.073127806,-0.037263293,-0.08578057,0.16928025,0.006857085,0.109084845
0.10597821,0.023851594,-0.012481657,-1.7662916,0.009620156,-0.049870625,-0.007838543,0.06005825,0.073215745,0.057536546,0.04500776,0.05987762,0.048878938,-1.1045755,-0.04660758,-0.82210165,-0.21013762,0.00071868283,-0.11267236,-0.1819265,0.047958396,-0.4957261,0.12305724,0.10015864,-0.2698645,-0.16435575,0.012542362,0.0078001376,-0.09045847
0.0881026,0.020104282,-0.030827219,0.2578493,-0.31506044,-0.06541259,-0.027216207,-0.6463323,0.16023831,0.15677974,0.17852904,-0.084559426,0.058740996,0.58489496,0.003818618,0.059610914,0.017659474,0.022316726,0.21385604,0.03009543,-0.26483616,0.05574303,0.12469685,0.13893697,-0.12255289,0.087083295,-0.03149436,0.033166874,-0.24100702
-0.120241694,0.028561749,-0.065403394,0.37647116,-0.17862044,-0.057082653,-0.10410598,0.15402174,-0.2549457,0.12730518,0.13489367,-0.057661567,-0.115916975,-0.97528505,-0.15367834,0.7247605,0.16309254,0.023000522,0.18095626,0.02538758,0.072378844,0.06247505,-0.13451497,0.05824671,-0.035108987,0.09219039,-0.13899021,0.00376643,0.13073473
0.117012314,0.03454813,0.059720274,0.29173952,-0.25716415,0.17351103,0.03946304,-0.411386,0.0055462494,0.14421952,-0.34374884,0.06401727,0.08412183,-0.91374165,-0.0148096485,-0.5592348,-0.43652734,0.00563412,-0.1777901,0.021412153,0.10807707,-0.37499306,0.12352927,0.13460441,-0.03783411,-0.17832963,-0.552009,0.005346518,-0.12710603
-0.06986529,0.040599678,0.049616113,0.23364796,0.22991507,-0.07377702,0.054488752,0.08450069,0.1059467,0.08448471,0.10126553,0.0296174,0.06351931,-1.957079,0.050848868,-0.6957281,0.056750968,0.021476278,-0.24136741,-0.12854224,-0.13186808,0.11663842,0.11516382,0.1089232,-0.19870435,-0.07696771,-0.38035795,0.0055928505,-0.14184022
0.049574193,-0.105105616,0.008149338,0.20679444,0.68967766,-0.07151002,-0.014465945,0.123141445,0.12406354,0.051559437,0.15530907,0.029927138,0.097251676,0.74883306,0.06081092,-0.0013039354,-0.008239478,0.0080738,0.17181307,0.07116721,0.0181788,0.04478745,-0.10843145,0.07223361,0.22585116,-0.08048874,0.22295463,0.016622517,0.10749138
-0.18007773,0.040869966,0.004359206,-2.0895727,-0.19833896,-0.043911885,-0.0028727334,-0.28707963,0.09444891,-0.1696005,0.047503203,0.107543305,0.053529896,-1.7075592,0.14031954,-0.12695894,-0.10636768,0.013179398,0.024036784,0.01236513,0.049595572,-0.34174776,0.034921307,0.10362186,-0.20560841,-0.02612853,-0.3249703,0.004908001,-0.086605266
-0.09057093,-0.071402945,0.035164136,0.3506539,-1.1698153,-0.047582373,-0.043411665,0.2134068,-0.21290818,0.26189384,0.13721095,-0.09374682,-0.033263735,-1.061113,-0.0015552042,0.5092675,-0.30684036,0.00804846,0.10777406,0.023557033,0.06683794,-0.26061818,0.1379275,0.07788289,-0.033984505,0.10038437,-0.30276656,0.016088104,-0.17335643
-0.1024129,0.021116704,0.021259151,0.23205936,0.27783033,-0.05569559,0.047439653,0.10756634,0.13697444,0.09217305,0.07287227,0.040301893,0.07381999,-1.9591796,-0.0077263587,-0.6970169,0.033541277,0.015678171,-0.2727006,-0.13408116,0.0274645,0.10403614,0.13453576,-0.5712809,-0.15261371,-0.10999954,-0.5228205,0.0067718755,0.14993499
-0.12084669,0.029716613,-0.04016756,0.19827028,0.064798854,-0.09044739,0.014474323,0.12779133,0.09041142,0.045114756,0.08726186,0.041935302,0.06314583,0.6060431,0.046739284,-0.62696284,-0.11773671,-0.019953655,-0.43145287,-0.4428958,0.044159934,0.09426105,0.16352081,-0.5430742,-0.15331468,-0.092708945,0.15584765,0.006330248,0.13886805
0.06654655,0.029815884,0.011694237,-1.8201157,-0.21128169,-0.041115955,-0.041135166,-0.16670972,-0.2119507,-0.10302335,-0.16405867,-0.058875073,0.06370214,-1.765411,0.16063114,-0.040679436,-0.14554642,-0.010854674,-0.07276457,0.011946185,-0.2892447,0.049960975,0.037612192,0.09894841,-0.17705399,0.18958324,-0.2855293,0.009473557,-0.07402116
0.07173199,0.054639827,-0.048330203,0.31321838,-0.38521576,-0.10790911,-0.069856964,0.120727785,0.115541086,-0.20218238,0.05530734,0.06496914,0.13173497,-0.9488126,-0.097061455,-0.31860363,-0.3171214,-0.008879985,-0.26023775,0.028979883,0.0734939,0.038662374,-0.18430603,0.09561879,-0.053967923,0.019657688,-0.20415573,0.010401292,0.11998522
-0.12220394,0.06498905,0.003476082,0.40712333,0.03431085,-0.0278503,-0.07927099,-0.34121343,-0.07722594,0.3275349,-0.25784963,-0.09633628,-0.021798225,-0.40984404,0.068002455,1.0148762,-0.048758768,0.014386311,0.102850504,0.016399173,0.08131266,-0.26541537,0.11758598,0.14497657,0.21117823,0.26700026,-0.32715526,0.018597811,-0.12887262
-0.12621103,-0.19777569,0.012709775,0.21615036,-0.34396172,0.632435,-0.028466277,0.08562403,-0.098263636,-0.28419358,0.15574649,0.043291923,0.06568417,0.5929426,0.10331457,-0.34678948,-0.22644538,0.0027435287,-0.27713332,0.050136793,0.0846483,-0.33083925,0.10367563,0.12465968,0.21881686,-0.0741699,0.020921918,0.009418732,-0.27417287
-0.11457531,0.008882998,-0.030318782,0.23855977,-0.2667069,-0.062150557,-0.02813744,-0.70327836,0.1537907,0.17809245,0.15533346,-0.06544776,-0.11651068,0.5898161,0.032664075,0.70617324,0.068343475,0.022207532,0.26643398,0.02818943,-0.18683648,0.074560605,0.1325023,0.11787734,-0.060481176,0.054238316,-0.24350113,0.010683885,-0.23223083
0.06381136,0.067206375,0.022936419,0.27685246,-0.34188384,-0.07617248,-0.006830717,0.10792395,-0.3493537,0.107820794,0.14523003,0.069119394,0.08475858,0.59858257,0.0418032,-0.10854738,-0.085447066,0.026865022,0.2347896,0.030495977,-0.4939361,0.048819415,0.11744581,0.12685744,-0.15727705,-0.1260091,-0.06480185,0.0068992428,-0.23474196
-0.14064904,-0.118652664,0.017694872,0.22223894,-0.104730874,-0.0707597,0.014728431,0.06964943,0.04946582,0.087972246,0.05585752,0.036561985,0.054355025,-1.0230916,-0.013491321,-1.0209816,-0.4960754,-0.013698141,-0.2334036,-0.31600815,0.04597282,-0.6926202,0.12669583,0.0469695,-0.48236814,-0.16780384,0.14184305,0.007254449,-0.15396968
0.06122393,0.042389218,0.09813267,0.36649463,-0.09772641,-0.04922451,0.03640956,-0.6105337,-0.20336054,-0.20874086,0.11013566,-0.1239684,0.1568785,-0.80622685,-0.048216224,0.22219406,-0.24364716,0.022138774,0.14348237,0.017368052,0.068067126,0.07904633,-0.112224184,0.1367223,-0.19103372,0.096075855,-0.37386718,-0.05135196,0.13207139
-0.16047294,0.0011238636,-0.044356566,-1.606018,0.8317209,-0.047554493,0.038126163,0.098611504,0.062430542,0.013107338,0.0691812,0.028249722,0.025723068,0.64742815,0.07347699,-0.7818953,-0.067507885,0.017377775,-0.20452636,-0.17675182,0.018388692,0.075592004,0.1279166,-0.50604177,0.13972756,-0.05464646,0.1741389,0.0064371475,0.09959749
-0.07997803,0.04027208,0.426873,-1.6823926,0.47035944,-0.085015,-0.005197708,0.11015927,0.092718765,0.046381865,0.105425306,0.06458125,0.09093788,0.7073679,0.060263444,-0.19466253,0.1413415,0.027819978,0.117487445,0.05877237,0.01449957,0.04970018,-0.032282285,0.09588731,-0.09542376,-0.07224443,0.21365416,0.0053325477,0.09872966
-0.10292231,-0.22430895,0.04132569,0.36392173,-0.12964189,-0.06910999,-0.031821523,0.17919002,-0.27839473,-0.30940104,0.10694884,-0.10224746,-0.06549508,-1.0786508,0.015538818,0.5363502,-0.2607584,0.019624464,0.19787253,0.021989016,-0.3241129,0.08383277,0.10809646,0.05815696,-0.009909399,0.045665152,-0.15170623,-0.011709926,-0.1811713
0.042908404,0.015697418,0.28646004,-1.6553111,-0.4733656,-0.077747926,0.006338627,0.045839828,0.04331268,0.024855591,0.07358807,0.028488753,0.08483538,0.5351299,0.028535737,-0.8108489,-0.20992602,0.007627582,-0.24168465,-0.26072884,0.039745994,0.058560416,-0.056791704,0.14526597,-0.32361606,-0.11341793,0.003028318,0.0070744962,0.08668977
-0.05662787,0.13802782,0.039695535,0.3610962,0.15628183,-0.0284833,0.0016510676,-0.52602994,-0.25866908,-0.1442585,-0.40721565,-0.059492897,-0.07749187,-1.4715166,-0.096121006,0.9463627,-0.047124207,0.030412285,0.11613443,0.016344078,-0.011197771,0.065386534,-0.08889272,0.13238616,0.19526885,0.048080727,-0.33399493,-0.0028721483,0.04697273
0.036190275,0.02748311,-0.059504405,-1.8803511,-0.6529175,-0.06999441,-0.068264425,0.060817458,0.0788982,0.049591202,0.06519752,0.035736687,0.029864375,-1.8355781,-0.041322347,-0.7091687,-0.39611843,0.021440202,-0.14765584,-0.10995529,-0.19032183,0.033865232,0.06272467,0.09815233,-0.14573355,-0.14075927,-0.34446844,0.00791573,-0.1068003
0.033013113,0.028816503,-0.18058291,-2.304442,0.31664145,0.38798615,0.003995454,0.068205714,-0.307223,-0.0037644238,0.08035167,0.057273902,0.07823637,0.58467466,0.10962178,-0.30048326,-0.04760614,-0.052415594,-0.14563787,0.053964164,0.03218479,0.046899963,0.017703464,0.10311071,-0.06188318,-0.1299763,0.15560326,0.008800154,0.081260376
-0.11298493,0.03223377,-0.07099454,0.1746195,-0.9004107,0.2468778,0.04794904,-0.509111,-0.2570632,-0.2476546,-0.4590559,-0.091288716,-0.05835197,-1.7840585,-0.032086097,-0.35613734,-0.241221,-0.026232231,-0.10031016,0.014239621,-0.18530284,0.05953437,0.059357293,0.09685952,-0.32510608,0.035201777,-0.45899373,0.0077691395,-0.1000509
0.032865267,0.0396599,0.07086482,0.26573068,-1.2823068,-0.037938002,-0.051817827,-0.5265009,-0.18455221,-0.13870074,0.11363081,-0.08128839,0.13822113,-1.9421268,0.06292827,0.46449247,-0.10007078,0.027024368,0.06655388,0.015791558,-0.20247538,0.06828648,0.043555483,0.110512115,-0.20267372,0.08073703,-0.34603053,0.0042168316,-0.12121165
-0.09278936,0.03144051,-0.014370278,0.27069712,-0.35791105,-0.07560406,0.041024372,0.1506638,0.05024796,0.07828141,0.053571932,0.036000926,0.078612626,-0.88770735,0.018039228,-0.70489657,-0.08339689,0.01661054,-0.31676492,-0.1464549,0.049988154,0.11548066,0.15170082,-0.5281626,-0.40684804,-0.19700627,-0.11874724,0.0068303007,0.15131094
0.06996801,0.034970812,0.04160783,0.31146255,-0.25721055,-0.06786992,-0.024611741,0.13090368,0.13399467,0.09863694,0.15381601,-0.09797841,0.13670243,0.63994235,0.032454737,0.22454967,-0.015426913,0.012058711,0.26029053,0.045928035,0.059548505,0.06536953,-0.12409233,0.13325946,-0.19042437,0.012351536,-0.006592906,0.0076392572,0.119673155
-0.1513381,0.006704722,0.0070668743,0.17306148,0.019445214,-0.059380606,0.047188956,0.15837911,0.08798234,0.044018794,0.09520469,0.02675629,0.016899163,0.57226074,-0.12394725,-0.5896918,-0.25090045,-0.009743528,-0.4063826,-0.40433013,0.031237718,0.08827934,0.18296263,-0.68335384,-0.1151634,-0.070732705,0.16399382,0.0073695867,0.10322433
